{"type":"FeatureCollection","features":[{"type":"Feature","id":"ABW","properties":{"name":"Aruba"},"geometry":{"type":"Polygon","coordinates":[[[-69.9,12.451],[-69.8965,12.4235],[-69.9435,12.439],[-70.0045,12.5],[-70.0655,12.5465],[-70.0515,12.597],[-70.037,12.6145],[-69.972,12.5675],[-69.911,12.481],[-69.9,12.451]]]}},{"type":"Feature","geometry":{"type":"Polygon","coordinates":[[[66.5235,37.349],[66.1095,37.415],[65.7635,37.5695],[65.555,37.252],[65.0905,37.238],[64.817,37.132],[64.511,36.3405],[63.863,36.0125],[63.107,35.818],[63.0565,35.4465],[62.689,35.2555],[62.3075,35.1705],[61.937,35.448],[61.5445,35.4585],[61.2635,35.62],[61.1485,35.094],[60.9505,34.653],[60.7345,34.4915],[60.889,34.3195],[60.6445,34.3075],[60.486,34.094],[60.511,33.639],[60.918,33.5055],[60.5615,33.1375],[60.828,32.2485],[60.792,31.66],[60.853,31.483],[61.6595,31.3825],[61.8145,31.0735],[61.7855,30.832],[60.8425,29.858],[62.477,29.4085],[63.5675,29.499],[64.1005,29.391],[64.5215,29.565],[65.094,29.5595],[66.1775,29.8355],[66.3075,30.3215],[66.2855,30.608],[66.3975,30.912],[66.923,31.306],[67.2865,31.2175],[67.7365,31.344],[67.578,31.5075],[68.1615,31.8025],[68.597,31.8025],[68.8705,31.634],[69.281,31.936],[69.2415,32.4345],[69.407,32.6825],[69.5005,33.0195],[69.9215,33.113],[70.26,33.2885],[70.134,33.62],[69.8675,33.898],[69.9935,34.0525],[70.415,33.95],[71.052,34.049],[71.0955,34.37],[70.9655,34.5295],[71.621,35.1825],[71.5705,35.547],[71.3435,35.9395],[71.1855,36.042],[71.621,36.436],[71.772,36.4325],[72.1575,36.7015],[72.6215,36.83],[73.77,36.889],[74.0005,36.823],[74.5405,37.0225],[74.3715,37.158],[74.7275,37.29],[74.8895,37.231],[74.6595,37.394],[74.2595,37.415],[73.7485,37.231],[73.7195,37.4185],[73.482,37.4725],[72.8955,37.2675],[72.6575,37.0295],[72.359,36.9825],[71.801,36.6945],[71.5955,36.7325],[71.4335,37.127],[71.5525,37.9325],[71.3185,37.901],[71.2575,38.3075],[70.8795,38.4565],[70.6165,38.335],[70.2135,37.9235],[70.253,37.665],[69.4935,37.554],[69.414,37.2085],[69.2665,37.1075],[68.9605,37.3245],[68.669,37.2585],[68.0675,36.9495],[67.758,37.172],[67.319,37.21],[67.0705,37.335],[66.5235,37.349]]]},"properties":{"name":"Afghanistan"},"id":"AFG"},{"type":"Feature","geometry":{"type":"MultiPolygon","coordinates":[[[[13.0735,-4.6345],[12.8825,-4.4455],[12.386,-4.619],[12.0185,-5.0045],[12.177,-5.3255],[12.213,-5.7595],[12.5045,-5.695],[12.5225,-5.1485],[12.4505,-5.072],[12.8285,-4.737],[13.0735,-4.6345]]],[[[23.967,-10.872],[23.834,-11.0145],[23.3985,-10.976],[23.157,-11.075],[22.5595,-11.056],[22.279,-11.195],[22.178,-10.893],[22.3075,-10.6915],[22.304,-10.3965],[22.196,-10.0405],[21.8145,-9.4695],[21.9045,-8.6935],[21.897,-8.341],[21.7785,-7.865],[21.843,-7.421],[21.7495,-7.306],[20.6085,-7.2785],[20.4825,-6.9155],[19.6615,-7.037],[19.5285,-7.145],[19.4815,-7.473],[19.37,-7.655],[19.341,-7.966],[18.8985,-7.999],[18.6535,-7.9365],[17.912,-8.0685],[17.5375,-8.0755],[17.156,-7.4605],[16.983,-7.2575],[16.9185,-6.9345],[16.742,-6.619],[16.699,-6.164],[16.537,-5.966],[16.3135,-5.8655],[14.3985,-5.893],[13.977,-5.8565],[13.07,-5.8655],[12.789,-6.004],[12.303,-6.0925],[12.5225,-6.591],[12.825,-6.9555],[12.861,-7.2315],[13.3795,-8.3705],[13.358,-8.688],[12.998,-9.0475],[13.1565,-9.3895],[13.2105,-9.7035],[13.538,-10.4205],[13.7215,-10.634],[13.8475,-11.054],[13.7865,-11.813],[13.6855,-12.1235],[13.4155,-12.521],[12.9835,-12.7765],[12.897,-13.028],[12.5515,-13.438],[12.3785,-14.0385],[12.2815,-14.6375],[11.9685,-15.634],[11.7525,-15.8315],[11.7955,-15.986],[11.8205,-16.5035],[11.8205,-16.705],[11.7415,-17.25],[12.015,-17.1685],[12.548,-17.212],[13.1025,-16.967],[13.4045,-17.007],[13.9375,-17.389],[15.7665,-17.389],[16.915,-17.3905],[18.398,-17.3995],[18.7185,-17.703],[18.956,-17.804],[19.9135,-17.882],[20.3925,-17.887],[20.745,-18.019],[21.1125,-17.9565],[21.4185,-18],[23.3805,-17.6405],[22.304,-16.6895],[22.149,-16.5975],[22.041,-16.2625],[21.98,-15.955],[21.98,-14.12],[21.98,-13.0005],[23.9635,-12.988],[23.881,-12.799],[23.9925,-12.422],[23.971,-11.636],[24.0465,-11.405],[23.967,-10.872]]]]},"properties":{"name":"Angola"},"id":"AGO"},{"type":"Feature","id":"AIA","properties":{"name":"Anguilla"},"geometry":{"type":"Polygon","coordinates":[[[-63.0025,18.2215],[-63.161,18.1715],[-63.1535,18.201],[-63.0275,18.2705],[-62.981,18.265],[-63.0025,18.2215]]]}},{"type":"Feature","id":"ALA","properties":{"name":"Åland Islands"},"geometry":{"type":"MultiPolygon","coordinates":[[[[19.989,60.351],[20.0215,60.351],[20.0325,60.3595],[20.0865,60.353],[20.169,60.3145],[20.1835,60.294],[20.241,60.2835],[20.259,60.261],[20.1945,60.193],[20.155,60.193],[20.126,60.2],[20.072,60.193],[20.043,60.181],[20.0325,60.153],[20.0325,60.094],[19.7985,60.082],[19.7445,60.0995],[19.6725,60.233],[19.687,60.2675],[19.737,60.2815],[19.7805,60.285],[19.784,60.214],[19.849,60.221],[19.867,60.2675],[19.8705,60.3025],[19.856,60.318],[19.813,60.332],[19.7875,60.3545],[19.8235,60.391],[19.8885,60.4065],[19.946,60.358],[19.989,60.351]]],[[[19.6615,60.188],[19.669,60.1655],[19.629,60.1705],[19.6005,60.1635],[19.579,60.136],[19.5355,60.1445],[19.5175,60.1845],[19.55,60.2435],[19.629,60.247],[19.6615,60.188]]],[[[20.612,60.0405],[20.605,60.0175],[20.522,60.0125],[20.486,60.0335],[20.4105,60.03],[20.3995,60.0405],[20.4285,60.061],[20.4895,60.075],[20.569,60.07],[20.612,60.0405]]]]}},{"type":"Feature","id":"ALB","properties":{"name":"Albania"},"geometry":{"type":"Polygon","coordinates":[[[19.341,41.8695],[19.345,41.918],[19.363,41.998],[19.352,42.024],[19.363,42.069],[19.3305,42.13],[19.28,42.1735],[19.3305,42.2495],[19.399,42.342],[19.4635,42.4145],[19.543,42.493],[19.597,42.5655],[19.6545,42.628],[19.705,42.6475],[19.7265,42.635],[19.741,42.6075],[19.737,42.526],[19.755,42.4965],[19.7875,42.4755],[19.8595,42.486],[19.939,42.5065],[20.047,42.55],[20.065,42.5465],[20.1045,42.524],[20.187,42.425],[20.241,42.3385],[20.349,42.309],[20.407,42.276],[20.486,42.2235],[20.522,42.1715],[20.576,42.0135],[20.583,41.918],[20.565,41.873],[20.5545,41.8625],[20.504,41.7065],[20.515,41.6265],[20.515,41.5745],[20.475,41.5535],[20.45,41.5205],[20.493,41.392],[20.486,41.3365],[20.4895,41.2725],[20.569,41.1285],[20.6155,41.083],[20.655,41.0625],[20.709,40.9285],[20.7415,40.906],[20.871,40.918],[20.9325,40.9025],[20.9575,40.8715],[20.965,40.8505],[20.954,40.776],[20.9865,40.7185],[21.0295,40.658],[21.0295,40.623],[21.001,40.564],[20.9505,40.4945],[20.882,40.4685],[20.8065,40.446],[20.7705,40.392],[20.7525,40.335],[20.7165,40.2935],[20.6985,40.2465],[20.666,40.151],[20.659,40.118],[20.605,40.083],[20.5255,40.0695],[20.457,40.066],[20.407,40.05],[20.385,40.017],[20.3385,39.991],[20.3095,39.979],[20.3095,39.9515],[20.3455,39.8905],[20.3815,39.842],[20.3815,39.802],[20.3635,39.7915],[20.306,39.797],[20.295,39.783],[20.288,39.7375],[20.2735,39.7015],[20.2485,39.6785],[20.205,39.6525],[20.1295,39.6615],[20.061,39.6995],[20.0215,39.71],[20,39.71],[19.9965,39.8],[19.964,39.8715],[19.8525,40.0435],[19.485,40.21],[19.399,40.2845],[19.359,40.347],[19.323,40.408],[19.359,40.4095],[19.395,40.394],[19.442,40.375],[19.46,40.406],[19.4385,40.4705],[19.345,40.6215],[19.3375,40.663],[19.3845,40.7915],[19.46,40.934],[19.4565,41.1055],[19.4815,41.236],[19.453,41.321],[19.442,41.425],[19.496,41.5625],[19.5465,41.597],[19.575,41.6405],[19.579,41.788],[19.467,41.8555],[19.341,41.8695]]]}},{"type":"Feature","id":"AND","properties":{"name":"Andorra"},"geometry":{"type":"Polygon","coordinates":[[[1.7045,42.503],[1.6795,42.4965],[1.586,42.4565],[1.5355,42.4425],[1.485,42.434],[1.449,42.437],[1.4275,42.4615],[1.431,42.498],[1.42,42.531],[1.4165,42.5485],[1.4275,42.595],[1.46,42.621],[1.503,42.642],[1.568,42.635],[1.708,42.604],[1.7405,42.576],[1.7405,42.557],[1.7155,42.526],[1.7045,42.503]]]}},{"type":"Feature","geometry":{"type":"Polygon","coordinates":[[[56.299,25.65],[56.1445,25.69],[56.166,26.0475],[56.0795,26.063],[55.943,25.794],[55.5215,25.4975],[55.097,25.0405],[54.7475,24.81],[54.3985,24.2785],[53.8945,24.0775],[52.6485,24.1555],[52.249,23.9955],[51.907,23.9855],[51.7665,24.2545],[51.5685,24.2855],[51.594,24.079],[52.555,22.933],[53.61,22.805],[55.104,22.621],[55.187,22.704],[55.201,23.034],[55.507,23.725],[55.4675,23.942],[55.986,24.0635],[55.759,24.242],[55.795,24.869],[56.0005,24.954],[56.065,24.7385],[56.389,24.98],[56.364,25.57],[56.299,25.65]]]},"properties":{"name":"United Arab Emirates"},"id":"ARE"},{"type":"Feature","geometry":{"type":"MultiPolygon","coordinates":[[[[-57.6095,-30.1885],[-57.2245,-29.782],[-56.94,-29.595],[-56.4755,-29.093],[-56.227,-28.737],[-55.727,-28.204],[-55.1005,-27.8675],[-54.8305,-27.5495],[-54.3265,-27.423],[-54.157,-27.2545],[-53.8365,-27.121],[-53.671,-26.225],[-53.8905,-25.6695],[-54.1535,-25.524],[-54.445,-25.6245],[-54.6145,-25.576],[-54.679,-26.3085],[-54.8265,-26.652],[-55.1365,-26.9315],[-55.565,-27.1505],[-55.7915,-27.416],[-56.069,-27.3085],[-56.371,-27.5375],[-57.39,-27.43],[-58.1675,-27.2735],[-58.603,-27.3135],[-58.643,-27.1955],[-58.193,-26.6295],[-58.2035,-26.3815],[-57.8905,-26.0065],[-57.7535,-25.6975],[-57.57,-25.534],[-57.822,-25.1365],[-58.135,-24.977],[-58.3655,-24.9595],[-59.1865,-24.562],[-59.892,-24.0935],[-60.504,-23.963],[-61.033,-23.755],[-61.2095,-23.557],[-61.9295,-23.0585],[-62.214,-22.6125],[-62.6495,-22.234],[-62.844,-21.998],[-63.8195,-22.005],[-63.9745,-22.0725],[-64.266,-22.604],[-64.3235,-22.828],[-64.6045,-22.229],[-65.058,-22.102],[-65.771,-22.1005],[-66.221,-21.802],[-66.365,-22.1145],[-66.7105,-22.2165],[-67.1965,-22.821],[-67.0095,-23.0015],[-67.355,-24.0345],[-68.2515,-24.392],[-68.507,-24.63],[-68.561,-24.838],[-68.3845,-25.0915],[-68.6005,-25.4855],[-68.4135,-26.154],[-68.5825,-26.5185],[-68.3195,-26.878],[-68.345,-27.027],[-68.8455,-27.154],[-69.173,-27.9245],[-69.6555,-28.4145],[-69.828,-29.1035],[-70.026,-29.324],[-69.929,-29.7685],[-69.9575,-30.3585],[-70.163,-30.44],[-70.3465,-30.902],[-70.5195,-31.1485],[-70.584,-31.5685],[-70.451,-31.841],[-70.253,-31.9575],[-70.3645,-32.084],[-70.17,-32.4715],[-70.019,-33.2715],[-69.821,-33.284],[-69.893,-33.7315],[-69.8535,-34.2245],[-70.0515,-34.301],[-70.289,-34.7335],[-70.469,-35.3255],[-70.379,-35.7715],[-70.404,-36.0615],[-70.7495,-36.393],[-71.0555,-36.523],[-71.1925,-36.8445],[-71.117,-37.115],[-71.1675,-37.7625],[-71.027,-38.0405],[-70.9515,-38.7385],[-71.4265,-38.985],[-71.4195,-39.287],[-71.538,-39.603],[-71.7215,-39.636],[-71.639,-39.8875],[-71.819,-40.1775],[-71.6965,-40.3355],[-71.9305,-40.6915],[-71.873,-40.8925],[-71.9125,-41.6495],[-71.7615,-42.101],[-72.125,-42.299],[-72.1465,-42.99],[-71.783,-43.167],[-71.9055,-43.4395],[-71.7505,-43.5905],[-71.6785,-43.929],[-71.819,-44.384],[-71.214,-44.441],[-71.261,-44.762],[-71.9555,-44.7915],[-72.042,-44.9045],[-71.5955,-44.979],[-71.3545,-45.231],[-71.5095,-45.512],[-71.747,-45.578],[-71.6315,-45.953],[-71.8765,-46.1595],[-71.7615,-46.3195],[-71.7325,-46.7065],[-71.9415,-46.8315],[-71.9055,-47.2015],[-72.3445,-47.493],[-72.5175,-47.8765],[-72.3265,-48.109],[-72.3555,-48.366],[-72.6075,-48.519],[-72.6145,-48.793],[-72.9815,-48.977],[-73.1365,-49.3],[-73.4605,-49.314],[-73.5755,-49.583],[-73.5,-50.1245],[-73.1545,-50.7375],[-72.51,-50.6075],[-72.341,-50.682],[-72.305,-51.2985],[-72.4095,-51.5415],[-71.9195,-51.989],[-69.9615,-52.0085],[-68.46,-52.2915],[-68.442,-52.357],[-68.3955,-52.307],[-68.9175,-51.715],[-69.36,-51.5585],[-69.0575,-51.5465],[-69.2015,-50.9945],[-68.939,-50.3815],[-68.4205,-50.1575],[-68.669,-49.753],[-68.2585,-50.104],[-67.7835,-49.859],[-67.686,-49.2465],[-67.4665,-48.951],[-67.0345,-48.6285],[-66.3935,-48.342],[-65.8105,-47.941],[-65.933,-47.8265],[-65.7385,-47.3455],[-65.9975,-47.0935],[-66.7755,-47.005],[-67.3875,-46.554],[-67.5635,-46.3455],[-67.5565,-45.9705],[-66.941,-45.257],[-66.5845,-45.1825],[-66.1885,-44.9655],[-65.6375,-45.007],[-65.6485,-44.6615],[-65.3605,-44.4775],[-65.238,-44.0485],[-65.285,-43.6305],[-64.986,-43.2935],[-64.32,-42.969],[-65.0255,-42.759],[-64.651,-42.5315],[-64.3235,-42.573],[-64.129,-42.8615],[-63.6935,-42.8055],[-63.5965,-42.4065],[-63.7945,-42.113],[-64.23,-42.219],[-64.1005,-42.3945],[-64.572,-42.417],[-64.511,-42.271],[-64.8995,-42.1615],[-65.058,-41.9705],[-65.0185,-41.566],[-65.1555,-41.106],[-65.1335,-40.8805],[-64.853,-40.8145],[-64.122,-41.007],[-63.773,-41.1495],[-62.959,-41.1095],[-62.394,-40.891],[-62.2465,-40.674],[-62.394,-40.4585],[-62.286,-39.8945],[-62.131,-39.825],[-62.052,-39.3735],[-62.297,-39.2435],[-62.376,-38.853],[-61.602,-38.9985],[-61.1125,-38.9935],[-59.827,-38.839],[-59.0065,-38.674],[-58.1785,-38.436],[-57.5485,-38.0855],[-57.397,-37.7455],[-57.0875,-37.4465],[-56.6735,-36.8515],[-56.699,-36.426],[-57.264,-36.1445],[-57.354,-35.721],[-57.1595,-35.506],[-57.3035,-35.188],[-57.7645,-34.895],[-58.283,-34.683],[-58.524,-34.296],[-58.391,-34.1935],[-58.5455,-33.664],[-58.423,-33.112],[-58.171,-32.959],[-58.2,-32.4715],[-58.1245,-32.322],[-58.189,-31.9245],[-57.9875,-31.6205],[-58.0525,-31.4955],[-57.811,-30.8585],[-57.8725,-30.591],[-57.6095,-30.1885]]],[[[-68.6545,-54.8535],[-68.219,-54.817],[-66.93,-54.925],[-66.5125,-55.0325],[-65.346,-54.878],[-65.1805,-54.6785],[-65.7455,-54.654],[-66.2355,-54.534],[-67.2935,-54.05],[-68.01,-53.564],[-68.1435,-53.319],[-68.489,-53.2615],[-68.3375,-52.9005],[-68.6295,-52.6525],[-68.6545,-54.8535]]],[[[-64.5505,-54.7165],[-64.637,-54.902],[-63.816,-54.725],[-64.5505,-54.7165]]]]},"properties":{"name":"Argentina"},"id":"ARG"},{"type":"Feature","geometry":{"type":"Polygon","coordinates":[[[44.768,39.703],[45.031,39.7655],[45.456,39.4945],[45.751,39.5625],[45.7655,39.3785],[46.1145,38.8785],[46.489,38.906],[46.3775,39.382],[46.482,39.5555],[46.201,39.5935],[45.5785,39.9775],[45.859,40.012],[45.9635,40.234],[45.571,40.4165],[45.3765,40.6385],[45.589,40.847],[45.0025,41.2915],[44.84,41.2115],[44.228,41.2135],[43.44,41.1075],[43.724,40.7205],[43.5695,40.4825],[43.71,40.1665],[44.005,40.014],[44.2895,40.04],[44.768,39.703]]]},"properties":{"name":"Armenia"},"id":"ARM"},{"type":"Feature","id":"ASM","properties":{"name":"American Samoa"},"geometry":{"type":"Polygon","coordinates":[[[-170.7265,-14.351],[-170.7695,-14.3595],[-170.82,-14.3125],[-170.719,-14.2765],[-170.6905,-14.257],[-170.568,-14.2675],[-170.64,-14.2815],[-170.7265,-14.351]]]}},{"type":"Feature","geometry":{"type":"MultiPolygon","coordinates":[[[[-45.7185,-60.5215],[-45.9385,-60.6205],[-45.229,-60.6395],[-45.7185,-60.5215]]],[[[-45.222,-78.8105],[-45.067,-78.661],[-43.9475,-78.597],[-43.807,-78.286],[-45.5315,-77.8815],[-46.8275,-77.7845],[-49.081,-78.0465],[-50.2185,-78.6055],[-50.7335,-79.2825],[-50.3375,-79.479],[-52.296,-80.142],[-53.394,-80.109],[-54.348,-80.569],[-54.1605,-80.8695],[-49.7725,-80.7845],[-49.189,-80.642],[-43.526,-80.1905],[-43.7565,-80.0205],[-42.99,-79.8015],[-42.9645,-79.477],[-43.7205,-78.819],[-45.222,-78.8105]]],[[[-59.7335,-80.3435],[-59.874,-79.7775],[-60.5795,-79.741],[-61.685,-80.0205],[-61.6345,-80.3435],[-65.9795,-80.385],[-66.185,-80.4425],[-64.2695,-80.748],[-63.143,-80.595],[-62.941,-80.765],[-60.583,-80.9475],[-59.827,-80.734],[-59.7335,-80.3435]]],[[[-70.0515,-69.1895],[-70.4185,-68.7885],[-72.0565,-69.0005],[-72.0815,-69.2675],[-71.7435,-69.422],[-71.8695,-69.8475],[-71.6965,-70.068],[-71.1205,-70.1965],[-70.3285,-70.16],[-69.6195,-70.398],[-70.3285,-70.3615],[-71.0595,-70.5365],[-71.0485,-70.7625],[-69.8315,-70.9135],[-69.918,-71.134],[-70.2675,-70.9655],[-71.1925,-70.9845],[-71.718,-71.1445],[-73.061,-71.127],[-72.2115,-71.335],[-73.6045,-71.351],[-73.547,-71.573],[-74.1875,-71.384],[-74.393,-71.639],[-75.293,-71.6145],[-75.354,-71.8785],[-73.997,-72.17],[-73.536,-72.0225],[-73.6335,-71.835],[-72.9275,-71.922],[-72.258,-71.641],[-71.8155,-71.8215],[-70.8215,-71.9065],[-71.106,-72.047],[-71.898,-72.1215],[-71.412,-72.285],[-70.6415,-72.17],[-70.206,-72.2275],[-70.872,-72.3665],[-72.618,-72.2745],[-73.086,-72.408],[-72.366,-72.67],[-70.5445,-72.665],[-69.209,-72.535],[-68.2405,-71.8215],[-68.3375,-70.856],[-69.09,-70.0905],[-69.4175,-69.5835],[-70.0515,-69.1895]]],[[[-98.092,-71.9135],[-98.614,-71.764],[-99.8345,-72.0455],[-100.0865,-71.837],[-102.1275,-71.986],[-102.2645,-72.1355],[-100.1945,-72.2725],[-98.409,-72.547],[-97.2495,-72.521],[-96.051,-72.5765],[-95.5755,-72.41],[-95.608,-72.068],[-96.7995,-72.259],[-96.1265,-71.896],[-96.868,-71.851],[-97.462,-72.1875],[-97.5845,-71.882],[-97.923,-72.1165],[-98.092,-71.9135]]],[[[-120.556,-73.755],[-123.112,-73.6825],[-123.346,-73.844],[-122.626,-73.9655],[-122.86,-74.342],[-122.288,-74.4025],[-121.064,-74.337],[-120.988,-74.156],[-120.272,-73.9895],[-120.556,-73.755]]],[[[-126.3305,-73.2865],[-127.2665,-73.304],[-127.2305,-73.7135],[-126.471,-73.8125],[-124.8725,-74.2085],[-123.836,-74.2255],[-124.041,-73.88],[-124.5415,-73.7395],[-125.6755,-73.823],[-125.276,-73.691],[-125.625,-73.453],[-126.3305,-73.2865]]],[[[-159.0515,-79.807],[-159.685,-79.4025],[-161.6435,-78.9005],[-163.256,-78.722],[-164.124,-78.9945],[-164.2245,-79.321],[-161.8665,-79.703],[-160.3005,-79.845],[-159.0515,-79.807]]],[[[167.083,-77.321],[166.4135,-77.2515],[166.2155,-77.524],[166.7305,-77.8505],[167.3925,-77.649],[168.3215,-77.682],[169.351,-77.524],[168.451,-77.387],[167.083,-77.321]]],[[[-31.1205,-79.798],[-31.8225,-79.8505],[-30.422,-80.01],[-29.6155,-79.9095],[-31.1205,-79.798]]],[[[-33.9355,-79.321],[-35.534,-79.09],[-36.481,-79.295],[-33.9355,-79.321]]],[[[-70.3355,-79.68],[-69.731,-79.6175],[-69.252,-79.2095],[-66.7285,-78.3835],[-67.4775,-78.3625],[-70.5445,-78.8835],[-71.2535,-79.0605],[-71.783,-79.444],[-71.4155,-79.6405],[-70.3355,-79.68]]],[[[-57.847,-64.0545],[-57.9265,-63.806],[-58.2755,-63.9155],[-58.398,-64.1345],[-57.2965,-64.367],[-57.2495,-64.098],[-57.5915,-63.9675],[-57.847,-64.0545]]],[[[-55.529,-63.1745],[-56.3855,-63.2335],[-56.3785,-63.438],[-55.752,-63.2975],[-55.158,-63.353],[-55.529,-63.1745]]],[[[-57.977,-61.912],[-58.6825,-62.0075],[-59.003,-62.209],[-57.6385,-62.02],[-57.977,-61.912]]],[[[-63.179,-64.4695],[-63.485,-64.261],[-64.273,-64.6965],[-63.7405,-64.834],[-62.837,-64.572],[-63.179,-64.4695]]],[[[-62.3255,-64.424],[-62.059,-64.138],[-62.329,-64.013],[-62.747,-64.471],[-62.3255,-64.424]]],[[[-67.9885,-67.4745],[-68.237,-67.372],[-67.686,-67.148],[-67.949,-67.0455],[-67.83,-66.6235],[-68.3375,-66.8025],[-69.1335,-67.452],[-68.903,-67.7435],[-68.579,-67.733],[-67.9885,-67.4745]]],[[[-73.7055,-70.6355],[-74.4575,-70.587],[-74.591,-70.792],[-75.0085,-70.6095],[-75.21,-70.773],[-76.499,-70.941],[-76.175,-71.132],[-74.2055,-70.924],[-73.5505,-70.724],[-73.7055,-70.6355]]],[[[-74.987,-69.7275],[-75.682,-69.882],[-75.7285,-70.0955],[-74.85,-70.179],[-74.4615,-69.9725],[-74.987,-69.7275]]],[[[-74.3535,-73.099],[-74.472,-72.894],[-75.376,-72.821],[-75.2425,-73.0085],[-76.0165,-73.085],[-75.9015,-73.3335],[-74.573,-73.611],[-74.6665,-73.276],[-74.3535,-73.099]]],[[[-91.162,-73.1825],[-90.7765,-72.993],[-90.8055,-72.611],[-91.6695,-72.6235],[-91.3565,-72.91],[-91.511,-73.196],[-91.162,-73.1825]]],[[[167.641,-78.142],[166.111,-78.09],[166.284,-78.307],[167.641,-78.142]]],[[[100.983,-65.6775],[101.2205,-65.4725],[100.882,-65.3775],[100.27,-65.603],[100.983,-65.6775]]],[[[26.858,-70.3805],[26.606,-70.0785],[25.9835,-70.2],[26.005,-70.3735],[26.858,-70.3805]]],[[[-3.2815,-70.533],[-2.738,-70.507],[-2.7125,-70.3195],[-3.2885,-70.344],[-3.2815,-70.533]]],[[[-66.174,-80.0775],[-65.5045,-79.9545],[-66.0155,-79.6245],[-67.8085,-79.5465],[-66.174,-80.0775]]],[[[-67.2615,-79.453],[-67.067,-79.269],[-68.0315,-79.227],[-68.55,-79.437],[-67.2615,-79.453]]],[[[-55.165,-61.2215],[-54.672,-61.117],[-55.3885,-61.072],[-55.165,-61.2215]]],[[[-57.239,-64.5665],[-56.893,-64.332],[-57.4475,-64.4605],[-57.239,-64.5665]]],[[[-56.0615,-63.079],[-56.49,-62.9815],[-56.353,-63.169],[-56.0615,-63.079]]],[[[-61.998,-69.7225],[-61.8145,-69.377],[-62.567,-69.181],[-61.998,-69.7225]]],[[[-60.6265,-62.5595],[-60.2195,-62.7455],[-59.849,-62.6155],[-60.6265,-62.5595]]],[[[-71.9845,-69.698],[-72.726,-69.4135],[-72.7765,-69.6445],[-71.9845,-69.698]]],[[[-95.0285,-72.665],[-94.427,-72.613],[-94.5675,-72.469],[-95.0285,-72.665]]],[[[-119.548,-74.111],[-118.958,-73.809],[-119.804,-73.814],[-119.548,-74.111]]],[[[-127.3675,-74.623],[-127.2305,-74.4255],[-128.1345,-74.328],[-127.3675,-74.623]]],[[[-161.9925,-83.119],[-161.636,-83.027],[-163.796,-82.843],[-163.0475,-83.0965],[-161.9925,-83.119]]],[[[-160.466,-81.59],[-162.457,-81.314],[-163.7675,-81.444],[-160.466,-81.59]]],[[[169.8445,-73.604],[169.783,-73.3245],[169.4805,-73.54],[169.8445,-73.604]]],[[[96.6125,-66.035],[96.393,-66.2245],[96.933,-66.2],[96.6125,-66.035]]],[[[103.3985,-65.445],[103.1355,-65.19],[102.79,-65.2365],[103.3985,-65.445]]],[[[85.823,-66.9535],[85.805,-66.7745],[85.3405,-66.7225],[85.823,-66.9535]]],[[[72.0025,-70.632],[71.7975,-70.264],[71.6605,-70.4965],[72.0025,-70.632]]],[[[16.2235,-70.007],[16.627,-69.7505],[15.698,-69.773],[15.615,-69.9395],[16.2235,-70.007]]],[[[3.0365,-70.5975],[3.0725,-70.382],[2.63,-70.5],[3.0365,-70.5975]]],[[[1.298,-70.2555],[1.413,-70.04],[1.028,-70.0505],[1.298,-70.2555]]],[[[-2.5325,-70.7675],[-3.537,-70.6825],[-2.799,-70.983],[-2.7845,-71.167],[-2.0935,-70.8215],[-2.5325,-70.7675]]],[[[4.527,-70.4795],[4.4945,-70.252],[4.07,-70.29],[4.527,-70.4795]]],[[[-20.6085,-73.887],[-20.5795,-73.62],[-21.289,-73.9895],[-21.9295,-74.0575],[-21.1665,-74.132],[-20.4895,-74.493],[-20.6085,-73.887]]],[[[-65.8465,-65.8425],[-65.6375,-65.5475],[-66.066,-65.6655],[-65.8465,-65.8425]]],[[[-116.74,-74.165],[-116.38,-73.8665],[-117.3775,-74.0835],[-116.74,-74.165]]],[[[-131.0685,-74.5835],[-130.982,-74.415],[-131.9395,-74.349],[-131.8425,-74.5435],[-131.0685,-74.5835]]],[[[-149.2305,-77.1215],[-149.8715,-76.875],[-150.7895,-76.9825],[-149.2305,-77.1215]]]]},"properties":{"name":"Antarctica"},"id":"ATA"},{"type":"Feature","id":"ATF","properties":{"name":"French Southern and Antarctic Lands"},"geometry":{"type":"MultiPolygon","coordinates":[[[[69.1835,-49.109],[69.2665,-49.116],[69.3135,-49.1055],[69.5365,-48.974],[69.594,-48.9705],[69.587,-49.0725],[69.6445,-49.118],[69.5725,-49.1285],[69.4355,-49.125],[69.4035,-49.182],[69.5435,-49.255],[69.612,-49.2655],[69.666,-49.2655],[69.7705,-49.248],[69.8535,-49.222],[69.983,-49.1595],[70.062,-49.135],[70.2095,-49.135],[70.2855,-49.076],[70.3215,-49.059],[70.4075,-49.0605],[70.4835,-49.083],[70.53,-49.137],[70.5555,-49.201],[70.5375,-49.2655],[70.4835,-49.328],[70.3895,-49.366],[70.4115,-49.411],[70.386,-49.434],[70.3395,-49.4355],[70.296,-49.425],[70.2385,-49.3715],[70.1665,-49.3435],[69.9935,-49.3455],[69.9145,-49.3485],[69.9035,-49.3885],[69.8605,-49.42],[69.8175,-49.4375],[69.7595,-49.4305],[69.749,-49.4475],[69.7815,-49.4895],[69.857,-49.543],[69.9865,-49.5815],[70.062,-49.59],[70.073,-49.517],[70.1665,-49.51],[70.2495,-49.531],[70.307,-49.583],[70.26,-49.6005],[70.217,-49.628],[70.206,-49.6645],[70.1235,-49.7045],[70.0765,-49.708],[69.918,-49.689],[69.8245,-49.6455],[69.803,-49.6145],[69.7455,-49.602],[69.6805,-49.642],[69.612,-49.651],[69.479,-49.618],[69.353,-49.564],[69.2735,-49.543],[69.155,-49.5295],[69.0865,-49.6525],[68.993,-49.7045],[68.874,-49.71],[68.8165,-49.6995],[68.784,-49.651],[68.7915,-49.6005],[68.8095,-49.55],[68.849,-49.5],[68.8705,-49.444],[68.8635,-49.392],[68.82,-49.354],[68.8415,-49.2845],[68.7985,-49.2325],[68.813,-49.1925],[68.885,-49.1645],[68.8525,-49.142],[68.8165,-49.135],[68.7915,-49.104],[68.7695,-49.066],[68.795,-48.9945],[68.838,-48.927],[68.831,-48.849],[68.8995,-48.776],[68.9605,-48.6945],[69.0035,-48.6615],[69.0575,-48.656],[69.083,-48.6785],[69.0935,-48.724],[69.072,-48.7535],[69.1225,-48.7655],[69.137,-48.861],[69.1045,-48.899],[69.101,-48.9375],[69.0325,-49.017],[69.0505,-49.0815],[69.1835,-49.109]]],[[[69.281,-49.059],[69.2195,-49.0675],[69.2015,-49.0345],[69.2055,-48.991],[69.1695,-48.9565],[69.1515,-48.918],[69.1655,-48.8835],[69.2665,-48.8785],[69.3675,-48.8905],[69.396,-48.951],[69.3205,-49.0345],[69.281,-49.059]]],[[[51.835,-46.439],[51.763,-46.448],[51.6985,-46.429],[51.6585,-46.373],[51.7415,-46.3265],[51.7845,-46.3595],[51.817,-46.394],[51.835,-46.439]]]]}},{"type":"Feature","id":"ATG","properties":{"name":"Antigua and Barbuda"},"geometry":{"type":"MultiPolygon","coordinates":[[[[-61.717,17.038],[-61.7495,16.998],[-61.861,17.0135],[-61.883,17.064],[-61.8865,17.0985],[-61.818,17.1695],[-61.739,17.1385],[-61.7065,17.1055],[-61.685,17.0985],[-61.685,17.069],[-61.6955,17.048],[-61.717,17.038]]],[[[-61.746,17.574],[-61.7605,17.548],[-61.843,17.597],[-61.8685,17.6855],[-61.865,17.7045],[-61.854,17.715],[-61.8215,17.6975],[-61.7785,17.6905],[-61.7495,17.661],[-61.746,17.574]]]]}},{"type":"Feature","geometry":{"type":"MultiPolygon","coordinates":[[[[143.179,-11.955],[142.873,-11.8215],[142.837,-11.3075],[142.7215,-11.011],[142.455,-10.707],[142.167,-10.9465],[142.1385,-11.273],[141.951,-11.896],[141.6885,-12.351],[141.919,-12.8025],[141.613,-12.943],[141.645,-13.259],[141.4725,-13.797],[141.595,-14.153],[141.523,-14.4705],[141.627,-15.0575],[141.451,-15.606],[141.411,-16.0695],[141.2925,-16.4635],[141.2205,-16.646],[140.965,-17.014],[140.8315,-17.415],[140.511,-17.625],[140.036,-17.703],[139.442,-17.38],[139.2475,-17.328],[139.01,-16.8995],[138.247,-16.719],[138.0705,-16.6165],[137.912,-16.476],[137.703,-16.2325],[137.001,-15.8785],[136.785,-15.894],[136.706,-15.686],[136.292,-15.5695],[136.2055,-15.403],[135.5325,-15],[135.4065,-14.759],[135.885,-14.153],[135.9895,-13.811],[135.9285,-13.304],[136.2955,-13.1375],[136.461,-13.226],[136.5945,-13.004],[136.537,-12.785],[136.947,-12.3495],[136.7205,-12.226],[136.5405,-11.957],[136.2705,-12.1325],[136.2595,-12.4345],[136.083,-12.422],[135.939,-12.1515],[135.7015,-12.1515],[135.896,-11.969],[135.788,-11.9065],[135.219,-12.221],[135.0285,-12.193],[134.7295,-11.9845],[134.5385,-12.061],[134.2365,-12.0075],[133.905,-11.832],[133.5345,-11.8165],[133.185,-11.705],[133.023,-11.4535],[132.8575,-11.391],[132.681,-11.5055],[132.2635,-11.2035],[132.1985,-11.304],[131.961,-11.181],[131.8135,-11.271],[132.134,-11.5005],[132.476,-11.4915],[132.674,-11.6495],[132.6305,-12.035],[132.411,-12.2955],[132.2525,-12.186],[131.439,-12.2765],[131.2915,-12.068],[130.874,-12.3665],[130.8665,-12.5575],[130.622,-12.431],[130.6185,-12.646],[130.3985,-12.688],[130.1685,-12.957],[130.136,-13.146],[130.2585,-13.3025],[130.136,-13.448],[129.837,-13.573],[129.711,-13.9795],[129.38,-14.3925],[129.7005,-14.575],[129.603,-14.648],[129.848,-14.8285],[129.6355,-14.851],[129.6355,-15.139],[129.459,-14.9325],[129.2685,-14.8715],[129.2395,-15.08],[129.0595,-14.884],[128.4765,-14.7885],[128.174,-15.0435],[128.2605,-15.245],[128.0695,-15.33],[128.199,-14.752],[127.886,-14.4845],[127.6735,-14.1945],[127.292,-13.9345],[126.903,-13.7435],[126.5685,-14.1615],[126.4025,-14.0195],[126.2585,-14.1635],[126.183,-14.002],[126.021,-14.495],[125.8915,-14.6185],[125.5785,-14.483],[125.283,-14.5835],[125.1785,-14.7155],[125.355,-15.12],[125.0745,-15.033],[124.84,-15.16],[125.0635,-15.443],[124.75,-15.285],[124.4405,-15.493],[124.383,-15.759],[124.5775,-16.113],[124.4335,-16.1045],[124.455,-16.335],[124.131,-16.2795],[123.8575,-16.382],[123.728,-16.193],[123.49,-16.4915],[123.519,-16.54],[123.6055,-16.6685],[123.778,-16.868],[123.8,-17.127],[123.616,-17.0085],[123.562,-17.521],[123.141,-16.863],[123.0725,-16.7155],[122.972,-16.4375],[122.918,-16.4325],[122.8495,-16.552],[122.774,-16.71],[122.72,-16.7885],[122.432,-16.9705],[122.162,-17.3145],[122.2375,-17.9685],[122.36,-18.0365],[122.007,-18.394],[121.834,-18.4775],[121.492,-19.106],[121.179,-19.4775],[120.88,-19.665],[120.196,-19.9095],[119.584,-20.038],[119.1055,-19.9945],[118.7525,-20.262],[118.198,-20.375],[117.6835,-20.642],[117.406,-20.722],[117.14,-20.6405],[116.708,-20.6545],[116.0095,-21.031],[115.455,-21.491],[114.8575,-21.736],[114.6015,-21.9425],[114.3785,-22.3415],[114.141,-22.4825],[114.123,-21.828],[113.9575,-21.939],[113.6835,-22.6385],[113.7955,-22.9145],[113.7555,-23.418],[113.4895,-23.8695],[113.4175,-24.4355],[113.6695,-24.977],[114.213,-25.852],[114.2165,-26.2895],[114.0905,-26.3935],[113.878,-26.0275],[113.691,-26.0915],[113.7125,-25.831],[113.5395,-25.6245],[113.3955,-25.713],[113.59,-26.0985],[113.853,-26.333],[113.734,-26.595],[113.583,-26.5585],[113.3885,-26.1055],[113.3345,-26.418],[113.709,-26.8485],[114.0295,-27.3465],[114.166,-28.081],[114.537,-28.5425],[114.627,-28.8725],[114.8575,-29.1435],[114.958,-29.4335],[114.994,-30.216],[115.077,-30.56],[115.7395,-31.888],[115.707,-32.5685],[115.617,-32.6675],[115.682,-33.1935],[115.516,-33.532],[115.1815,-33.643],[114.994,-33.5145],[115.0085,-34.256],[115.2785,-34.3045],[115.725,-34.5265],[115.988,-34.796],[116.517,-34.9885],[117.5825,-35.098],[118.137,-34.987],[118.8965,-34.48],[119.451,-34.369],[119.6345,-34.1015],[119.854,-33.9745],[120.4195,-33.9625],[120.8155,-33.8705],[121.406,-33.827],[122.061,-33.874],[122.151,-33.992],[122.7775,-33.8915],[123.206,-33.9885],[123.6485,-33.836],[123.868,-33.596],[124.1275,-33.1295],[124.372,-32.959],[124.7575,-32.883],[125.9165,-32.2975],[126.1365,-32.256],[126.7805,-32.3115],[127.3205,-32.2645],[128.066,-32.067],[128.948,-31.7025],[130.1285,-31.579],[130.784,-31.6035],[131.144,-31.4955],[131.72,-31.697],[132.213,-32.008],[132.7565,-31.9555],[133.2105,-32.183],[133.5525,-32.183],[134.2325,-32.5475],[134.0995,-32.749],[134.301,-33.1655],[134.607,-33.19],[134.7905,-33.329],[134.888,-33.626],[135.187,-33.907],[135.4495,-34.5805],[135.23,-34.5805],[135.6475,-34.94],[135.997,-34.9435],[135.8925,-34.6605],[136.4325,-34.03],[137.239,-33.629],[137.444,-33.1935],[137.7895,-32.8235],[137.7825,-32.579],[137.991,-33.0945],[137.851,-33.2005],[137.9335,-33.579],[137.649,-33.8585],[137.4945,-34.1605],[137.4945,-34.598],[137.39,-34.914],[137.0155,-34.9155],[136.8825,-35.24],[137.6925,-35.143],[137.919,-34.4555],[138.0885,-34.169],[138.4915,-34.763],[138.5095,-35.025],[138.1855,-35.6135],[138.5205,-35.643],[139.1935,-35.348],[139.327,-35.426],[138.9705,-35.5805],[139.55,-36.096],[139.856,-36.662],[139.737,-37.0595],[139.784,-37.2455],[140.2125,-37.643],[140.389,-37.8965],[140.6265,-38.0285],[141.0115,-38.077],[141.4255,-38.3635],[141.7245,-38.2715],[142.6135,-38.452],[143.2255,-38.7435],[143.539,-38.8215],[144.1005,-38.4625],[144.6655,-38.2105],[144.3955,-38.1375],[144.8925,-37.9],[145.1195,-38.091],[144.9105,-38.344],[144.961,-38.5005],[145.292,-38.2385],[145.5405,-38.3945],[145.3965,-38.535],[145.7925,-38.667],[145.9365,-38.9015],[146.1595,-38.865],[146.401,-39.1465],[146.4655,-38.8405],[146.293,-38.7],[146.858,-38.6635],[147.3945,-38.219],[147.877,-37.9345],[148.262,-37.8305],[149.4825,-37.7715],[149.9325,-37.5285],[149.9865,-36.723],[150.1955,-35.834],[150.566,-35.214],[150.692,-35.1775],[150.962,-34.2975],[151.232,-34.03],[151.2935,-33.5805],[151.8115,-32.902],[152.4705,-32.4385],[152.5605,-32.046],[152.7875,-31.7855],[152.9455,-31.435],[153.0465,-30.907],[153.032,-30.5635],[153.2735,-29.8915],[153.349,-29.291],[153.6045,-28.855],[153.5755,-28.2405],[153.1185,-27.194],[153.1615,-26.982],[153.0825,-26.3035],[153.1655,-25.965],[152.9205,-25.689],[152.9135,-25.432],[152.654,-25.2025],[152.456,-24.8015],[152.1285,-24.597],[151.9015,-24.201],[151.502,-24.012],[150.8435,-23.458],[150.782,-23.177],[150.764,-22.576],[150.6235,-22.368],[150.541,-22.5585],[150.235,-22.373],[150.0765,-22.1645],[149.9435,-22.309],[149.9755,-22.55],[149.7055,-22.4405],[149.594,-22.2585],[149.4535,-21.578],[149.3275,-21.4755],[149.2055,-21.125],[148.6835,-20.5795],[148.885,-20.4805],[148.6005,-20.1455],[147.9165,-19.8695],[147.5855,-19.623],[147.4195,-19.3785],[147.139,-19.394],[147.002,-19.257],[146.48,-19.078],[146.2965,-18.842],[146.3325,-18.554],[146.2245,-18.5105],[146.023,-18.1755],[146.1275,-17.6355],[145.9005,-17.0695],[145.9115,-16.9135],[145.7565,-16.8805],[145.5515,-16.625],[145.49,-16.5315],[145.4255,-16.4065],[145.4575,-16.0555],[145.2705,-15.476],[145.2885,-14.943],[144.6475,-14.4935],[144.475,-14.231],[143.96,-14.464],[143.755,-14.349],[143.5495,-13.7415],[143.5855,-13.443],[143.402,-12.639],[143.1105,-12.304],[143.179,-11.955]]],[[[153.079,-25.751],[153.349,-25.064],[153.241,-24.923],[153.0395,-25.194],[152.978,-25.5515],[153.079,-25.751]]],[[[139.507,-16.573],[139.561,-16.5295],[139.6975,-16.5155],[139.5895,-16.396],[139.2945,-16.467],[139.2295,-16.528],[139.161,-16.625],[139.161,-16.7415],[139.507,-16.573]]],[[[136.713,-13.804],[136.7025,-13.681],[136.425,-13.865],[136.335,-14.212],[136.893,-14.2935],[136.713,-13.804]]],[[[130.46,-11.679],[130.3375,-11.337],[130.154,-11.478],[130.1325,-11.825],[130.6075,-11.8165],[130.46,-11.679]]],[[[130.6185,-11.3755],[130.37,-11.2155],[130.5105,-11.6185],[130.9495,-11.9255],[131.457,-11.587],[131.54,-11.436],[131.27,-11.1895],[130.989,-11.3405],[130.6185,-11.3755]]],[[[113.1835,-26.0535],[112.9815,-25.5205],[112.9635,-25.7825],[113.1835,-26.0535]]],[[[137.595,-35.7385],[137.3325,-35.5925],[136.6375,-35.749],[136.5405,-35.8895],[136.7565,-36.0335],[137.4475,-36.0755],[137.671,-35.898],[138.013,-35.907],[138.045,-35.756],[137.595,-35.7385]]],[[[151.1455,-23.491],[151.034,-23.531],[151.297,-23.72],[151.1455,-23.491]]],[[[153.5395,-27.437],[153.4355,-27.4055],[153.4535,-27.711],[153.5395,-27.437]]],[[[146.2785,-18.231],[146.0985,-18.2515],[146.2355,-18.4515],[146.2785,-18.231]]],[[[132.5945,-11.3025],[132.5805,-10.969],[132.483,-11.037],[132.5945,-11.3025]]],[[[145.0435,-40.787],[144.7195,-40.672],[144.6475,-40.981],[144.914,-41.6445],[145.5155,-42.3545],[145.4685,-42.4935],[145.1985,-42.231],[145.267,-42.5435],[145.4865,-42.9275],[145.994,-43.377],[146.0445,-43.547],[146.5485,-43.509],[146.8725,-43.613],[147.3475,-42.9275],[147.5745,-42.8455],[147.787,-43.2205],[147.9815,-43.1565],[147.9235,-42.573],[148.2155,-41.9705],[148.3015,-42.04],[148.2945,-40.9465],[147.9705,-40.78],[147.6215,-40.844],[147.4555,-41.002],[146.9915,-40.9915],[146.318,-41.1635],[145.8215,-41.0245],[145.2815,-40.7695],[145.0435,-40.787]]],[[[143.9275,-40.1165],[144.14,-39.9535],[144.0895,-39.6375],[143.949,-39.5835],[143.8375,-39.905],[143.9275,-40.1165]]],[[[147.9995,-39.7575],[147.769,-39.87],[148.1075,-40.2625],[148.3235,-40.1445],[148.298,-39.9865],[147.9995,-39.7575]]],[[[148.327,-40.3075],[148.1035,-40.4515],[148.4745,-40.4325],[148.327,-40.3075]]]]},"properties":{"name":"Australia"},"id":"AUS"},{"type":"Feature","geometry":{"type":"Polygon","coordinates":[[[9.5275,47.2705],[9.5815,47.0565],[10.179,46.8625],[10.4525,46.866],[11.025,46.7965],[11.133,46.937],[11.774,46.9855],[12.17,47.083],[12.3895,46.7025],[13.7,46.5205],[14.5025,46.418],[14.9995,46.626],[15.957,46.6785],[16.094,46.864],[16.454,47.0065],[16.443,47.3985],[16.623,47.4475],[16.551,47.7475],[17.066,47.7075],[17.149,48.0065],[16.8645,48.3865],[16.9545,48.5985],[16.479,48.7995],[16.058,48.7545],[15.309,48.9735],[14.9705,48.9835],[14.924,48.772],[14.69,48.6],[14.049,48.602],[13.815,48.7665],[13.6745,48.5235],[12.8145,48.161],[13.0555,47.6555],[13.016,47.4785],[12.6845,47.6695],[12.2095,47.718],[12.1845,47.619],[11.7165,47.5825],[10.982,47.3985],[10.874,47.52],[10.431,47.541],[10.3125,47.3135],[9.7505,47.576],[9.524,47.5235],[9.5275,47.2705]]]},"properties":{"name":"Austria"},"id":"AUT"},{"type":"Feature","geometry":{"type":"MultiPolygon","coordinates":[[[[44.8185,39.651],[45.1895,39.215],[45.5745,38.972],[46.1145,38.8785],[45.7655,39.3785],[45.751,39.5625],[45.456,39.4945],[45.031,39.7655],[44.768,39.703],[44.8185,39.651]]],[[[48.8685,38.4355],[48.8505,38.816],[49.0125,39.1335],[49.2,39.073],[49.362,39.349],[49.326,39.6075],[49.5525,40.1945],[49.92,40.316],[50.3665,40.2795],[49.992,40.576],[49.776,40.583],[49.225,41.026],[49.1065,41.302],[48.5735,41.8455],[48.39,41.602],[48.055,41.458],[47.8605,41.2135],[47.2595,41.316],[47.2055,41.4565],[46.7485,41.8125],[46.4315,41.8905],[46.201,41.7375],[46.3055,41.5085],[46.6725,41.2865],[46.4565,41.071],[46.1725,41.1975],[45.7945,41.224],[45.715,41.3385],[45.2795,41.4495],[45.0025,41.2915],[45.589,40.847],[45.3765,40.6385],[45.571,40.4165],[45.9635,40.234],[45.859,40.012],[45.5785,39.9775],[46.201,39.5935],[46.482,39.5555],[46.3775,39.382],[46.489,38.906],[46.8525,39.149],[47.7745,39.649],[47.9975,39.684],[48.3215,39.399],[48.1345,39.3125],[48.2425,38.979],[48.0225,38.8195],[48.5915,38.4115],[48.8685,38.4355]]]]},"properties":{"name":"Azerbaijan"},"id":"AZE"},{"type":"Feature","id":"BDI","properties":{"name":"Burundi"},"geometry":{"type":"Polygon","coordinates":[[[30.5555,-2.4005],[30.5335,-2.4265],[30.4435,-2.614],[30.4255,-2.6415],[30.433,-2.659],[30.4725,-2.6935],[30.451,-2.7525],[30.44,-2.7685],[30.4255,-2.824],[30.433,-2.874],[30.4545,-2.8935],[30.5155,-2.9175],[30.6055,-2.935],[30.71,-2.9765],[30.7785,-2.9855],[30.7965,-3.015],[30.793,-3.0685],[30.811,-3.117],[30.811,-3.2005],[30.7895,-3.275],[30.6815,-3.31],[30.6275,-3.348],[30.6095,-3.367],[30.6235,-3.388],[30.631,-3.4195],[30.53,-3.492],[30.4255,-3.5895],[30.4005,-3.6535],[30.379,-3.73],[30.35,-3.7805],[30.2675,-3.85],[30.188,-3.992],[30.1485,-4.086],[29.947,-4.308],[29.7705,-4.4175],[29.7165,-4.4555],[29.4035,-4.4485],[29.378,-4.2995],[29.3315,-4.0945],[29.2235,-3.9105],[29.2125,-3.834],[29.216,-3.685],[29.216,-3.475],[29.209,-3.3635],[29.2125,-3.2805],[29.227,-3.138],[29.2235,-3.053],[29.155,-2.956],[29.065,-2.8515],[29.018,-2.7995],[29.0145,-2.758],[29.0145,-2.7195],[29.029,-2.664],[29.065,-2.6035],[29.101,-2.5965],[29.198,-2.6205],[29.2955,-2.673],[29.3495,-2.791],[29.389,-2.808],[29.4645,-2.808],[29.6515,-2.7925],[29.6985,-2.7945],[29.785,-2.7665],[29.8675,-2.716],[29.893,-2.664],[29.911,-2.548],[29.929,-2.3395],[29.972,-2.338],[30.091,-2.4105],[30.116,-2.416],[30.1415,-2.414],[30.1845,-2.3775],[30.235,-2.3465],[30.271,-2.348],[30.4075,-2.3135],[30.4835,-2.376],[30.53,-2.395],[30.5555,-2.4005]]]}},{"type":"Feature","geometry":{"type":"Polygon","coordinates":[[[4.2245,51.3865],[3.9005,51.2075],[3.35,51.3775],[2.5255,51.0965],[2.8385,50.711],[3.1085,50.7785],[3.274,50.532],[3.627,50.4575],[3.6665,50.3255],[4.174,50.246],[4.138,49.9835],[4.6565,50.0025],[4.862,50.1365],[4.869,49.7875],[5.2795,49.678],[5.5065,49.5115],[5.7905,49.5375],[5.744,49.9195],[5.978,50.1675],[6.1185,50.121],[6.363,50.317],[6.237,50.5965],[5.9925,50.751],[5.6395,50.843],[5.8265,51.126],[4.7575,51.4905],[4.2245,51.3865]]]},"properties":{"name":"Belgium"},"id":"BEL"},{"type":"Feature","geometry":{"type":"Polygon","coordinates":[[[1.622,6.2175],[2.7055,6.37],[2.774,6.712],[2.752,7.3945],[2.6875,7.8735],[2.774,9.0485],[3.044,9.0835],[3.1375,9.4515],[3.3245,9.778],[3.5585,9.908],[3.645,10.4095],[3.836,10.6075],[3.717,11.08],[3.4865,11.396],[3.5945,11.696],[2.878,12.368],[2.367,12.222],[2.3885,11.8975],[2.288,11.691],[1.982,11.4185],[1.4275,11.448],[0.902,10.993],[0.7865,10.71],[0.765,10.387],[1.33,9.9965],[1.384,9.361],[1.6,9.0505],[1.6255,8.271],[1.6255,6.9965],[1.532,6.993],[1.5785,6.6875],[1.7765,6.2955],[1.622,6.2175]]]},"properties":{"name":"Benin"},"id":"BEN"},{"type":"Feature","geometry":{"type":"Polygon","coordinates":[[[0.902,10.993],[1.4275,11.448],[1.982,11.4185],[2.288,11.691],[2.3885,11.8975],[2.0575,12.3575],[2.205,12.413],[2.104,12.701],[1.564,12.6355],[0.988,13.0415],[0.988,13.3645],[1.2005,13.3575],[0.9775,13.552],[0.6175,13.703],[0.3545,14.1385],[0.3835,14.2465],[0.164,14.498],[0.218,14.911],[-0.236,15.0585],[-0.7615,15.0485],[-1.0495,14.819],[-1.694,14.5085],[-1.9745,14.4565],[-2.115,14.168],[-2.457,14.274],[-2.8745,13.951],[-2.918,13.6805],[-3.1985,13.6735],[-3.303,13.281],[-3.5765,13.1945],[-3.854,13.373],[-4.052,13.3815],[-4.329,13.1195],[-4.228,12.793],[-4.48,12.6715],[-4.43,12.3385],[-4.797,12.033],[-5.1065,11.967],[-5.2865,11.828],[-5.229,11.5225],[-5.301,11.2065],[-5.492,11.0415],[-5.456,10.771],[-5.5245,10.4255],[-5.0995,10.2415],[-4.97,9.9305],[-4.624,9.7135],[-4.3325,9.646],[-4.268,9.743],[-3.879,9.894],[-3.224,9.896],[-2.817,9.4255],[-2.6945,9.481],[-2.7665,9.658],[-2.792,10.4325],[-2.914,10.592],[-2.8315,10.998],[-0.7,10.9895],[-0.65,10.927],[-0.3005,11.1665],[-0.07,11.1165],[0.484,10.9915],[0.902,10.993]]]},"properties":{"name":"Burkina Faso"},"id":"BFA"},{"type":"Feature","geometry":{"type":"MultiPolygon","coordinates":[[[[89.0525,22.093],[89.0955,21.8725],[89.3545,21.7215],[89.5025,21.914],[89.567,21.7665],[89.812,21.9835],[89.8805,22.388],[89.956,22.0235],[90.208,22.157],[90.071,21.8865],[90.2295,21.829],[90.5895,22.258],[90.5965,22.435],[90.4345,22.7525],[90.5965,23.1345],[90.521,23.3465],[90.604,23.591],[90.6325,23.0945],[90.946,22.5965],[91.216,22.6415],[91.4785,22.8845],[91.8245,22.2285],[92.008,21.685],[92.0545,21.1745],[92.3245,20.791],[92.1805,21.2925],[92.332,21.4405],[92.6305,21.3065],[92.573,21.9785],[92.4905,22.685],[92.3605,22.93],[92.2455,23.683],[91.9285,23.6865],[91.9395,23.5045],[91.756,23.2875],[91.774,23.107],[91.619,22.98],[91.4355,23.2005],[91.3165,23.105],[91.1655,23.581],[91.2305,23.921],[91.367,24.093],[91.8785,24.1955],[92.0655,24.374],[92.2525,24.895],[92.375,25.0145],[92.051,25.169],[90.4385,25.157],[89.8335,25.2925],[89.8225,25.9415],[89.6175,26.216],[89.549,26.006],[89.29,26.037],[89.02,26.4105],[88.9695,26.2505],[88.6815,26.2925],[88.5195,26.518],[88.1525,26.0875],[88.084,25.888],[88.451,25.5735],[88.768,25.4905],[88.8905,25.195],[88.4545,25.1885],[88.3145,24.881],[88.1485,24.914],[88.0225,24.6275],[88.145,24.485],[88.7245,24.275],[88.5665,23.6745],[88.739,23.4365],[88.7245,23.2545],[88.93,23.1865],[88.8505,23.041],[89.0525,22.093]]],[[[91.151,22.1745],[91.079,22.52],[91.043,22.105],[91.151,22.1745]]],[[[90.7765,22.0895],[90.8665,22.4855],[90.6725,22.8135],[90.503,22.836],[90.6795,22.3275],[90.514,22.065],[90.7765,22.0895]]]]},"properties":{"name":"Bangladesh"},"id":"BGD"},{"type":"Feature","geometry":{"type":"Polygon","coordinates":[[[28.0135,41.9685],[27.7075,42.3505],[27.4845,42.4685],[27.8875,42.7495],[27.9275,43.1855],[28.1325,43.3955],[28.4635,43.3885],[28.586,43.7425],[28.0495,43.8225],[27.884,43.9875],[27.427,44.0205],[27.0885,44.168],[26.2175,44.0065],[25.8175,43.767],[25.4975,43.6715],[24.4315,43.795],[24.2265,43.7635],[23.2255,43.8745],[22.9195,43.8345],[23.024,44.0465],[22.7035,44.2375],[22.419,44.0065],[22.394,43.7065],[22.556,43.4545],[22.977,43.187],[22.707,42.8835],[22.466,42.8415],[22.5235,42.4405],[22.3435,42.314],[22.837,41.993],[23.006,41.717],[22.916,41.3365],[23.636,41.387],[24.057,41.5275],[24.518,41.552],[25.2525,41.243],[26.1345,41.385],[26.066,41.6735],[26.3215,41.717],[26.581,41.9475],[27.2935,42.0795],[27.535,41.9215],[28.0135,41.9685]]]},"properties":{"name":"Bulgaria"},"id":"BGR"},{"type":"Feature","id":"BHR","properties":{"name":"Bahrain"},"geometry":{"type":"Polygon","coordinates":[[[50.6075,25.8825],[50.575,25.8065],[50.5425,25.834],[50.467,25.966],[50.4885,26.058],[50.4525,26.19],[50.4705,26.228],[50.5645,26.2475],[50.586,26.2405],[50.557,26.1985],[50.611,26.124],[50.6185,26.0025],[50.6075,25.8825]]]}},{"type":"Feature","id":"BHS","properties":{"name":"Bahamas"},"geometry":{"type":"MultiPolygon","coordinates":[[[[-77.658,24.249],[-77.6545,24.2265],[-77.7555,24.164],[-77.6835,24.119],[-77.615,24.216],[-77.561,24.1365],[-77.532,23.987],[-77.536,23.961],[-77.532,23.94],[-77.5215,23.9105],[-77.518,23.869],[-77.5755,23.7385],[-77.77,23.7525],[-77.777,23.862],[-77.806,23.883],[-77.8525,24.041],[-77.914,24.091],[-78,24.2195],[-77.95,24.2525],[-77.885,24.242],[-77.849,24.258],[-77.759,24.27],[-77.7015,24.2875],[-77.658,24.249]]],[[[-77.226,25.9035],[-77.248,25.895],[-77.334,25.9955],[-77.4025,26.025],[-77.2945,26.096],[-77.248,26.157],[-77.248,26.289],[-77.2225,26.362],[-77.23,26.4245],[-77.2045,26.4885],[-77.237,26.5615],[-77.3305,26.619],[-77.5105,26.846],[-77.795,26.9015],[-77.9425,26.9035],[-77.8635,26.94],[-77.788,26.9365],[-77.6725,26.914],[-77.532,26.9035],[-77.4495,26.836],[-77.37,26.747],[-77.2945,26.7125],[-77.266,26.688],[-77.2695,26.664],[-77.2585,26.6395],[-77.1615,26.598],[-77.068,26.53],[-77.039,26.334],[-77.1685,26.2405],[-77.19,25.9555],[-77.226,25.9035]]],[[[-73.0285,21.192],[-73.0575,21.119],[-73.1655,20.9785],[-73.3995,20.944],[-73.662,20.937],[-73.68,20.975],[-73.6875,21.0095],[-73.6695,21.062],[-73.6695,21.0825],[-73.68,21.1035],[-73.5865,21.126],[-73.5215,21.1905],[-73.4245,21.2025],[-73.302,21.1555],[-73.2335,21.154],[-73.1365,21.204],[-73.0575,21.3135],[-73.0105,21.2995],[-73.0285,21.192]]],[[[-77.7445,24.7075],[-77.7445,24.586],[-77.734,24.4955],[-77.7445,24.4625],[-77.8525,24.4035],[-77.8815,24.369],[-77.982,24.334],[-78.0435,24.2875],[-78.076,24.3655],[-78.137,24.4125],[-78.144,24.494],[-78.191,24.466],[-78.2595,24.4835],[-78.3675,24.544],[-78.436,24.6275],[-78.3385,24.6415],[-78.3205,24.5895],[-78.2415,24.6535],[-78.2595,24.6865],[-78.274,24.692],[-78.299,24.7545],[-78.184,24.9175],[-78.1585,25.0215],[-78.2125,25.192],[-78.162,25.202],[-78.0325,25.143],[-77.975,25.084],[-77.975,25.0045],[-77.9175,24.9435],[-77.842,24.794],[-77.7445,24.7075]]],[[[-78.4935,26.73],[-78.371,26.6985],[-78.306,26.702],[-78.2665,26.723],[-78.09,26.714],[-77.9425,26.744],[-77.921,26.6915],[-77.9245,26.664],[-78.234,26.638],[-78.515,26.5595],[-78.67,26.506],[-78.7455,26.5005],[-78.7995,26.5285],[-78.9865,26.69],[-78.936,26.6725],[-78.7995,26.5825],[-78.713,26.5995],[-78.634,26.6585],[-78.6195,26.704],[-78.634,26.7265],[-78.598,26.7975],[-78.4935,26.73]]],[[[-77.3485,25.0145],[-77.46,24.994],[-77.543,25.013],[-77.561,25.0305],[-77.5285,25.058],[-77.453,25.0805],[-77.3305,25.0825],[-77.2765,25.0565],[-77.2695,25.044],[-77.3485,25.0145]]],[[[-74.058,22.723],[-74.0365,22.706],[-74.0975,22.666],[-74.2415,22.7145],[-74.274,22.711],[-74.303,22.765],[-74.3135,22.803],[-74.3065,22.8395],[-74.22,22.8115],[-74.177,22.7595],[-74.058,22.723]]],[[[-74.429,24.0685],[-74.508,23.959],[-74.5515,23.9695],[-74.526,24.105],[-74.472,24.126],[-74.4505,24.126],[-74.429,24.0685]]],[[[-74.2055,22.2145],[-74.2775,22.1835],[-74.2595,22.2355],[-74.1265,22.324],[-74.051,22.4005],[-74.0115,22.428],[-73.9935,22.449],[-73.9355,22.4785],[-73.907,22.527],[-73.914,22.5685],[-73.9755,22.6345],[-73.9755,22.6815],[-73.9535,22.716],[-73.8495,22.732],[-73.878,22.6815],[-73.835,22.539],[-73.9755,22.3605],[-74.094,22.3065],[-74.2055,22.2145]]],[[[-76.65,25.487],[-76.4845,25.374],[-76.344,25.3325],[-76.193,25.19],[-76.128,25.1395],[-76.114,25.0945],[-76.139,24.886],[-76.175,24.7595],[-76.168,24.65],[-76.204,24.6815],[-76.24,24.7545],[-76.301,24.796],[-76.319,24.8185],[-76.2145,24.822],[-76.204,24.9365],[-76.1535,25.025],[-76.1605,25.119],[-76.283,25.2215],[-76.3695,25.3135],[-76.499,25.341],[-76.6215,25.4315],[-76.6935,25.4435],[-76.78,25.426],[-76.7475,25.48],[-76.726,25.551],[-76.7115,25.565],[-76.65,25.487]]],[[[-75.664,23.4505],[-75.707,23.4435],[-75.7825,23.4715],[-75.9555,23.593],[-76.038,23.6035],[-76.0095,23.671],[-75.948,23.6465],[-75.808,23.5425],[-75.754,23.4905],[-75.664,23.4505]]],[[[-74.8395,22.895],[-74.8465,22.869],[-74.9725,23.0685],[-75.131,23.117],[-75.2245,23.166],[-75.203,23.192],[-75.142,23.204],[-75.131,23.2685],[-75.156,23.336],[-75.2425,23.475],[-75.2895,23.5685],[-75.311,23.5895],[-75.3145,23.6675],[-75.2175,23.546],[-75.174,23.4385],[-75.1095,23.3325],[-75.0625,23.15],[-74.9365,23.0875],[-74.8465,22.999],[-74.8395,22.895]]],[[[-75.3075,24.2005],[-75.3,24.1485],[-75.3685,24.159],[-75.4695,24.14],[-75.502,24.14],[-75.48,24.1745],[-75.412,24.2215],[-75.408,24.2665],[-75.4945,24.3305],[-75.592,24.4905],[-75.6385,24.5285],[-75.66,24.5895],[-75.743,24.6555],[-75.725,24.69],[-75.7105,24.697],[-75.653,24.6815],[-75.527,24.449],[-75.52,24.428],[-75.3075,24.2005]]],[[[-73.0395,22.43],[-72.978,22.414],[-72.9455,22.416],[-72.8305,22.3865],[-72.762,22.3445],[-72.7475,22.3275],[-72.7835,22.291],[-72.888,22.3605],[-72.9815,22.369],[-73.1115,22.3675],[-73.1615,22.381],[-73.1255,22.456],[-73.0395,22.43]]],[[[-72.917,21.506],[-73.05,21.4575],[-73.061,21.515],[-72.996,21.562],[-72.917,21.506]]]]}},{"type":"Feature","geometry":{"type":"Polygon","coordinates":[[[19.1935,43.5325],[19.489,43.703],[19.244,43.965],[19.5825,44.043],[19.1505,44.3015],[19.1505,44.5275],[19.3485,44.8815],[19.0065,44.8695],[18.6645,45.0775],[17.995,45.142],[17.811,45.0775],[17.127,45.1715],[16.9185,45.2775],[16.5295,45.2165],[16.292,45.0085],[16.029,45.189],[15.788,45.1785],[15.7375,44.765],[16.13,44.4735],[16.213,44.215],[16.713,43.779],[17.275,43.446],[17.293,43.305],[17.624,43.043],[17.5845,42.939],[17.667,42.8975],[18.4375,42.5605],[18.535,42.6195],[18.445,42.9685],[18.625,43.0275],[18.9415,43.496],[19.1935,43.5325]]]},"properties":{"name":"Bosnia and Herzegovina"},"id":"BIH"},{"type":"Feature","id":"BLM","properties":{"name":"Saint Barthélemy"},"geometry":{"type":"Polygon","coordinates":[[[-62.833,17.8765],[-62.8475,17.8745],[-62.8585,17.883],[-62.869,17.899],[-62.8765,17.9125],[-62.873,17.923],[-62.8655,17.918],[-62.801,17.909],[-62.808,17.897],[-62.819,17.885],[-62.833,17.8765]]]}},{"type":"Feature","geometry":{"type":"Polygon","coordinates":[[[31.765,52.1015],[31.5775,52.3115],[31.5345,52.7975],[31.2575,53.0165],[31.4195,53.195],[32.143,53.091],[32.7045,53.336],[32.449,53.6935],[31.754,53.81],[31.7935,54.0565],[31.405,54.195],[31.1565,54.61],[30.8,54.7835],[30.9765,55.051],[30.8145,55.2785],[30.908,55.57],[30.4545,55.787],[29.936,55.846],[29.4825,55.6845],[29.3745,55.938],[28.741,55.9555],[28.147,56.143],[27.578,55.7995],[27.0525,55.8305],[26.5955,55.6675],[26.4585,55.3425],[26.761,55.294],[26.6025,55.131],[26.293,55.1395],[25.861,54.919],[25.5475,54.3325],[24.824,54.119],[24.7665,53.9745],[23.485,53.94],[23.888,53.027],[23.845,52.664],[23.409,52.5165],[23.197,52.256],[23.654,52.041],[23.6035,51.5185],[23.953,51.584],[24.363,51.867],[25.267,51.9385],[25.9255,51.914],[27.1425,51.7525],[27.2685,51.6135],[28.6005,51.5425],[28.73,51.433],[29.137,51.617],[29.3455,51.383],[30.1595,51.4785],[30.5445,51.265],[30.5335,51.5965],[30.98,52.046],[31.765,52.1015]]]},"properties":{"name":"Belarus"},"id":"BLR"},{"type":"Feature","id":"BLZ","properties":{"name":"Belize"},"geometry":{"type":"MultiPolygon","coordinates":[[[[-89.1605,17.8155],[-89.164,17.9025],[-89.135,17.97],[-89.0485,17.9995],[-88.9445,17.9405],[-88.8975,17.9145],[-88.858,17.9285],[-88.8075,17.965],[-88.7425,18.0725],[-88.588,18.291],[-88.523,18.4455],[-88.462,18.477],[-88.372,18.482],[-88.2965,18.4715],[-88.3505,18.359],[-88.2965,18.343],[-88.246,18.3555],[-88.1305,18.35],[-88.084,18.227],[-88.0985,18.121],[-88.2065,17.8465],[-88.2205,17.7515],[-88.271,17.6105],[-88.2025,17.517],[-88.2675,17.392],[-88.289,17.312],[-88.2925,17.1925],[-88.2605,16.963],[-88.3145,16.6335],[-88.4045,16.489],[-88.462,16.4335],[-88.5625,16.2915],[-88.696,16.248],[-88.8795,16.017],[-88.912,15.956],[-88.894,15.8905],[-88.937,15.8905],[-89.1135,15.9005],[-89.2325,15.8885],[-89.236,15.8935],[-89.2285,16.142],[-89.2105,16.5275],[-89.2,16.8085],[-89.189,17.0845],[-89.182,17.291],[-89.171,17.5725],[-89.1605,17.8155]]],[[[-87.9505,17.925],[-87.9975,17.906],[-87.958,17.965],[-87.9545,18.001],[-87.8965,18.156],[-87.8605,18.154],[-87.85,18.14],[-87.9505,17.925]]],[[[-87.8535,17.423],[-87.929,17.2825],[-87.9365,17.3225],[-87.904,17.4265],[-87.8605,17.463],[-87.832,17.5015],[-87.8245,17.5465],[-87.7885,17.524],[-87.7995,17.4805],[-87.8535,17.423]]]]}},{"type":"Feature","id":"BMU","properties":{"name":"Bermuda"},"geometry":{"type":"Polygon","coordinates":[[[-64.7305,32.294],[-64.8205,32.259],[-64.8455,32.2625],[-64.8635,32.2745],[-64.77,32.3075],[-64.6945,32.3875],[-64.669,32.3825],[-64.7305,32.294]]]}},{"type":"Feature","geometry":{"type":"Polygon","coordinates":[[[-69.5115,-17.505],[-69.3135,-17.9425],[-69.0935,-18.0505],[-69.0935,-18.283],[-68.9675,-18.9685],[-68.4635,-19.432],[-68.6975,-19.7205],[-68.6005,-20.045],[-68.759,-20.116],[-68.7445,-20.458],[-68.4995,-20.6125],[-68.5575,-20.9025],[-68.435,-20.9475],[-68.1975,-21.3],[-68.1865,-21.618],[-67.9885,-22.057],[-67.8805,-22.493],[-67.8805,-22.8225],[-67.5815,-22.892],[-67.1965,-22.821],[-66.7105,-22.2165],[-66.365,-22.1145],[-66.221,-21.802],[-65.771,-22.1005],[-65.058,-22.102],[-64.6045,-22.229],[-64.3235,-22.828],[-64.266,-22.604],[-63.9745,-22.0725],[-63.8195,-22.005],[-62.844,-21.998],[-62.6495,-22.234],[-62.275,-21.066],[-62.275,-20.5625],[-61.915,-20.0555],[-61.757,-19.6455],[-60.007,-19.297],[-59.089,-19.2865],[-58.1785,-19.8175],[-58.1605,-20.165],[-57.8615,-19.979],[-58.1315,-19.7445],[-57.7825,-19.0535],[-57.7825,-18.915],[-57.5735,-18.2795],[-57.588,-18.1215],[-57.833,-17.512],[-57.991,-17.512],[-58.3945,-17.2345],[-58.47,-16.6495],[-58.351,-16.4915],[-58.344,-16.285],[-58.5385,-16.328],[-60.1765,-16.269],[-60.241,-15.4795],[-60.583,-15.099],[-60.2735,-15.0885],[-60.299,-14.6185],[-60.475,-14.1845],[-60.403,-14.0195],[-60.5075,-13.79],[-61.0765,-13.49],[-61.789,-13.5265],[-62.1745,-13.134],[-62.765,-12.997],[-63.067,-12.6685],[-63.348,-12.681],[-63.5855,-12.5195],[-63.9385,-12.53],[-64.421,-12.4395],[-64.5145,-12.2505],[-64.993,-11.976],[-65.3895,-11.247],[-65.3245,-11.0245],[-65.4395,-10.5855],[-65.3135,-10.252],[-65.31,-9.872],[-65.3965,-9.7125],[-66.264,-9.827],[-66.7285,-9.976],[-67.11,-10.2695],[-67.5815,-10.5055],[-67.722,-10.6825],[-68.0715,-10.7035],[-68.399,-11.0195],[-68.7265,-11.122],[-68.849,-11.011],[-69.5795,-10.952],[-68.687,-12.502],[-68.9785,-12.8805],[-68.982,-13.497],[-69.0755,-13.6825],[-68.8815,-14.198],[-69.234,-14.5975],[-69.3745,-14.9635],[-69.173,-15.2365],[-69.4175,-15.6025],[-69.216,-16.1495],[-68.9135,-16.2625],[-68.856,-16.3545],[-69.0075,-16.434],[-69.0325,-16.476],[-69.0395,-16.5435],[-69.0215,-16.6425],[-69.4395,-17.0885],[-69.6265,-17.1995],[-69.5115,-17.505]]]},"properties":{"name":"Bolivia"},"id":"BOL"},{"type":"Feature","geometry":{"type":"MultiPolygon","coordinates":[[[[-66.876,1.223],[-67.092,1.2105],[-67.0885,1.615],[-67.3515,2.0855],[-67.499,2.108],[-67.8155,1.7905],[-67.9885,1.7525],[-68.1935,1.9865],[-68.1755,1.7195],[-69.3205,1.721],[-69.5795,1.7715],[-69.8495,1.709],[-69.8535,1.0595],[-69.36,1.065],[-69.162,0.8635],[-69.155,0.643],[-69.4715,0.7295],[-70.055,0.5785],[-70.0695,-0.1385],[-69.666,-0.482],[-69.5435,-0.9175],[-69.3995,-1.1955],[-69.7955,-3.355],[-69.965,-4.235],[-70.2385,-4.301],[-70.404,-4.15],[-70.8,-4.1725],[-70.973,-4.35],[-71.844,-4.5045],[-72.6975,-5.067],[-72.888,-5.1225],[-72.978,-5.6345],[-73.2375,-6.098],[-73.1365,-6.466],[-73.7595,-6.905],[-73.7485,-7.3355],[-73.9645,-7.379],[-74.0005,-7.556],[-73.7195,-7.782],[-73.7775,-7.9365],[-73.5505,-8.346],[-72.9745,-8.9935],[-72.971,-9.1205],[-73.2085,-9.412],[-72.8125,-9.41],[-72.3805,-9.511],[-72.1825,-10.004],[-71.2395,-9.966],[-70.541,-9.438],[-70.638,-9.8235],[-70.6415,-11.011],[-70.3935,-11.0595],[-69.9615,-10.9295],[-69.5795,-10.952],[-68.849,-11.011],[-68.7265,-11.122],[-68.399,-11.0195],[-68.0715,-10.7035],[-67.722,-10.6825],[-67.5815,-10.5055],[-67.11,-10.2695],[-66.7285,-9.976],[-66.264,-9.827],[-65.3965,-9.7125],[-65.31,-9.872],[-65.3135,-10.252],[-65.4395,-10.5855],[-65.3245,-11.0245],[-65.3895,-11.247],[-64.993,-11.976],[-64.5145,-12.2505],[-64.421,-12.4395],[-63.9385,-12.53],[-63.5855,-12.5195],[-63.348,-12.681],[-63.067,-12.6685],[-62.765,-12.997],[-62.1745,-13.134],[-61.789,-13.5265],[-61.0765,-13.49],[-60.5075,-13.79],[-60.403,-14.0195],[-60.475,-14.1845],[-60.299,-14.6185],[-60.2735,-15.0885],[-60.583,-15.099],[-60.241,-15.4795],[-60.1765,-16.269],[-58.5385,-16.328],[-58.344,-16.285],[-58.351,-16.4915],[-58.47,-16.6495],[-58.3945,-17.2345],[-57.991,-17.512],[-57.833,-17.512],[-57.588,-18.1215],[-57.5735,-18.2795],[-57.7825,-18.915],[-57.7825,-19.0535],[-58.1315,-19.7445],[-57.8615,-19.979],[-58.1605,-20.165],[-58.002,-20.465],[-57.829,-20.998],[-57.955,-22.109],[-56.9365,-22.2705],[-56.634,-22.234],[-56.3965,-22.0935],[-56.191,-22.281],[-55.849,-22.307],[-55.619,-22.6715],[-55.655,-22.8105],[-55.417,-23.951],[-55.194,-24.017],[-54.625,-23.812],[-54.2435,-24.0465],[-54.474,-25.22],[-54.6145,-25.576],[-54.445,-25.6245],[-54.1535,-25.524],[-53.8905,-25.6695],[-53.671,-26.225],[-53.8365,-27.121],[-54.157,-27.2545],[-54.3265,-27.423],[-54.8305,-27.5495],[-55.1005,-27.8675],[-55.727,-28.204],[-56.227,-28.737],[-56.4755,-29.093],[-56.94,-29.595],[-57.2245,-29.782],[-57.6095,-30.1885],[-57.2135,-30.284],[-57.12,-30.145],[-56.832,-30.107],[-56.177,-30.6275],[-56.0005,-30.8375],[-56.004,-31.079],[-55.5575,-30.876],[-55.255,-31.225],[-54.589,-31.4855],[-54.222,-31.855],[-53.761,-32.0565],[-53.6025,-32.4035],[-53.124,-32.737],[-53.5305,-33.171],[-53.538,-33.6225],[-53.3725,-33.742],[-52.6525,-33.138],[-52.3425,-32.44],[-52.1265,-32.1675],[-52.195,-31.8865],[-51.972,-31.3845],[-51.4645,-31.053],[-51.36,-30.6745],[-51.2845,-30.751],[-51.18,-30.211],[-50.9315,-30.374],[-50.647,-30.237],[-50.6905,-30.704],[-50.9425,-30.9035],[-50.9785,-31.0945],[-51.162,-31.119],[-51.1725,-31.3395],[-51.6805,-31.775],[-52.062,-31.8305],[-52.0405,-32.1155],[-51.799,-31.9],[-51.151,-31.48],[-50.6185,-30.8985],[-50.298,-30.4265],[-50.035,-29.8015],[-49.747,-29.364],[-49.272,-28.871],[-48.8005,-28.5755],[-48.6205,-28.076],[-48.642,-27.5585],[-48.5555,-27.1955],[-48.678,-26.7025],[-48.5445,-25.8155],[-48.4005,-25.5965],[-48.6925,-25.491],[-48.4765,-25.442],[-48.4045,-25.272],[-48.2025,-25.416],[-47.929,-25.168],[-47.875,-24.998],[-47.137,-24.4925],[-46.867,-24.2355],[-45.9705,-23.795],[-45.463,-23.8015],[-45.4235,-23.6855],[-44.952,-23.3815],[-44.57,-23.274],[-44.6385,-23.055],[-44.149,-23.012],[-43.8645,-22.911],[-43.6775,-23.01],[-43.897,-23.102],[-43.224,-22.991],[-43.2275,-22.748],[-43.087,-22.7235],[-42.9575,-22.9665],[-42.043,-22.9475],[-41.982,-22.5815],[-41.7045,-22.3105],[-41.1215,-22.085],[-40.988,-21.92],[-41.046,-21.505],[-40.79,-20.906],[-40.394,-20.5695],[-40.3005,-20.2935],[-40.002,-19.741],[-39.8435,-19.649],[-39.6995,-19.2775],[-39.739,-18.6405],[-39.649,-18.2515],[-39.487,-17.9895],[-39.156,-17.703],[-39.217,-17.316],[-39.1235,-16.764],[-39.062,-16.5035],[-38.9615,-16.186],[-38.882,-15.8645],[-38.9975,-15.2535],[-39.0585,-14.6545],[-38.9435,-14.0315],[-39.008,-14.101],[-39.091,-13.589],[-39.03,-13.365],[-38.8355,-13.148],[-38.7635,-12.9065],[-38.8535,-12.79],[-38.6915,-12.6235],[-38.526,-12.7625],[-38.5005,-12.957],[-38.2415,-12.844],[-37.687,-12.0995],[-37.4135,-11.497],[-36.938,-10.82],[-36.398,-10.485],[-35.8475,-9.773],[-35.34,-9.2315],[-35.156,-8.931],[-34.8355,-7.971],[-34.879,-7.747],[-34.807,-7.289],[-34.987,-6.393],[-35.095,-6.185],[-35.2355,-5.5665],[-35.394,-5.251],[-35.5485,-5.1295],[-35.9805,-5.0545],[-36.589,-5.098],[-37.176,-4.9125],[-37.302,-4.7125],[-37.626,-4.593],[-38.0505,-4.216],[-38.4755,-3.718],[-38.688,-3.6535],[-39.0155,-3.39],[-39.966,-2.862],[-40.4735,-2.796],[-41.3195,-2.9365],[-41.64,-2.8795],[-41.8775,-2.7455],[-42.248,-2.7925],[-42.936,-2.4645],[-43.3785,-2.376],[-43.454,-2.5025],[-43.933,-2.5845],[-44.192,-2.81],[-44.106,-2.494],[-44.3075,-2.5355],[-44.437,-2.9435],[-44.7215,-3.1415],[-44.52,-2.4055],[-44.383,-2.3655],[-44.437,-2.1675],[-44.664,-2.3725],[-44.7575,-2.265],[-44.538,-2.053],[-44.653,-1.746],[-44.79,-1.725],[-45.078,-1.4665],[-45.33,-1.718],[-45.4595,-1.357],[-45.643,-1.348],[-46.219,-1.0305],[-46.6185,-0.97],[-46.8095,-0.779],[-47.1265,-0.746],[-47.4,-0.626],[-48.1165,-0.737],[-48.451,-1.145],[-48.462,-1.614],[-48.7105,-1.487],[-48.991,-1.829],[-49.2105,-1.916],[-49.524,-2.5965],[-49.5525,-2.52],[-49.315,-1.732],[-49.7185,-1.9265],[-49.999,-1.8325],[-50.4025,-2.015],[-50.6905,-1.7615],[-50.917,-1.1155],[-50.8955,-0.937],[-51.2985,-1.2235],[-51.9465,-1.586],[-52.663,-1.5515],[-52.2275,-1.362],[-52.0185,-1.3985],[-51.9215,-1.1815],[-51.72,-1.0185],[-51.702,-0.7615],[-51.403,-0.3935],[-51.2845,-0.0845],[-50.8165,0.1725],[-50.2945,0.8355],[-49.8985,1.1635],[-49.956,1.66],[-50.46,1.8305],[-50.676,2.1795],[-51.054,3.2815],[-51.0755,3.6725],[-51.2195,4.094],[-51.547,4.311],[-51.6515,4.061],[-51.99,3.702],[-52.357,3.051],[-52.699,2.3635],[-52.9655,2.183],[-53.2285,2.2055],[-53.3325,2.339],[-53.509,2.254],[-53.7685,2.3545],[-54.1285,2.1205],[-54.618,2.327],[-54.978,2.5975],[-55.385,2.4415],[-55.7305,2.4065],[-55.9355,2.516],[-56.13,2.299],[-55.914,2.0385],[-56.0185,1.8425],[-56.483,1.9415],[-56.8355,1.8805],[-57.12,2.0145],[-57.4115,1.9085],[-57.595,1.7035],[-57.984,1.648],[-58.0345,1.5195],[-58.3405,1.5875],[-58.513,1.2855],[-58.8625,1.2035],[-59.2295,1.3755],[-59.755,1.9],[-59.755,2.275],[-59.8885,2.3635],[-59.993,2.6895],[-59.971,2.99],[-59.827,3.398],[-59.856,3.587],[-59.55,3.9345],[-59.737,4.226],[-59.705,4.3805],[-60.1115,4.511],[-59.989,5.0835],[-60.1405,5.238],[-60.7415,5.2015],[-60.605,4.995],[-61.0045,4.535],[-61.2815,4.5175],[-61.555,4.2885],[-62.153,4.0975],[-62.412,4.1565],[-62.711,4.0175],[-62.765,3.6725],[-62.97,3.594],[-63.294,3.9225],[-64.021,3.929],[-64.255,4.141],[-64.5755,4.1395],[-64.817,4.233],[-64.5685,3.8995],[-64.223,3.587],[-64.219,3.2055],[-64.039,2.801],[-64.05,2.525],[-63.924,2.452],[-63.3875,2.412],[-63.395,2.2225],[-64.0355,1.905],[-64.115,1.6185],[-64.3055,1.4555],[-64.4855,1.452],[-64.7305,1.254],[-65.105,1.108],[-65.555,0.688],[-65.5655,0.926],[-65.717,0.978],[-66.059,0.7855],[-66.3,0.7525],[-66.876,1.223]]],[[[-49.6285,-0.2285],[-50.2475,-0.1155],[-50.647,-0.2735],[-50.773,-0.645],[-50.784,-1.0095],[-50.593,-1.072],[-50.7585,-1.2405],[-50.6005,-1.697],[-50.5065,-1.7875],[-50.1105,-1.7475],[-49.8045,-1.791],[-49.5885,-1.713],[-49.506,-1.5115],[-49.2325,-1.6],[-49.171,-1.4125],[-48.93,-1.482],[-48.84,-1.2265],[-48.5485,-0.8485],[-48.379,-0.3535],[-48.588,-0.232],[-49.117,-0.1645],[-49.6285,-0.2285]]],[[[-45.2615,-23.8885],[-45.301,-23.727],[-45.4525,-23.8955],[-45.2615,-23.8885]]],[[[-49.74,0.268],[-50.2725,0.2315],[-50.341,0.044],[-49.8405,0.0075],[-49.74,0.268]]],[[[-50.298,1.938],[-50.341,2.141],[-50.4925,2.129],[-50.4565,1.91],[-50.298,1.938]]],[[[-50.6545,-0.1315],[-50.9965,-0.1055],[-50.928,-0.3275],[-50.6545,-0.1315]]],[[[-49.4445,-0.112],[-49.4015,0.058],[-49.711,0.0145],[-49.83,-0.093],[-49.4445,-0.112]]],[[[-50.4275,0.1395],[-50.334,0.2595],[-50.352,0.582],[-50.6255,0.0545],[-50.4455,-0.008],[-50.4275,0.1395]]],[[[-50.154,0.393],[-50.0605,0.6375],[-50.251,0.5855],[-50.154,0.393]]],[[[-51.8315,-1.4335],[-51.637,-1.3415],[-51.277,-1.022],[-51.162,-0.666],[-51.2555,-0.541],[-51.547,-0.6505],[-51.6765,-0.855],[-51.6805,-1.086],[-51.9395,-1.4525],[-51.8315,-1.4335]]],[[[-48.487,-27.7665],[-48.379,-27.451],[-48.541,-27.574],[-48.487,-27.7665]]]]},"properties":{"name":"Brazil"},"id":"BRA"},{"type":"Feature","id":"BRB","properties":{"name":"Barbados"},"geometry":{"type":"Polygon","coordinates":[[[-59.4925,13.0815],[-59.521,13.0625],[-59.611,13.102],[-59.6435,13.151],[-59.647,13.3035],[-59.593,13.3175],[-59.489,13.196],[-59.4275,13.1525],[-59.4925,13.0815]]]}},{"type":"Feature","id":"BRN","properties":{"name":"Brunei"},"geometry":{"type":"MultiPolygon","coordinates":[[[[115.142,4.8995],[115.167,4.8665],[115.228,4.7505],[115.268,4.634],[115.2785,4.457],[115.3255,4.3805],[115.318,4.365],[115.2895,4.353],[115.246,4.3475],[115.1705,4.365],[115.106,4.391],[115.052,4.582],[115.0265,4.6915],[115.03,4.8215],[115.0265,4.8995],[115.142,4.8995]]],[[[115.0265,4.8995],[114.9435,4.856],[114.8645,4.8025],[114.7855,4.7555],[114.7455,4.7175],[114.76,4.667],[114.778,4.5525],[114.789,4.464],[114.8175,4.429],[114.8395,4.3925],[114.832,4.3545],[114.7815,4.2815],[114.8105,4.266],[114.7745,4.169],[114.724,4.096],[114.6555,4.037],[114.609,4.0245],[114.573,4.049],[114.5115,4.113],[114.447,4.2035],[114.418,4.2555],[114.3245,4.2625],[114.2885,4.304],[114.2885,4.3545],[114.2595,4.4135],[114.2235,4.478],[114.1695,4.5265],[114.094,4.5645],[114.0655,4.5925],[114.177,4.5905],[114.2995,4.608],[114.4255,4.66],[114.544,4.7245],[114.645,4.799],[114.742,4.8805],[114.8395,4.9465],[114.994,5.023],[115.048,5.016],[115.048,4.962],[115.0265,4.8995]]]]}},{"type":"Feature","geometry":{"type":"Polygon","coordinates":[[[91.6335,27.7595],[91.6045,27.952],[91.2265,28.072],[91.079,27.9745],[90.7155,28.072],[90.352,28.0805],[90.3485,28.2435],[89.981,28.3115],[89.5385,28.1085],[88.948,27.464],[88.8905,27.3165],[88.739,27.176],[88.858,26.961],[89.1495,26.8165],[89.333,26.848],[89.765,26.702],[90.1215,26.754],[90.3445,26.8895],[90.7405,26.7715],[91.673,26.803],[92.051,26.8755],[92.0835,27.2905],[91.99,27.4505],[91.594,27.558],[91.6335,27.7595]]]},"properties":{"name":"Bhutan"},"id":"BTN"},{"type":"Feature","geometry":{"type":"Polygon","coordinates":[[[25.2595,-17.7935],[24.9105,-17.821],[24.529,-18.052],[24.3595,-17.9775],[23.582,-18.453],[23.2975,-18.028],[23.0995,-18.0105],[22.0125,-18.198],[20.9755,-18.3195],[20.979,-20.5605],[20.972,-21.9995],[19.9785,-21.9995],[19.9785,-23.675],[19.982,-24.7775],[20.3455,-25.029],[20.792,-25.916],[20.8135,-26.1645],[20.6265,-26.444],[20.7415,-26.8485],[21.645,-26.8535],[22.0915,-26.5795],[22.2175,-26.3885],[22.639,-26.0705],[22.88,-25.458],[23.265,-25.267],[23.521,-25.345],[23.895,-25.6],[24.7485,-25.817],[25.4435,-25.715],[25.5835,-25.6055],[25.9115,-24.748],[26.3975,-24.614],[26.8365,-24.241],[26.9875,-23.7045],[27.3115,-23.425],[27.758,-23.1975],[28.2115,-22.694],[28.694,-22.536],[29.1295,-22.2135],[29.3635,-22.194],[29.108,-22.0655],[28.9895,-21.781],[28.046,-21.5725],[27.668,-21.064],[27.7005,-20.531],[27.2795,-20.479],[27.2215,-20.1455],[26.678,-19.892],[26.167,-19.538],[25.76,-18.6495],[25.49,-18.3505],[25.2235,-17.915],[25.2595,-17.7935]]]},"properties":{"name":"Botswana"},"id":"BWA"},{"type":"Feature","geometry":{"type":"Polygon","coordinates":[[[24.147,8.665],[23.679,8.7325],[23.539,8.816],[23.467,9.1145],[23.6215,9.3405],[23.647,9.823],[23.312,10.387],[22.8585,10.92],[22.495,10.9965],[22.045,10.823],[21.7065,10.5745],[21.7245,10.3665],[21.397,10.0015],[21.2635,9.974],[20.774,9.4065],[20.342,9.127],[20.072,9.1335],[19.669,9.021],[19.147,9.0155],[18.877,8.8735],[19.107,8.6565],[18.5925,8.061],[17.649,7.983],[16.785,7.5505],[16.544,7.8645],[16.3785,7.684],[15.8455,7.476],[15.4785,7.5245],[15.2445,7.264],[15.0355,6.785],[14.7655,6.316],[14.4305,6.0385],[14.618,5.865],[14.564,5.28],[14.6395,5.179],[14.708,4.6655],[15.021,4.358],[15.1365,4.07],[15.129,3.827],[15.7735,3.127],[16.065,2.9085],[16.184,2.2695],[16.4685,2.832],[16.4755,3.1655],[16.569,3.462],[17.437,3.6845],[18.1605,3.5005],[18.4735,3.6235],[18.6105,3.478],[18.632,3.9535],[18.567,4.2575],[18.83,4.523],[19.0675,4.891],[19.4995,5.127],[19.8055,5.089],[20.227,4.83],[20.558,4.462],[20.954,4.4135],[21.537,4.245],[21.6885,4.2815],[22.423,4.136],[22.754,4.646],[23.1175,4.7365],[23.4165,4.6635],[24.32,4.9935],[24.7665,4.931],[25.249,5.0245],[25.526,5.313],[26.822,5.063],[27.1135,5.198],[27.4015,5.1095],[27.2575,5.29],[27.229,5.563],[27.085,5.7765],[26.5125,6.0695],[26.3075,6.455],[26.3615,6.6355],[25.8895,7.0645],[25.382,7.3335],[25.1915,7.5195],[25.249,7.724],[24.853,8.1375],[24.291,8.292],[24.147,8.665]]]},"properties":{"name":"Central African Republic"},"id":"CAF"},{"type":"Feature","geometry":{"type":"MultiPolygon","coordinates":[[[[-132.656,54.1275],[-133.0485,54.1585],[-133.052,53.7785],[-132.8465,53.5075],[-132.4325,53.3495],[-132.519,53.1935],[-132.0115,53.2645],[-131.666,54.1415],[-132.134,54.0335],[-132.188,53.685],[-132.566,53.6885],[-132.213,53.815],[-132.3425,54.1065],[-132.656,54.1275]]],[[[-131.7525,53.195],[-132.548,53.138],[-132.1445,52.999],[-132.26,52.907],[-131.421,52.2385],[-131.223,52.1535],[-131.5905,52.579],[-131.4535,52.702],[-131.9035,52.867],[-131.6335,52.9225],[-131.7525,53.195]]],[[[-127.1985,50.64],[-127.9185,50.8605],[-128.3465,50.744],[-128.0585,50.499],[-127.4645,50.5825],[-127.4865,50.4055],[-127.9075,50.4455],[-127.8645,50.1275],[-127.2485,50.138],[-127.1155,49.8795],[-126.903,49.9435],[-126.3485,49.6605],[-126.5505,49.4195],[-126.2445,49.442],[-125.643,49.185],[-125.8305,49.0915],[-125.4595,48.9405],[-124.851,49.029],[-125.121,48.7615],[-124.689,48.5965],[-123.5945,48.3325],[-123.285,48.456],[-123.4975,48.5825],[-123.994,49.2235],[-124.642,49.428],[-125.481,50.317],[-126.7015,50.515],[-127.1985,50.64]]],[[[-130.0245,55.888],[-129.9845,55.3585],[-129.794,55.5595],[-129.56,55.4625],[-129.891,55.164],[-130.431,54.421],[-130.0425,54.1325],[-130.334,53.7245],[-129.9125,53.551],[-129.5635,53.251],[-129.2825,53.393],[-129.207,53.6415],[-128.9585,53.841],[-128.541,53.421],[-129.1135,53.6415],[-129.081,53.367],[-128.6525,53.244],[-128.3645,52.8255],[-128.1055,52.907],[-128.271,52.3635],[-128.037,52.5305],[-128.037,52.3185],[-128.3575,52.159],[-128.102,51.789],[-127.7925,52.289],[-127.1875,52.5375],[-127.1625,52.395],[-127.796,52.192],[-127.85,51.673],[-127.6445,51.4785],[-127.7095,51.152],[-127.058,50.8675],[-126.633,50.916],[-126.518,51.0565],[-126.4495,50.5495],[-125.9635,50.487],[-125.06,50.513],[-124.7825,50.02],[-124.484,49.8085],[-123.9835,49.876],[-123.818,49.685],[-124.0555,49.6625],[-123.8935,49.494],[-123.3355,49.4595],[-123.062,48.9785],[-122.788,48.9925],[-121.406,48.9925],[-119.703,48.9925],[-116.7185,48.9925],[-113.734,48.9925],[-111.5995,48.9925],[-109.8965,48.9925],[-107.7615,48.9925],[-105.6305,48.9925],[-103.924,48.9925],[-102.221,48.9925],[-99.237,48.9925],[-97.5305,48.9925],[-95.1615,48.9925],[-95.1545,49.369],[-94.8555,49.305],[-94.805,49.003],[-94.6215,48.7425],[-94.0565,48.659],[-93.707,48.5255],[-92.998,48.612],[-92.501,48.435],[-92.4145,48.277],[-92.1735,48.338],[-91.5185,48.0585],[-90.8415,48.201],[-90.7445,48.1055],[-90.0925,48.1175],[-89.992,48.015],[-89.272,48.02],[-88.379,48.303],[-87.209,47.8485],[-84.876,46.9005],[-84.779,46.6365],[-84.563,46.458],[-84.192,46.55],[-83.976,46.0845],[-83.616,46.1175],[-83.4685,45.9945],[-83.591,45.817],[-82.5505,45.347],[-82.1365,43.571],[-82.4065,43.0725],[-82.547,42.6245],[-83.0725,42.3],[-83.141,41.9755],[-82.691,41.675],[-82.439,41.675],[-81.276,42.21],[-80.2465,42.366],[-79.037,42.802],[-78.9145,42.9095],[-79.17,43.4665],[-78.72,43.6245],[-76.8195,43.628],[-76.463,44.057],[-75.876,44.4165],[-75.178,44.899],[-74.7095,45.003],[-73.9755,45.345],[-74.0365,45.5015],[-73.7125,45.7115],[-73.475,45.7375],[-72.9815,46.2095],[-72.6795,46.2875],[-71.88,46.687],[-71.268,46.7965],[-70.7065,47.14],[-70.4475,47.423],[-69.9075,47.8325],[-69.774,48.0985],[-70.5015,48.3535],[-69.6735,48.199],[-69.3745,48.3865],[-68.928,48.829],[-68.057,49.2565],[-67.373,49.3485],[-66.941,49.994],[-66.4945,50.211],[-66.1275,50.2005],[-65.267,50.3205],[-64.867,50.2755],[-63.733,50.305],[-63.24,50.2425],[-62.7145,50.3015],[-61.919,50.2335],[-61.7245,50.1035],[-61.289,50.2025],[-60.079,50.2545],[-59.165,50.7805],[-58.441,51.3065],[-57.768,51.4265],[-56.976,51.4575],[-56.0185,51.9295],[-55.6945,52.138],[-55.842,52.508],[-56.3245,52.544],[-55.8025,52.643],[-55.8925,53.001],[-55.799,53.2125],[-56.1085,53.5875],[-56.465,53.7645],[-56.839,53.7385],[-57.3325,53.4695],[-57.491,53.6325],[-57.1345,53.7925],[-57.415,54.162],[-58.193,54.228],[-58.0885,54.0895],[-58.6535,53.978],[-59.323,53.643],[-59.831,53.5045],[-60.331,53.2665],[-60.144,53.5965],[-59.8235,53.834],[-59.496,53.834],[-58.92,54.0335],[-58.632,54.0495],[-58.1495,54.3495],[-57.6995,54.386],[-57.4045,54.57],[-57.93,54.7735],[-57.9625,54.8755],[-58.398,54.7735],[-58.7795,54.839],[-58.9955,55.15],[-59.4385,55.176],[-59.759,55.3095],[-60.2125,55.237],[-60.6155,55.0595],[-60.191,55.4815],[-60.342,55.7855],[-60.8315,55.957],[-60.997,55.8615],[-61.451,55.9955],[-61.3645,56.216],[-61.7135,56.2315],[-61.4255,56.36],[-62.009,56.4535],[-61.739,56.5265],[-62.063,56.6985],[-61.3715,56.681],[-61.332,57.011],[-61.9765,57.249],[-61.8505,57.3805],[-62.455,57.4625],[-61.969,57.6115],[-61.901,57.8615],[-62.304,57.9725],[-62.4875,58.1535],[-62.981,58.0925],[-62.6065,58.497],[-63.391,58.452],[-62.873,58.6725],[-63.5065,59.115],[-63.539,59.332],[-63.971,59.4085],[-63.751,59.5125],[-64.057,59.8235],[-64.2265,59.7415],[-64.284,60.0645],[-64.77,60.0125],[-64.421,60.172],[-64.705,60.3355],[-64.932,60.252],[-65.4075,59.7955],[-65.6055,59.1115],[-66.0445,58.82],[-65.922,58.5715],[-66.3615,58.7905],[-66.6095,58.549],[-67.571,58.214],[-67.679,57.992],[-67.7545,58.405],[-68.2335,58.4],[-68.4135,58.7835],[-68.6975,58.905],[-69.27,58.884],[-69.7885,58.6895],[-70.1555,58.761],[-69.7525,58.9395],[-69.533,58.8685],[-69.3995,59.337],[-69.6805,59.3425],[-69.5795,59.6755],[-69.8065,59.945],[-70.62,59.985],[-69.6735,60.075],[-69.7595,60.4395],[-69.432,60.8145],[-69.4715,61.0105],[-70.0945,60.8805],[-70.278,61.068],[-71.423,61.1585],[-71.855,61.4395],[-71.639,61.6165],[-72.024,61.6115],[-72.6325,62.0525],[-73.763,62.469],[-74.645,62.2105],[-74.634,62.115],[-75.34,62.3125],[-75.8185,62.316],[-77.374,62.573],[-78.0685,62.356],[-78.137,62.108],[-77.946,61.7625],[-77.514,61.556],[-77.73,61.207],[-78.18,60.82],[-77.604,60.825],[-77.7915,60.639],[-77.3125,60.042],[-77.3305,59.7975],[-77.7265,59.6755],[-77.759,59.3805],[-78.432,58.9015],[-78.515,58.683],[-78.0145,58.4],[-77.158,58.0195],[-76.654,57.3805],[-76.524,56.891],[-76.546,56.358],[-76.65,56.1065],[-77.165,55.664],[-77.892,55.237],[-78.911,54.881],[-79.667,54.697],[-79.242,54.0995],[-78.9435,53.841],[-79.1125,53.718],[-78.724,52.6275],[-78.4935,52.2525],[-78.9795,51.7335],[-78.731,51.4975],[-78.904,51.2005],[-79.0405,51.4645],[-79.3395,51.6275],[-79.6885,51.3465],[-79.714,51.117],[-80.1025,51.282],[-80.477,51.3065],[-80.657,51.758],[-81.55,52.237],[-81.5715,52.367],[-82.259,52.961],[-82.158,53.2645],[-82.14,53.8185],[-82.4175,54.3565],[-82.2195,54.813],[-82.576,55.148],[-83.9115,55.315],[-85.06,55.2855],[-85.366,55.079],[-85.2185,55.3495],[-85.8305,55.657],[-87.562,56.056],[-88.0765,56.4675],[-88.948,56.8515],[-89.7905,56.9815],[-90.593,57.2245],[-91.1115,57.242],[-92.7245,56.933],[-92.44,57.275],[-93.2785,58.7555],[-94.0565,58.761],[-94.3335,58.2975],[-94.2865,58.7155],[-94.715,58.903],[-94.787,59.9535],[-94.6465,60.417],[-94.1535,61.0245],[-94.085,61.304],[-93.311,61.7675],[-93.581,61.941],[-92.5265,62.1685],[-92.7675,62.3805],[-92.5515,62.547],[-91.9575,62.6445],[-92.3605,62.8195],[-91.45,62.804],[-90.8705,62.9465],[-90.748,63.351],[-91.8425,63.698],[-92.195,63.7085],[-93.3795,63.948],[-93.43,64.0295],[-92.339,63.7885],[-91.54,63.726],[-90.8125,63.582],[-90.244,63.6425],[-90.0135,63.804],[-90.1685,63.9795],[-89.812,64.1805],[-89.6175,64.0315],[-88.8185,63.9915],[-88.1055,64.184],[-87.281,64.8265],[-87.184,64.927],[-87.029,65.0645],[-87.029,65.198],[-88.973,65.349],[-89.7865,65.736],[-91.0105,65.9655],[-89.848,65.8715],[-89.7505,65.936],[-87.9685,65.349],[-87.292,65.354],[-86.0425,66.0225],[-85.9995,66.1875],[-86.5865,66.321],[-86.633,66.531],[-85.4415,66.538],[-85.096,66.3245],[-84.4765,66.179],[-83.825,66.29],[-84.1815,66.6475],[-84.858,66.941],[-84.538,66.972],[-83.9185,66.679],[-83.5225,66.368],[-82.6405,66.587],[-81.874,66.988],[-81.442,67.0935],[-81.269,67.46],[-81.978,67.8625],[-82.554,68.446],[-81.9135,68.458],[-81.28,68.658],[-81.3805,68.8505],[-81.9565,68.8835],[-81.953,68.9095],[-81.7585,68.9565],[-81.611,69.0035],[-81.33,69.1195],[-82.151,69.248],[-82.756,69.4945],[-82.374,69.642],[-83.6665,69.6995],[-84.2425,69.835],[-85.4165,69.8485],[-85.3875,69.2325],[-84.862,69.0745],[-84.894,69.0205],[-84.894,68.9875],[-84.916,68.9615],[-85.1065,68.8435],[-85.517,68.7705],[-85.9525,68.073],[-86.3705,67.8245],[-86.536,67.5155],[-87.2665,67.184],[-88.1955,67.7655],[-88.3465,68.288],[-87.8535,68.267],[-88.0405,68.8125],[-88.3145,68.9545],[-88.6385,69.059],[-89.056,69.2655],[-89.668,69.0155],[-89.722,68.932],[-89.783,68.736],[-89.8985,68.5935],[-89.8805,68.5205],[-90.2045,68.257],[-90.575,68.4755],[-90.467,68.8645],[-90.586,68.9475],[-90.7445,69.1055],[-91.2375,69.2865],[-90.8235,69.2895],[-90.5535,69.505],[-91.9105,69.531],[-92.8865,69.668],[-91.9755,70.038],[-92.512,70.104],[-91.9825,70.286],[-92.3895,70.651],[-92.98,70.852],[-92.9045,70.9165],[-92.8825,71.069],[-92.9475,71.262],[-93.257,71.4615],[-93.4085,71.5205],[-93.5775,71.569],[-93.761,71.6385],[-94.3085,71.7655],[-94.5565,71.979],[-95.201,71.904],[-95.8385,71.5985],[-95.871,71.5725],[-95.831,71.5255],[-95.4065,71.491],[-96.407,71.274],[-96.4215,71.177],[-96.526,71.1265],[-96.472,71.069],[-96.49,71.003],[-96.551,70.8905],[-96.5475,70.8085],[-95.878,70.5485],[-96.544,70.328],[-96.051,69.8315],[-94.2725,69.4545],[-93.6205,69.4165],[-94.2545,69.314],[-94.0815,69.135],[-94.2365,69.05],[-94.474,68.958],[-94.564,68.9115],[-94.0635,68.7845],[-93.9915,68.821],[-93.9375,68.8885],[-93.8945,68.9825],[-93.88,68.9965],[-93.8115,68.993],[-93.7645,68.9705],[-93.7145,68.9305],[-93.6425,68.6335],[-94.8625,68.0415],[-95.4605,68.0205],[-95.651,67.7375],[-95.259,67.262],[-95.3525,66.981],[-95.9715,66.953],[-95.885,66.7415],[-96.3605,66.9895],[-95.457,66.9895],[-95.7195,67.3175],[-96.1695,67.288],[-96.3675,67.5105],[-95.9715,68.25],[-96.724,68.0605],[-96.4325,68.3105],[-96.976,68.255],[-97.2675,68.453],[-97.9265,68.524],[-97.793,68.387],[-98.65,68.3625],[-98.11,67.9025],[-97.739,67.9775],[-97.2065,67.856],[-97.455,67.616],[-97.93,67.71],[-98.632,68.073],[-98.416,67.8265],[-98.92,67.7255],[-100.457,67.84],[-101.555,67.6925],[-102.693,67.8125],[-103.474,68.1145],[-104.194,68.031],[-105.429,68.458],[-105.6845,68.828],[-106.1635,68.92],[-107.4375,68.689],[-108.3125,68.611],[-108.7195,68.2965],[-108.262,68.149],[-107.733,68.1735],[-107.6175,68.3315],[-106.6095,68.3575],[-105.933,68.637],[-105.7815,68.526],[-106.426,68.2015],[-107.7975,68.0365],[-107.9705,67.7325],[-107.157,66.882],[-107.625,67.0035],[-107.7115,66.7395],[-107.481,66.4915],[-108.496,67.092],[-107.9095,67.163],[-108.5935,67.59],[-108.8165,67.4375],[-109.083,67.71],[-109.63,67.7325],[-110.1015,67.993],[-110.991,67.7915],[-112.4345,67.684],[-113.68,67.6995],[-115.1345,67.8195],[-115.4335,67.9025],[-114.7635,68.2705],[-114.0975,68.267],[-113.9645,68.399],[-114.6195,68.7465],[-115.6315,68.972],[-116.2505,68.958],[-116.06,68.8365],[-117.3125,68.9355],[-117.831,69],[-118.094,69.043],[-118.868,69.2565],[-120.2935,69.42],[-120.963,69.661],[-122.072,69.8155],[-123.026,69.8105],[-123.609,69.3785],[-124.48,69.425],[-124.124,69.6905],[-124.408,69.767],[-124.444,70.111],[-125.2005,69.8295],[-125.3875,69.349],[-126.0645,69.467],[-126.6115,69.7305],[-127.137,70.2395],[-127.9905,70.5745],[-128.1705,70.418],[-127.6845,70.26],[-128.2785,70.1075],[-128.973,69.7115],[-129.11,69.8815],[-130.352,69.656],[-130.971,69.21],[-131.0145,69.4285],[-131.7885,69.432],[-131.918,69.2895],[-132.7205,69.0795],[-132.771,69.012],[-132.764,68.972],[-132.7385,68.9215],[-132.7025,68.8955],[-132.5405,68.8905],[-132.7065,68.814],[-133.3795,68.887],[-133.2285,68.967],[-133.088,69.0295],[-132.6885,69.26],[-131.864,69.55],[-130.9605,69.6315],[-129.65,69.998],[-130.4995,70.144],[-132.4505,69.6475],[-132.8395,69.651],[-133.1635,69.434],[-134.175,69.2535],[-133.88,69.5085],[-134.409,69.682],[-134.456,69.477],[-135.14,69.4685],[-135.691,69.3105],[-135.9105,69.111],[-135.59,69.0085],[-135.8745,69.0015],[-135.925,68.993],[-135.939,68.974],[-135.878,68.9165],[-136.717,68.8885],[-137.2605,68.9635],[-137.869,69.0935],[-138.128,69.1525],[-139.183,69.5155],[-139.9785,69.6215],[-141.001,69.651],[-141.001,69.066],[-141.001,68.774],[-141.001,68.4825],[-141.001,68.189],[-141.001,66.4355],[-141.001,65.559],[-141.001,65.2675],[-141.001,64.976],[-141.001,64.3905],[-141.001,62.6375],[-141.001,60.3005],[-140.4535,60.299],[-139.975,60.1825],[-139.676,60.3285],[-139.0785,60.344],[-139.1865,60.0835],[-137.5915,59.226],[-137.437,58.903],[-136.814,59.1495],[-136.58,59.1515],[-136.321,59.6045],[-135.475,59.794],[-135.05,59.5785],[-134.9455,59.2885],[-134.4415,59.0855],[-134.2185,58.8495],[-133.8225,58.7055],[-132.033,57.0265],[-131.8245,56.589],[-131.576,56.5995],[-130.0965,56.11],[-130.0245,55.888]]],[[[-109.8175,78.6505],[-110.4075,78.756],[-113.151,78.409],[-111.4335,78.2875],[-109.389,78.336],[-109.8175,78.6505]]],[[[-110.458,78.1035],[-113.187,77.9125],[-113.1655,77.5305],[-111.952,77.345],[-110.199,77.5255],[-110.116,77.7165],[-110.865,77.8345],[-109.7705,77.9575],[-110.458,78.1035]]],[[[-115.552,77.364],[-116.834,77.529],[-116.704,77.3795],[-119.091,77.305],[-121.6145,76.442],[-122.367,76.4005],[-122.3995,75.944],[-121.0205,76.02],[-120.772,76.166],[-120.4085,75.826],[-119.912,75.859],[-119.523,76.3395],[-119.1665,76.126],[-118.6445,76.3345],[-118.792,76.513],[-117.7805,76.784],[-118.022,76.4475],[-117.154,76.298],[-116.9995,76.5325],[-115.9445,76.7355],[-116.2865,77.1015],[-115.552,77.364]]],[[[-108.291,76.0565],[-108.4675,76.737],[-109.3385,76.76],[-110.2855,76.3325],[-109.432,76.109],[-109.7955,75.862],[-108.946,75.699],[-109.0865,75.5065],[-111.2755,75.6125],[-111.513,75.81],[-112.6975,76.2025],[-113.824,76.206],[-114.195,76.4505],[-115.581,76.437],[-116.6105,76.074],[-116.337,75.8815],[-114.9905,75.897],[-116.974,75.746],[-117.0245,75.602],[-115.12,75.706],[-116.078,75.4925],[-117.154,75.4735],[-117.5035,75.2045],[-116.4775,75.1715],[-115.7285,74.968],[-114.4505,75.088],[-114.015,75.4335],[-113.5035,75.397],[-113.7125,75.069],[-111.034,75.227],[-111.783,75.0065],[-112.8375,74.975],[-114.1335,74.767],[-114.267,74.6035],[-113.5145,74.43],[-112.521,74.416],[-110.9405,74.6385],[-110.5445,74.7805],[-109.504,74.883],[-108.831,75.0655],[-108.3555,74.942],[-107.1535,74.9265],[-105.861,75.192],[-105.4795,75.746],[-105.6055,75.93],[-106.3975,76.06],[-107.0815,75.864],[-108.021,75.805],[-108.291,76.0565]]],[[[-114.5225,72.5935],[-114.1085,72.8605],[-114.1625,73.2705],[-114.6375,73.373],[-117.255,72.9145],[-118.4825,72.4285],[-118.2125,72.2635],[-118.9435,71.9855],[-118.868,71.687],[-117.741,71.6595],[-117.878,71.5605],[-118.148,71.5255],[-118.1875,71.4355],[-117.723,71.3905],[-116.78,71.444],[-115.588,71.5465],[-115.34,71.51],[-115.34,71.472],[-115.9805,71.47],[-115.8905,71.3815],[-117.9355,71.135],[-118.27,71.0345],[-118.353,70.9995],[-118.378,70.9685],[-117.586,70.63],[-115.9915,70.5865],[-113.7555,70.6905],[-112.114,70.4475],[-111.6315,70.309],[-112.636,70.2255],[-114.591,70.312],[-117.136,70.1005],[-117.122,69.826],[-116.5135,69.425],[-115.16,69.2655],[-113.6945,69.1945],[-113.608,69.0295],[-113.5935,68.96],[-113.6155,68.8385],[-113.1295,68.4945],[-111.3115,68.5415],[-109.9575,68.63],[-108.946,68.7605],[-108.3665,68.9355],[-107.8625,68.9545],[-107.4415,69.0015],[-106.66,69.439],[-106.2715,69.1945],[-105.0185,69.0815],[-105.022,69.052],[-105.148,68.979],[-105.1695,68.9545],[-105.105,68.92],[-104.3525,68.9285],[-103.467,68.809],[-102.8945,68.8245],[-102.4875,68.8885],[-101.98,68.9875],[-101.8575,69.024],[-101.9765,69.408],[-102.448,69.4755],[-103.089,69.2115],[-103.0635,69.484],[-103.463,69.644],[-102.621,69.552],[-102.2355,69.842],[-101.649,69.6975],[-101.5085,69.833],[-100.936,69.715],[-100.972,70.0295],[-101.5625,70.135],[-103.049,70.654],[-103.103,70.51],[-103.953,70.762],[-104.165,70.927],[-104.5145,71.064],[-104.565,71.1315],[-104.385,71.338],[-104.349,71.4335],[-104.374,71.4945],[-104.385,71.578],[-105.2345,72.4145],[-105.4145,72.788],[-105.814,73.01],[-106.9515,73.2755],[-107.1135,73.1925],[-108.028,73.3485],[-108.237,73.1055],[-107.697,72.149],[-107.3045,71.8955],[-107.9235,71.6385],[-108.2115,71.7515],[-108.6975,72.4995],[-110.008,72.984],[-110.6595,73.0085],[-110.206,72.661],[-111.1385,72.366],[-111.8945,72.3555],[-111.268,72.713],[-112.755,72.9855],[-113.2085,72.9805],[-113.5,72.694],[-114.5225,72.5935]]],[[[-119.7355,74.1125],[-119.5625,74.232],[-121.316,74.5305],[-124.696,74.3485],[-124.2605,73.9525],[-123.796,73.7685],[-124.8365,73.076],[-124.988,72.588],[-125.384,72.423],[-125.8445,71.979],[-125.2975,71.9735],[-124.0085,71.6765],[-123.9545,71.6525],[-123.7565,71.5275],[-123.681,71.4925],[-123.5945,71.4235],[-123.393,71.2185],[-122.8385,71.097],[-121.748,71.444],[-120.621,71.5065],[-120.52,71.557],[-120.4445,71.6315],[-120.178,72.213],[-119.408,72.3605],[-118.9615,72.6835],[-115.5235,73.416],[-115.509,73.6195],[-117.1975,74.1715],[-118.544,74.2445],[-119.1305,74.0275],[-119.7355,74.1125]]],[[[-69.4895,83.0165],[-72.8125,83.0805],[-73.4425,82.905],[-74.4145,83.013],[-77.1255,83.0095],[-75.5665,82.6085],[-76.0095,82.5355],[-77.6185,82.8965],[-80.1565,82.9105],[-78.749,82.6795],[-81.179,82.7455],[-82.1185,82.629],[-81.996,82.2785],[-79.426,81.855],[-84.898,82.4485],[-86.579,82.1865],[-85.0455,81.9835],[-87.6375,82.086],[-90.4885,81.8775],[-91.684,81.636],[-89.8445,81.612],[-90.305,81.402],[-88.48,81.565],[-89.9485,81.1725],[-89.6245,81.032],[-87.274,81.0805],[-84.941,81.2855],[-86.4785,81.0355],[-88.4115,80.999],[-88.9225,80.8065],[-87.3315,80.669],[-85.78,81.0355],[-83.2885,81.1485],[-85.247,80.9885],[-86.6045,80.664],[-85.3085,80.525],[-84.077,80.5565],[-82.223,80.7715],[-82.8855,80.577],[-81.006,80.6555],[-79.606,80.881],[-79.3105,81.0895],[-78.288,81.1675],[-78.551,80.921],[-76.852,80.8775],[-79.631,80.6485],[-80.052,80.5285],[-82.536,80.376],[-82.961,80.2785],[-81.01,79.6935],[-81.856,79.723],[-83.724,80.2285],[-86.3055,80.3185],[-86.4205,79.8445],[-85.0885,79.612],[-83.5765,79.053],[-84.1455,78.9595],[-82.439,78.9035],[-83.2705,78.77],[-85.0025,78.9125],[-86.8095,78.7735],[-87.49,78.4175],[-87.551,78.1765],[-86.914,78.126],[-85.9205,78.343],[-86.219,78.081],[-85.024,78.3115],[-84.617,78.1955],[-85.546,77.928],[-85.2905,77.5585],[-83.778,77.5325],[-82.702,77.963],[-82.9035,77.732],[-83.7205,77.414],[-84.7395,77.3605],[-85.589,77.461],[-86.1725,77.746],[-87.0185,77.8915],[-88.0945,77.72],[-86.8525,77.1745],[-88.397,77.1035],[-89.4985,76.8275],[-89.5705,76.4925],[-88.397,76.4055],[-86.68,76.376],[-86.453,76.5845],[-85.1425,76.305],[-84.275,76.357],[-84.2245,76.6745],[-83.886,76.4525],[-82.234,76.4665],[-82.529,76.7235],[-81.8235,76.52],[-80.8335,76.409],[-80.6895,76.1765],[-79.512,76.31],[-78.2845,76.5705],[-77.982,76.7545],[-78.288,76.9785],[-79.2205,76.937],[-79.3395,77.159],[-81.118,77.27],[-81.654,77.4995],[-80.574,77.3155],[-78.7095,77.3415],[-78.076,77.5185],[-78.011,77.9455],[-75.8655,78.0095],[-75.192,78.3275],[-76.373,78.522],[-74.879,78.5445],[-74.4325,78.725],[-76.254,79.006],[-77.8815,78.942],[-78.5835,79.0755],[-75.912,79.117],[-74.5335,79.053],[-76.8985,79.513],[-75.2605,79.421],[-73.3595,79.5045],[-73.4715,79.756],[-71.387,79.7615],[-70.8755,80.1225],[-70.2635,80.2335],[-70.667,80.506],[-69.7345,80.367],[-68.6295,80.678],[-65.483,81.2855],[-64.781,81.492],[-65.735,81.494],[-68.316,81.261],[-66.624,81.617],[-64.5755,81.7335],[-62.178,82.044],[-61.2745,82.28],[-61.476,82.4675],[-63.085,82.565],[-63.6395,82.813],[-64.903,82.9],[-67.398,82.6675],[-68.471,82.6535],[-66.4225,82.926],[-69.4895,83.0165]]],[[[-95.4855,77.7925],[-96.1445,77.7145],[-95.986,77.4835],[-93.52,77.475],[-93.581,77.77],[-95.4855,77.7925]]],[[[-93.5415,75.027],[-93.7505,75.3485],[-94.427,75.593],[-95.669,75.529],[-96.598,75.0585],[-95.867,74.831],[-94.697,74.642],[-93.5485,74.6905],[-93.5415,75.027]]],[[[-100.0035,73.9455],[-99.993,73.7945],[-100.9145,73.805],[-101.451,73.43],[-100.439,73.255],[-100.097,72.963],[-100.486,72.772],[-101.35,72.746],[-101.9225,73.057],[-102.3365,73.064],[-102.7145,72.7825],[-101.7245,72.3155],[-100.594,72.1525],[-99.7335,71.7565],[-99.4025,71.557],[-99.2765,71.425],[-99.1685,71.3675],[-98.6645,71.302],[-98.2,71.4405],[-98.1965,71.491],[-98.2325,71.5585],[-98.459,71.774],[-97.581,71.63],[-96.6125,71.833],[-96.796,72.314],[-96.4395,72.4875],[-96.5405,72.699],[-97.127,72.628],[-97.4765,72.9925],[-98.4375,72.9995],[-97.271,73.3865],[-97.595,73.536],[-97.001,73.666],[-97.581,73.8885],[-99.1575,73.732],[-100.0035,73.9455]]],[[[-84.9195,65.2605],[-85.24,65.5105],[-85.1065,65.6235],[-85.553,65.9185],[-85.9635,65.705],[-86.1145,65.4165],[-86.1865,65.0105],[-86.374,64.566],[-86.2515,64.1375],[-86.885,63.9235],[-87.1765,63.5955],[-85.805,63.7065],[-85.4955,63.139],[-84.6315,63.309],[-84.3075,63.585],[-83.728,63.8125],[-83.584,64.0575],[-83.0655,64.16],[-83.033,64.0225],[-82.468,63.927],[-82.378,63.7065],[-81.046,63.462],[-80.3005,63.7625],[-80.83,64.0905],[-81.9025,64.0315],[-81.6795,64.146],[-82.05,64.644],[-82.6695,64.7795],[-83.224,64.969],[-83.4075,65.104],[-84.084,65.217],[-84.6135,65.448],[-84.9195,65.2605]]],[[[-97.6995,76.4665],[-98.711,76.694],[-99.1685,76.454],[-99.669,76.6245],[-100.889,76.475],[-99.9785,76.312],[-100.414,76.2425],[-100.0215,75.9405],[-101.8575,76.4385],[-102.1385,76.284],[-101.26,75.758],[-101.944,75.883],[-102.797,75.6],[-102.5415,75.5135],[-99.9135,75.6815],[-99.5895,75.6555],[-100.731,75.3465],[-100.234,75.008],[-98.567,75.01],[-97.6745,75.128],[-97.8795,75.416],[-97.336,75.4195],[-97.6025,75.852],[-97.6995,76.4665]]],[[[-103.427,79.315],[-105.3895,79.324],[-105.537,79.032],[-104.8995,79.0515],[-104.817,78.8065],[-104.151,78.9905],[-103.7655,78.52],[-104.997,78.5185],[-104.3235,78.27],[-102.7325,78.371],[-102.6065,78.249],[-101.073,78.1935],[-100.587,77.8915],[-99.165,77.857],[-99.1325,78.1175],[-99.7515,78.303],[-99.611,78.5825],[-100.4355,78.8205],[-100.918,78.782],[-101.703,79.079],[-102.5775,78.8795],[-102.916,79.232],[-103.427,79.315]]],[[[-91.8855,81.1325],[-93.3325,81.3635],[-93.4085,81.209],[-95.2695,81.001],[-95.5145,80.8375],[-93.9265,80.56],[-96.1335,80.692],[-95.5505,80.367],[-96.3675,80.2925],[-94.6465,80.0495],[-96.7745,80.1365],[-96.0005,79.704],[-94.5205,79.6675],[-95.662,79.527],[-95.104,79.289],[-93.934,79.291],[-92.8215,79.4505],[-91.342,79.3605],[-94.1645,78.994],[-93.268,78.6085],[-91.9,78.237],[-90.6145,78.1505],[-90.6505,78.3085],[-89.4915,78.171],[-90.0385,78.607],[-88.7895,78.192],[-88.7425,78.5845],[-88.1485,78.4765],[-88.1055,78.973],[-87.616,78.6765],[-87.0145,78.8985],[-85.2905,79.2075],[-85.6465,79.612],[-87.2955,79.581],[-86.9785,79.895],[-87.922,80.098],[-87.6735,80.3725],[-88.642,80.3865],[-88.199,80.112],[-89.2,80.263],[-89.1675,80.48],[-90.6435,80.593],[-91.8855,81.1325]]],[[[-94.294,76.9125],[-95.849,77.067],[-96.76,76.9715],[-96.8825,76.739],[-95.9715,76.569],[-95.273,76.265],[-93.664,76.2735],[-93.0915,76.3535],[-92.1845,75.8465],[-92.429,75.383],[-91.961,74.793],[-89.8445,74.548],[-88.3395,74.784],[-88.4225,74.4945],[-84.426,74.508],[-83.6235,74.5655],[-83.1015,74.817],[-82.932,74.5655],[-81.809,74.477],[-80.279,74.581],[-80.1495,74.7965],[-79.4005,74.918],[-80.358,75.0515],[-79.6345,75.199],[-79.66,75.449],[-80.322,75.6295],[-82.1545,75.831],[-83.238,75.751],[-83.933,75.819],[-84.606,75.654],[-86.068,75.503],[-85.9525,75.3955],[-87.256,75.6175],[-88.2025,75.5115],[-88.8505,75.6245],[-88.9155,75.4545],[-89.6465,75.5655],[-89.2035,75.737],[-90.251,76.053],[-91.2805,76.159],[-89.405,76.1885],[-89.2865,76.3015],[-90.856,76.437],[-91.126,76.6625],[-92.9945,76.621],[-94.294,76.9125]]],[[[-96.2055,78.5305],[-96.4755,78.666],[-98.211,78.805],[-98.254,78.43],[-96.9905,77.8065],[-95.086,77.9925],[-94.888,78.3445],[-96.2055,78.5305]]],[[[-93.1705,74.161],[-94.481,74.1125],[-95.151,73.906],[-94.816,73.6625],[-95.633,73.6955],[-95.547,72.781],[-95.2515,72.5015],[-95.194,72.0275],[-94.0385,72.029],[-93.556,72.4215],[-94.211,72.7565],[-92.1195,72.753],[-91.6225,73.0255],[-90.3555,73.8695],[-91.0865,74.01],[-92.224,73.9715],[-93.1705,74.161]]],[[[-97.4405,69.642],[-97.7895,69.861],[-98.2685,69.755],[-98.164,69.512],[-98.5455,69.5725],[-98.4555,69.335],[-99.4565,69.132],[-99.5645,69.0345],[-99.496,68.96],[-99.442,68.918],[-98.319,68.8435],[-97.473,68.5435],[-96.4,68.4705],[-95.687,68.736],[-95.5865,68.835],[-95.8565,68.953],[-95.95,69.024],[-96.0615,69.125],[-96.299,69.3435],[-97.4405,69.642]]],[[[-61.105,45.944],[-60.576,46.1715],[-60.331,46.7375],[-60.407,47.003],[-60.871,46.7965],[-61.494,45.942],[-61.285,45.574],[-60.385,45.654],[-59.827,45.965],[-59.867,46.159],[-60.299,46.312],[-60.7345,45.956],[-60.461,45.9685],[-60.6985,45.774],[-61.0585,45.7025],[-60.8675,45.949],[-61.105,45.944]]],[[[-67.1245,45.1695],[-66.8725,45.0675],[-66.4405,45.095],[-66.1055,45.2565],[-65.886,45.2235],[-64.8995,45.6265],[-64.5935,45.814],[-64.3165,45.8365],[-64.914,45.3745],[-64.086,45.411],[-63.3695,45.364],[-64.356,45.1385],[-64.331,45.3085],[-64.903,45.121],[-65.6555,44.76],[-65.501,44.76],[-66.0985,44.3675],[-66.192,44.1435],[-66.1275,43.814],[-65.886,43.795],[-65.7385,43.5605],[-65.346,43.55],[-65.328,43.668],[-64.8635,43.8675],[-64.277,44.3345],[-64.338,44.444],[-63.9995,44.6455],[-63.762,44.4855],[-63.6035,44.6835],[-63.305,44.642],[-62.513,44.8435],[-61.033,45.291],[-61.4615,45.366],[-61.2815,45.4405],[-61.494,45.687],[-61.8755,45.715],[-61.955,45.8675],[-62.484,45.621],[-62.7,45.741],[-63.294,45.7515],[-64.057,46.022],[-63.917,46.166],[-64.543,46.241],[-64.907,46.8885],[-64.831,47.06],[-65.3175,47.102],[-64.9105,47.369],[-64.7015,47.725],[-65.0005,47.8465],[-65.483,47.687],[-65.7565,47.8605],[-66.4295,48.067],[-65.9255,48.1885],[-65.2595,48.022],[-64.349,48.423],[-64.2445,48.6905],[-64.5145,48.8415],[-64.2625,48.921],[-64.835,49.192],[-65.5225,49.2665],[-66.1775,49.213],[-67.56,48.855],[-68.237,48.626],[-68.9855,48.2755],[-70.5195,47.0325],[-71.261,46.7565],[-71.9015,46.6315],[-73.158,46.01],[-73.5575,45.425],[-74.7095,45.003],[-73.1835,45.005],[-71.5165,45.0085],[-71.3255,45.2895],[-70.8975,45.2615],[-70.703,45.5515],[-70.296,45.906],[-70.2495,46.251],[-70.008,46.7095],[-69.2415,47.463],[-68.8275,47.2025],[-68.237,47.3465],[-67.8085,47.083],[-67.7835,45.701],[-67.434,45.6035],[-67.4735,45.2755],[-67.1245,45.1695]]],[[[-55.4605,51.5375],[-55.691,51.4715],[-56.0255,51.5685],[-56.749,51.275],[-57.2965,50.699],[-58.0165,49.5425],[-58.2145,49.3865],[-57.9805,49.23],[-58.099,49.0775],[-58.405,49.0845],[-58.715,48.5985],[-59.1685,48.522],[-58.3295,48.522],[-59.273,47.996],[-59.363,47.8655],[-59.118,47.5705],[-58.333,47.6765],[-56.951,47.574],[-56.22,47.6715],[-55.8565,47.819],[-55.8635,47.5305],[-55.435,47.501],[-55.367,47.661],[-54.87,47.5705],[-55.1905,47.449],[-55.493,47.161],[-55.8385,47.0725],[-55.788,46.8675],[-55.3165,46.9055],[-54.8555,47.385],[-54.564,47.3745],[-54.193,47.8605],[-53.988,47.7565],[-53.869,47.3865],[-54.175,46.8795],[-54.0745,46.8205],[-53.5775,47.133],[-53.617,46.68],[-53.113,46.6555],[-52.6525,47.55],[-52.782,47.77],[-53.124,47.4545],[-53.1745,47.652],[-52.8645,48.112],[-53.2825,47.9975],[-53.6025,47.6625],[-53.862,47.7995],[-53.5415,48.109],[-53.61,48.2075],[-53.1345,48.402],[-53.0555,48.659],[-53.5525,48.482],[-54.067,48.4195],[-53.6965,48.68],[-54.1605,48.7875],[-53.574,49.1415],[-53.6205,49.322],[-53.959,49.442],[-54.4485,49.329],[-54.4705,49.5305],[-55.2445,49.199],[-55.2085,49.482],[-56.087,49.4525],[-55.871,49.6695],[-56.04,49.704],[-55.529,49.9975],[-56.1625,49.94],[-56.249,50.0895],[-56.821,49.614],[-56.695,50.06],[-55.799,51.034],[-56.033,51.329],[-55.583,51.388],[-55.4605,51.5375]]],[[[-86.59,71.01],[-85.024,71.354],[-85.078,71.399],[-85.3265,71.4925],[-85.5385,71.555],[-86.0355,71.7705],[-86.3415,72.123],[-86.3235,72.4615],[-86.6295,72.871],[-85.6825,73.4615],[-84.9735,73.694],[-85.1105,73.8085],[-86.77,73.8345],[-87.7205,73.7235],[-88.7065,73.404],[-89.2645,73.069],[-89.3585,72.8035],[-89.8625,72.411],[-89.6645,72.1575],[-90.0245,71.9495],[-89.8875,71.5865],[-89.8445,71.4925],[-89.081,71.288],[-87.8715,71.208],[-87.5725,71.1075],[-87.1405,71.012],[-87.1805,70.9875],[-87.8465,70.944],[-88.3105,70.984],[-88.516,71.031],[-89.4555,71.062],[-89.3725,70.996],[-89.2575,70.8105],[-89.207,70.76],[-88.847,70.5225],[-87.9005,70.2515],[-86.626,70.401],[-86.3235,70.1455],[-83.8575,69.9635],[-83.148,70.0085],[-82.14,69.842],[-81.564,69.9425],[-80.9235,69.8505],[-81.6505,70.095],[-81.1,70.092],[-79.3035,69.8955],[-78.778,70.0485],[-78.9325,70.293],[-79.3465,70.373],[-79.066,70.604],[-78.2845,70.229],[-77.7735,70.2395],[-77.5935,69.8455],[-77.0175,69.8365],[-77.129,69.6525],[-76.5135,69.684],[-76.409,69.441],[-75.786,69.319],[-75.9555,69.031],[-76.5565,69.01],[-76.589,68.974],[-76.5745,68.847],[-76.618,68.7605],[-76.5855,68.6995],[-75.4585,68.9615],[-74.9185,68.9825],[-74.4215,68.5795],[-73.9645,68.578],[-73.644,68.295],[-73.3055,68.368],[-72.2185,67.255],[-72.7875,67.031],[-73.2805,66.6755],[-74.4325,66.139],[-73.745,65.7675],[-73.5505,65.4845],[-75.707,65.316],[-75.8295,65.2275],[-77.327,65.453],[-77.3595,65.196],[-77.878,65.073],[-77.993,65.0225],[-78.0975,64.9395],[-78.173,64.618],[-77.7915,64.3665],[-76.722,64.2415],[-75.768,64.3925],[-75.714,64.5245],[-75.066,64.4565],[-74.6415,64.5575],[-74.915,64.7915],[-73.9105,64.578],[-73.2695,64.5815],[-73.4425,64.4235],[-72.222,63.7085],[-71.7255,63.7065],[-71.4555,63.5125],[-71.9735,63.4305],[-71.2535,63.042],[-70.235,62.764],[-69.5435,62.745],[-69.083,62.4045],[-68.3775,62.2345],[-67.4415,62.1515],[-66.257,61.8685],[-65.9795,62.2085],[-66.6455,62.6025],[-66.9805,62.7015],[-67.6755,63.094],[-68.1395,63.172],[-68.91,63.7035],[-68.4925,63.726],[-67.722,63.422],[-67.895,63.7345],[-67.1785,63.3055],[-66.4155,63.028],[-66.2245,63.108],[-65.051,62.646],[-65.1625,62.9325],[-64.7195,62.9465],[-65.069,63.264],[-65.1915,63.764],[-64.6655,63.245],[-64.5145,63.264],[-64.68,64.028],[-65.1695,64.028],[-65.346,64.233],[-65.076,64.436],[-65.5115,64.526],[-65.274,64.632],[-65.94,64.8855],[-66.6675,64.974],[-66.678,64.8145],[-66.732,64.8595],[-66.8005,65.019],[-66.8295,65.0745],[-67.326,65.356],[-67.1175,65.441],[-67.571,65.644],[-67.9055,65.5645],[-67.866,65.7745],[-68.2585,65.939],[-68.46,66.25],[-67.8265,65.9655],[-67.182,66.0345],[-67.704,66.269],[-67.8695,66.4895],[-67.3115,66.304],[-67.319,66.521],[-66.786,66.5555],[-66.4765,66.2795],[-65.825,65.9965],[-65.004,66.078],[-64.446,66.3175],[-65.4,65.764],[-65.1085,65.4635],[-64.554,65.1165],[-63.895,65.1095],[-63.834,65.0835],[-63.791,65.052],[-63.737,64.9895],[-63.607,64.929],[-63.485,65.021],[-63.402,65.118],[-63.337,65.6165],[-62.6605,65.6405],[-62.383,65.8335],[-62.592,66.0345],[-61.991,66.0345],[-62.5345,66.2275],[-62.5525,66.406],[-61.861,66.3125],[-61.2995,66.6495],[-61.969,67.019],[-62.3795,66.906],[-62.963,66.9495],[-63.701,66.823],[-63.0385,67.2345],[-63.593,67.3785],[-63.8375,67.264],[-64.158,67.623],[-64.637,67.84],[-65.022,67.788],[-64.975,68.0435],[-65.5405,67.7655],[-65.508,67.9685],[-66.3935,67.8315],[-66.2135,68.281],[-66.8295,68.215],[-66.714,68.446],[-68.039,68.55],[-68.3235,68.8435],[-67.884,68.7845],[-67.751,68.934],[-67.751,69.038],[-68.417,69.1715],[-67.938,69.248],[-66.804,69.1525],[-66.6855,69.2865],[-67.362,69.472],[-68.514,69.578],[-69.252,69.512],[-68.021,69.7705],[-67.2215,69.7305],[-67.362,70.0345],[-68.1215,70.314],[-68.7445,69.9405],[-68.7515,70.1995],[-70.062,70.071],[-68.363,70.4805],[-68.496,70.611],[-69.9505,70.845],[-70.98,70.5815],[-71.43,70.128],[-71.2755,70.4995],[-71.585,70.5655],[-70.7605,70.7915],[-70.638,70.9025],[-70.638,71.0065],[-70.793,71.104],[-71.045,71.05],[-71.1855,70.979],[-71.3725,70.9755],[-71.7435,71.0465],[-72.0095,71.0135],[-71.495,71.1055],[-71.2285,71.338],[-71.639,71.517],[-71.8765,71.5605],[-72.1175,71.5935],[-72.582,71.6075],[-72.9025,71.6785],[-73.277,71.538],[-73.3095,71.484],[-73.1795,71.2825],[-73.3995,71.373],[-73.482,71.479],[-73.6225,71.5255],[-73.7125,71.588],[-73.7125,71.72],[-74.7025,71.675],[-74.2095,71.979],[-74.904,72.1005],[-75.599,71.918],[-75.052,72.227],[-75.293,72.4805],[-76.895,72.72],[-77.568,72.7375],[-78.3495,72.6005],[-78.288,72.359],[-80.0415,72.3935],[-80.117,72.215],[-80.8585,71.911],[-80.9415,72.2095],[-80.603,72.425],[-81.2295,72.312],[-80.2755,72.746],[-80.603,73.121],[-81.15,73.314],[-81.406,73.635],[-82.6585,73.7305],[-83.7315,73.576],[-83.782,73.416],[-84.4155,73.456],[-85.0165,73.3365],[-85.643,72.774],[-85.3405,72.4215],[-84.3505,72.0535],[-85.3225,72.234],[-85.913,71.9855],[-85.2505,71.675],[-84.7,71.6315],[-84.66,71.5865],[-84.6565,71.5155],[-84.869,71.0015],[-85.096,71.1525],[-86.59,71.01]]],[[[-61.8,49.093],[-61.818,49.284],[-62.8585,49.706],[-64.133,49.942],[-64.439,49.8275],[-63.8845,49.6575],[-63.5675,49.3985],[-63.042,49.225],[-62.221,49.079],[-61.8,49.093]]],[[[-63.8125,46.468],[-64.0895,46.7755],[-63.9925,47.062],[-64.3885,46.64],[-64.111,46.425],[-63.7585,46.397],[-63.6395,46.2305],[-63.276,46.154],[-63.053,46.2705],[-62.88,46.001],[-62.531,45.977],[-62.527,46.2025],[-62.023,46.4215],[-62.1635,46.4875],[-63.1285,46.4215],[-63.683,46.562],[-63.8125,46.468]]],[[[-82,62.955],[-83.375,62.9045],[-83.9005,62.476],[-83.699,62.16],[-83.015,62.2105],[-82.115,62.653],[-82,62.955]]],[[[-79.5445,62.4115],[-79.8685,62.4045],[-80.236,62.153],[-80.2755,61.858],[-79.8975,61.6305],[-79.667,61.6445],[-79.325,62.0265],[-79.2855,62.2485],[-79.5445,62.4115]]],[[[-75.6745,68.323],[-76.74,68.231],[-77.3055,67.6855],[-77.0065,67.2675],[-75.779,67.283],[-75.1275,67.538],[-75.1525,68.234],[-75.6745,68.323]]],[[[-79.5375,73.654],[-80.8225,73.7445],[-80.8225,73.3815],[-80.182,73.2255],[-79.937,72.864],[-79.5015,72.7565],[-77.8345,72.897],[-76.402,72.821],[-76.29,73.081],[-77.208,73.4995],[-78.288,73.666],[-79.5375,73.654]]],[[[-80.7325,52.7475],[-80.765,52.9225],[-81.136,53.2055],[-81.8485,53.1865],[-82.0395,53.0495],[-81.01,52.761],[-80.7325,52.7475]]],[[[-78.936,56.266],[-79.271,56.6015],[-80.002,55.933],[-79.498,56.0925],[-79.764,55.806],[-79.408,55.9345],[-79.181,56.2125],[-79.174,55.8845],[-78.936,56.266]]],[[[-89.8335,77.2685],[-90.172,77.595],[-91.151,77.6085],[-91.1475,77.3865],[-89.8335,77.2685]]],[[[-104.5575,77.1415],[-104.543,77.338],[-105.5875,77.7355],[-106.066,77.725],[-105.2165,77.1815],[-104.5575,77.1415]]],[[[-98.7905,79.982],[-99.802,80.14],[-100,79.8845],[-98.841,79.737],[-98.7905,79.982]]],[[[-105.2885,72.9195],[-104.583,73.3535],[-104.6475,73.614],[-105.5115,73.765],[-106.6135,73.6955],[-106.923,73.4805],[-106.1815,73.3035],[-105.2885,72.9195]]],[[[-102.2285,76.015],[-102.585,76.2825],[-104.349,76.1815],[-103.3155,75.765],[-102.581,75.7805],[-102.2285,76.015]]],[[[-104.021,76.5825],[-104.6045,76.5825],[-104.2695,76.326],[-103.053,76.449],[-104.021,76.5825]]],[[[-118.328,75.5795],[-117.626,75.9665],[-117.752,76.112],[-119.3935,75.6175],[-118.328,75.5795]]],[[[-113.8315,77.7545],[-114.3315,78.0775],[-115.03,77.968],[-114.609,77.77],[-113.8315,77.7545]]],[[[-130.2365,53.959],[-130.3985,54.086],[-130.647,53.992],[-130.3845,53.8445],[-130.2365,53.959]]],[[[-129.848,53.1675],[-129.945,53.4365],[-130.4525,53.631],[-130.5175,53.544],[-129.848,53.1675]]],[[[-128.552,52.94],[-128.631,53.112],[-129.0345,53.2805],[-129.1745,52.9645],[-128.901,52.6745],[-128.7465,52.763],[-128.678,52.289],[-128.5085,52.518],[-128.552,52.94]]],[[[-126.6405,49.605],[-126.7375,49.843],[-126.939,49.718],[-126.6405,49.605]]],[[[-125.186,50.0965],[-125.1965,50.39],[-125.3585,50.3115],[-125.186,50.0965]]],[[[-128.3685,52.4],[-128.246,52.784],[-128.4405,52.697],[-128.3685,52.4]]],[[[-61.915,47.284],[-61.584,47.56],[-61.926,47.425],[-61.915,47.284]]],[[[-73.565,45.4685],[-73.475,45.7045],[-73.961,45.4425],[-73.565,45.4685]]],[[[-64.824,62.559],[-64.8995,62.4205],[-64.417,62.488],[-64.824,62.559]]],[[[-68.2335,60.2415],[-67.8445,60.391],[-68.0895,60.587],[-68.2335,60.2415]]],[[[-70.3355,62.549],[-70.4435,62.7345],[-71.135,62.8785],[-70.7675,62.5975],[-70.3355,62.549]]],[[[-64.831,61.3665],[-64.788,61.6615],[-65.4325,61.6495],[-64.831,61.3665]]],[[[-79.062,75.9265],[-79.008,76.145],[-79.6995,75.883],[-79.062,75.9265]]],[[[-73.6225,67.7845],[-73.4355,67.9705],[-74.706,68.0675],[-74.573,67.828],[-73.6225,67.7845]]],[[[-77.878,63.4705],[-78.508,63.4515],[-77.9425,63.115],[-77.5395,63.2865],[-77.878,63.4705]]],[[[-98.272,73.8695],[-97.6995,74.109],[-99.417,73.8955],[-98.272,73.8695]]],[[[-74.8825,68.349],[-74.9835,68.6475],[-75.401,68.526],[-74.8825,68.349]]],[[[-76.679,63.3945],[-77.1325,63.6825],[-77.363,63.5885],[-76.679,63.3945]]],[[[-79.4295,69.788],[-80.214,69.802],[-80.7795,69.677],[-79.9765,69.51],[-79.4295,69.788]]],[[[-79.21,68.8455],[-78.8535,68.9165],[-78.778,68.951],[-78.706,69.0135],[-78.594,69.0795],[-78.533,69.1455],[-78.2305,69.3035],[-78.598,69.3715],[-78.9,69.135],[-79.242,69.0485],[-79.307,68.993],[-79.354,68.9565],[-79.404,68.9235],[-79.21,68.8455]]],[[[-76.996,69.144],[-76.668,69.366],[-77.1865,69.441],[-77.381,69.274],[-76.996,69.144]]],[[[-83.724,65.797],[-83.7025,65.92],[-84.408,66.13],[-84.1165,65.7725],[-83.332,65.63],[-83.724,65.797]]],[[[-86.597,67.736],[-86.381,67.927],[-86.7015,68.3055],[-86.9605,68.1005],[-86.597,67.736]]],[[[-84.6745,65.5745],[-84.9375,66.0085],[-85.0705,65.738],[-84.6745,65.5745]]],[[[-101.692,77.697],[-101.001,77.7355],[-101.638,77.8915],[-102.448,77.881],[-101.692,77.697]]],[[[-89.7255,76.508],[-89.7255,76.763],[-90.5245,76.7875],[-89.7255,76.508]]],[[[-96.0795,75.51],[-96.3675,75.654],[-96.857,75.369],[-96.0795,75.51]]],[[[-113.5615,76.7425],[-113.8925,76.895],[-114.753,76.758],[-113.5615,76.7425]]],[[[-104.1185,75.036],[-103.643,75.187],[-104.345,75.43],[-104.889,75.147],[-104.1185,75.036]]],[[[-100.216,68.807],[-100.18,68.9045],[-100.288,68.958],[-100.331,68.998],[-100.601,69.01],[-100.612,68.9895],[-100.5975,68.9685],[-100.6265,68.866],[-100.6155,68.783],[-100.216,68.807]]],[[[-101.847,68.5865],[-102.0125,68.826],[-102.268,68.663],[-101.847,68.5865]]]]},"properties":{"name":"Canada"},"id":"CAN"},{"type":"Feature","geometry":{"type":"Polygon","coordinates":[[[9.524,47.5235],[9.182,47.6715],[8.6165,47.767],[8.415,47.5895],[7.616,47.593],[7.4215,47.456],[7.0545,47.489],[7.0005,47.3225],[6.0605,46.4285],[6.086,46.147],[6.428,46.43],[6.759,46.416],[6.7735,46.1645],[7.022,45.9265],[7.5405,45.9785],[7.7885,45.9215],[8.372,46.4455],[8.4585,46.246],[8.955,45.8295],[9.2505,46.286],[9.261,46.475],[9.5275,46.307],[9.938,46.3625],[10.197,46.621],[10.431,46.55],[10.4525,46.866],[10.179,46.8625],[9.5815,47.0565],[9.5275,47.2705],[9.524,47.5235]]]},"properties":{"name":"Switzerland"},"id":"CHE"},{"type":"Feature","geometry":{"type":"MultiPolygon","coordinates":[[[[-70.4185,-18.3455],[-70.361,-18.3975],[-70.2745,-19.2675],[-70.1555,-19.7065],[-70.1955,-20.7255],[-70.0875,-21.493],[-70.332,-22.8485],[-70.5625,-23.057],[-70.5875,-23.3675],[-70.3935,-23.5655],[-70.487,-23.781],[-70.5735,-24.6435],[-70.4435,-25.173],[-70.7135,-25.784],[-70.6455,-26.3295],[-70.8975,-27.187],[-70.908,-27.5045],[-71.052,-27.727],[-71.1855,-28.378],[-71.3075,-28.673],[-71.52,-28.9265],[-71.3545,-29.35],[-71.315,-29.6505],[-71.4015,-30.1435],[-71.6675,-30.331],[-71.7075,-30.7595],[-71.5275,-31.8065],[-71.513,-32.2075],[-71.423,-32.3865],[-71.592,-32.9695],[-71.7435,-33.0945],[-71.664,-33.652],[-72.0025,-34.1655],[-72.0565,-34.6155],[-72.222,-35.096],[-72.6255,-35.5855],[-72.5855,-35.7595],[-72.78,-35.978],[-72.8735,-36.391],[-73.1185,-36.688],[-73.2155,-37.167],[-73.601,-37.188],[-73.662,-37.6985],[-73.464,-38.0405],[-73.482,-38.6235],[-73.2265,-39.2245],[-73.41,-39.7885],[-73.6695,-40.082],[-73.9645,-41.1185],[-73.8095,-41.5175],[-73.6225,-41.582],[-73.734,-41.7435],[-73.241,-41.7815],[-73.014,-41.5435],[-72.6685,-41.66],[-72.8235,-41.908],[-72.4995,-41.981],[-72.431,-42.434],[-72.6325,-42.2],[-72.7835,-42.3005],[-72.6325,-42.509],[-72.8485,-42.6685],[-72.7585,-43.04],[-72.8775,-43.049],[-73.1005,-43.455],[-72.996,-43.632],[-73.223,-43.8975],[-73.266,-44.1685],[-72.665,-44.436],[-72.7405,-44.7345],[-73.3635,-44.9775],[-73.446,-45.238],[-73.2015,-45.354],[-73.7305,-45.479],[-73.5935,-45.776],[-73.662,-46.297],[-73.8095,-46.3765],[-73.6945,-45.8595],[-73.878,-45.847],[-74.0835,-46.132],[-73.824,-45.446],[-74.0365,-45.4185],[-74.159,-45.7675],[-75.066,-45.875],[-74.9255,-46.1595],[-75.6565,-46.611],[-75.707,-46.7745],[-75.498,-46.941],[-75.48,-46.663],[-75.1455,-46.6005],[-75.005,-46.7415],[-74.4795,-46.8855],[-74.3135,-46.788],[-74.159,-47.182],[-74.483,-47.4305],[-74.1335,-47.59],[-74.5335,-47.5675],[-74.6555,-47.703],[-74.3495,-47.9445],[-73.9395,-47.9285],[-73.716,-47.656],[-73.608,-47.9945],[-73.385,-48.177],[-73.853,-48.0415],[-74.5835,-48],[-74.4755,-48.4635],[-74.1695,-48.427],[-74.3425,-48.5955],[-74.3675,-49.401],[-74.22,-49.5],[-74.0295,-49.026],[-74.094,-49.4305],[-73.8925,-49.623],[-74.292,-49.604],[-74.3245,-49.7825],[-74.0185,-50.0225],[-74.3355,-49.9755],[-74.6305,-50.194],[-74.184,-50.486],[-73.979,-50.828],[-73.7485,-50.5395],[-73.8455,-50.9405],[-74.1915,-50.7775],[-74.364,-50.4875],[-74.645,-50.361],[-74.6845,-50.661],[-75.095,-50.682],[-74.814,-51.062],[-74.123,-51.196],[-73.896,-51.3315],[-73.9285,-51.6175],[-74.195,-51.68],[-73.6515,-51.8555],[-73.385,-52.071],[-72.9275,-51.859],[-72.4885,-51.7635],[-72.6935,-51.9855],[-73.1365,-52.13],[-73.6835,-52.0775],[-73.835,-52.234],[-74.2955,-52.1175],[-74.015,-52.64],[-73.241,-52.708],[-73.644,-52.8365],[-73.122,-53.074],[-72.6435,-52.529],[-71.513,-52.6055],[-72.1175,-52.6505],[-72.4525,-52.814],[-72.6755,-52.7495],[-73.0535,-53.2425],[-72.5495,-53.4615],[-72.2795,-53.1315],[-71.387,-52.7635],[-71.1565,-52.845],[-71.4015,-53.107],[-71.7395,-53.232],[-71.79,-53.484],[-71.9415,-53.234],[-72.305,-53.253],[-72.377,-53.472],[-72.1755,-53.6315],[-71.297,-53.883],[-70.9945,-53.779],[-70.9515,-53.227],[-70.7965,-52.7685],[-69.6195,-52.465],[-69.2415,-52.206],[-68.442,-52.357],[-68.46,-52.2915],[-69.9615,-52.0085],[-71.9195,-51.989],[-72.4095,-51.5415],[-72.305,-51.2985],[-72.341,-50.682],[-72.51,-50.6075],[-73.1545,-50.7375],[-73.5,-50.1245],[-73.5755,-49.583],[-73.4605,-49.314],[-73.1365,-49.3],[-72.9815,-48.977],[-72.6145,-48.793],[-72.6075,-48.519],[-72.3555,-48.366],[-72.3265,-48.109],[-72.5175,-47.8765],[-72.3445,-47.493],[-71.9055,-47.2015],[-71.9415,-46.8315],[-71.7325,-46.7065],[-71.7615,-46.3195],[-71.8765,-46.1595],[-71.6315,-45.953],[-71.747,-45.578],[-71.5095,-45.512],[-71.3545,-45.231],[-71.5955,-44.979],[-72.042,-44.9045],[-71.9555,-44.7915],[-71.261,-44.762],[-71.214,-44.441],[-71.819,-44.384],[-71.6785,-43.929],[-71.7505,-43.5905],[-71.9055,-43.4395],[-71.783,-43.167],[-72.1465,-42.99],[-72.125,-42.299],[-71.7615,-42.101],[-71.9125,-41.6495],[-71.873,-40.8925],[-71.9305,-40.6915],[-71.6965,-40.3355],[-71.819,-40.1775],[-71.639,-39.8875],[-71.7215,-39.636],[-71.538,-39.603],[-71.4195,-39.287],[-71.4265,-38.985],[-70.9515,-38.7385],[-71.027,-38.0405],[-71.1675,-37.7625],[-71.117,-37.115],[-71.1925,-36.8445],[-71.0555,-36.523],[-70.7495,-36.393],[-70.404,-36.0615],[-70.379,-35.7715],[-70.469,-35.3255],[-70.289,-34.7335],[-70.0515,-34.301],[-69.8535,-34.2245],[-69.893,-33.7315],[-69.821,-33.284],[-70.019,-33.2715],[-70.17,-32.4715],[-70.3645,-32.084],[-70.253,-31.9575],[-70.451,-31.841],[-70.584,-31.5685],[-70.5195,-31.1485],[-70.3465,-30.902],[-70.163,-30.44],[-69.9575,-30.3585],[-69.929,-29.7685],[-70.026,-29.324],[-69.828,-29.1035],[-69.6555,-28.4145],[-69.173,-27.9245],[-68.8455,-27.154],[-68.345,-27.027],[-68.3195,-26.878],[-68.5825,-26.5185],[-68.4135,-26.154],[-68.6005,-25.4855],[-68.3845,-25.0915],[-68.561,-24.838],[-68.507,-24.63],[-68.2515,-24.392],[-67.355,-24.0345],[-67.0095,-23.0015],[-67.1965,-22.821],[-67.5815,-22.892],[-67.8805,-22.8225],[-67.8805,-22.493],[-67.9885,-22.057],[-68.1865,-21.618],[-68.1975,-21.3],[-68.435,-20.9475],[-68.5575,-20.9025],[-68.4995,-20.6125],[-68.7445,-20.458],[-68.759,-20.116],[-68.6005,-20.045],[-68.6975,-19.7205],[-68.4635,-19.432],[-68.9675,-18.9685],[-69.0935,-18.283],[-69.0935,-18.0505],[-69.3135,-17.9425],[-69.5115,-17.505],[-69.8535,-17.703],[-69.803,-17.8995],[-69.9255,-18.2065],[-70.4185,-18.3455]]],[[[-68.6295,-52.6525],[-69.1655,-52.668],[-69.497,-52.491],[-69.9935,-52.821],[-70.379,-52.7515],[-70.1305,-52.9425],[-70.4615,-53.206],[-70.091,-53.418],[-69.5115,-53.3415],[-69.353,-53.4805],[-70.1485,-53.7615],[-69.9865,-54.109],[-69.0435,-54.4075],[-69.252,-54.557],[-69.7415,-54.305],[-70.17,-54.3795],[-70.631,-54.0045],[-70.379,-53.9875],[-70.53,-53.628],[-70.8685,-53.885],[-70.7605,-54.241],[-70.296,-54.4855],[-70.703,-54.4855],[-70.6995,-54.3485],[-71.6065,-54.4975],[-71.8335,-54.626],[-71.441,-54.619],[-70.4975,-54.81],[-70.0295,-54.8155],[-69.7235,-54.7115],[-69.486,-54.859],[-68.6545,-54.8535],[-68.6295,-52.6525]]],[[[-67.0815,-55.154],[-67.247,-54.977],[-68.1075,-54.93],[-68.3015,-54.9805],[-68.0715,-55.2215],[-67.535,-55.178],[-67.2575,-55.2825],[-67.0815,-55.154]]],[[[-73.7735,-43.3455],[-73.7485,-43.16],[-73.4355,-42.936],[-73.788,-42.5855],[-73.4715,-42.4655],[-73.529,-41.896],[-74.0365,-41.7955],[-74.159,-42.217],[-74.2095,-42.8785],[-74.375,-43.186],[-74.1155,-43.358],[-73.7735,-43.3455]]],[[[-74.4755,-49.1475],[-74.5655,-48.755],[-74.7925,-48.7045],[-75.185,-49.083],[-75.088,-49.2705],[-75.466,-49.359],[-75.3075,-49.4945],[-75.5485,-49.7915],[-75.066,-49.852],[-74.9615,-49.533],[-74.742,-49.4215],[-74.879,-49.7255],[-74.7635,-50.012],[-74.5695,-49.991],[-74.4755,-49.1475]]],[[[-75.509,-48.7635],[-75.16,-48.623],[-75.156,-48.425],[-75.39,-48.019],[-75.5595,-48.071],[-75.52,-48.328],[-75.6495,-48.5865],[-75.509,-48.7635]]],[[[-74.3855,-52.923],[-74.2705,-53.081],[-73.7915,-53.121],[-73.583,-53.3],[-73.1435,-53.3415],[-73.4495,-53.1435],[-74.3855,-52.923]]],[[[-74.5655,-48.592],[-74.8285,-47.8505],[-75.1995,-47.974],[-75.214,-48.142],[-74.922,-48.6265],[-74.5655,-48.592]]],[[[-72.924,-53.482],[-73.446,-53.4095],[-73.8455,-53.5465],[-73.313,-53.7285],[-73.3055,-53.944],[-72.762,-53.864],[-72.96,-54.0655],[-72.564,-54.074],[-72.204,-53.807],[-72.4815,-53.588],[-72.924,-53.482]]],[[[-74.8215,-51.63],[-75.106,-51.7895],[-74.85,-52.2705],[-74.6955,-52.279],[-74.5335,-51.9925],[-74.8215,-51.63]]],[[[-69.702,-54.9195],[-69.8855,-54.8815],[-69.9795,-55.147],[-69.6805,-55.218],[-69.4105,-55.444],[-69.2955,-55.166],[-68.8885,-55.2635],[-68.867,-55.451],[-68.5935,-55.451],[-68.0495,-55.6435],[-68.2835,-55.2545],[-68.597,-55.128],[-68.4565,-54.9595],[-68.8995,-55.0185],[-69.702,-54.9195]]],[[[-71.3905,-54.0325],[-71.9955,-53.885],[-72.2115,-54.048],[-71.9485,-54.3015],[-71.4735,-54.2305],[-71.142,-54.3745],[-71.0235,-54.1125],[-71.3905,-54.0325]]],[[[-73.734,-44.394],[-73.8995,-44.1355],[-74.0975,-44.389],[-74.501,-44.474],[-74.616,-44.6475],[-74.3495,-44.9115],[-74.0975,-45.3245],[-73.8495,-45.3405],[-73.727,-45.12],[-73.9825,-44.495],[-73.734,-44.394]]],[[[-72.9855,-44.7795],[-72.7655,-44.5485],[-73.2085,-44.335],[-73.446,-44.6405],[-73.349,-44.8335],[-72.9855,-44.7795]]],[[[-75.304,-50.6805],[-75.1165,-50.51],[-75.426,-50.4805],[-75.304,-50.6805]]],[[[-75.106,-48.8365],[-75.6205,-48.885],[-75.5055,-49.2305],[-75.106,-48.8365]]],[[[-74.5585,-51.2775],[-75.1525,-51.279],[-75.2895,-51.6245],[-75.048,-51.399],[-74.6195,-51.3955],[-74.5585,-51.2775]]],[[[-75.0555,-50.2965],[-74.8755,-50.109],[-75.3255,-50.012],[-75.448,-50.3435],[-75.0555,-50.2965]]],[[[-74.3135,-45.691],[-74.31,-45.172],[-74.688,-45.663],[-74.3135,-45.691]]],[[[-70.991,-54.8675],[-70.9405,-55.062],[-70.404,-55.166],[-70.4185,-54.909],[-70.8035,-54.968],[-70.991,-54.8675]]]]},"properties":{"name":"Chile"},"id":"CHL"},{"type":"Feature","geometry":{"type":"MultiPolygon","coordinates":[[[[121.863,31.4915],[121.4635,31.7555],[121.2115,31.806],[121.3375,31.6445],[121.863,31.4915]]],[[[122.295,29.964],[121.971,30.143],[122.025,30.0125],[122.295,29.964]]],[[[107.974,21.508],[108.525,21.671],[108.478,21.904],[108.7735,21.631],[109.029,21.626],[109.083,21.4405],[109.5435,21.5375],[109.9325,21.48],[109.6805,21.1315],[109.6625,20.9175],[109.792,20.6225],[110.1235,20.2635],[110.451,20.3555],[110.512,20.5185],[110.314,20.671],[110.3645,20.838],[110.181,20.8585],[110.1955,21.0375],[110.4115,21.338],[110.566,21.2145],[111.016,21.5115],[111.3185,21.4855],[111.603,21.5585],[111.945,21.85],[112.305,21.7425],[112.42,21.881],[112.5855,21.777],[112.809,21.9455],[113.5505,22.225],[113.554,22.5945],[113.331,22.9125],[113.619,23.1275],[113.619,22.862],[114.015,22.5115],[114.339,22.593],[114.555,22.5285],[114.652,22.7545],[114.8535,22.6175],[115.196,22.817],[115.498,22.7195],[115.642,22.8535],[115.851,22.8015],[116.2505,22.982],[116.47,22.9455],[116.6285,23.3535],[116.8625,23.4525],[116.9095,23.6465],[117.082,23.579],[117.4675,23.841],[117.6295,23.836],[118.058,24.2455],[118.0865,24.6275],[118.562,24.5805],[118.641,24.81],[118.9075,24.9295],[119.026,25.223],[119.2855,25.2315],[119.145,25.414],[119.422,25.459],[119.5915,25.369],[119.541,25.591],[119.62,26.004],[119.264,25.9745],[119.138,26.1225],[119.462,26.0545],[119.8795,26.334],[119.588,26.7855],[119.7895,26.8325],[119.883,26.61],[120.088,26.671],[120.279,27.098],[120.538,27.3185],[120.5885,27.5805],[121.1,28.2905],[121.2725,28.223],[121.604,28.367],[121.474,28.641],[121.629,28.768],[121.665,29.011],[121.449,29.131],[121.719,29.256],[121.917,29.134],[121.942,29.6065],[121.5065,29.485],[122.0825,29.8705],[121.6795,29.9795],[121.431,30.226],[121.161,30.3025],[120.9055,30.16],[120.632,30.1325],[120.448,30.3875],[120.8225,30.3545],[120.999,30.558],[121.528,30.8405],[121.8775,30.917],[121.6615,31.32],[121.0565,31.719],[120.7865,31.82],[120.7145,31.983],[120.1855,31.9655],[120.52,32.1065],[120.974,31.87],[121.352,31.858],[121.8665,31.7035],[121.834,31.8995],[121.402,32.207],[121.402,32.372],[120.855,32.662],[120.8695,33.016],[120.506,33.6375],[120.268,34.2745],[119.2025,34.7485],[119.217,35.0125],[119.4295,35.3025],[120.056,35.8615],[120.286,35.9845],[120.0955,36.118],[120.3295,36.2275],[120.394,36.054],[120.682,36.1685],[120.682,36.3405],[120.988,36.5975],[121.9315,36.96],[122.342,36.8315],[122.518,36.9465],[122.601,37.427],[122.338,37.4045],[122.0575,37.5295],[121.64,37.46],[120.7505,37.8335],[120.2575,37.679],[120.3115,37.6235],[119.883,37.3505],[119.7605,37.1545],[119.451,37.125],[118.954,37.3315],[119.0875,37.7015],[118.94,38.0435],[118.0145,38.184],[117.766,38.3125],[117.5575,38.625],[117.784,39.1335],[118.04,39.2275],[118.299,39.0675],[118.911,39.1665],[119.224,39.408],[119.39,39.7515],[119.5915,39.9025],[120.4805,40.231],[120.772,40.5885],[121.1755,40.901],[121.8595,40.842],[122.2735,40.5415],[122.1905,40.3575],[121.802,39.9515],[121.5175,39.8455],[121.5175,39.639],[121.269,39.545],[121.276,39.3855],[121.82,39.387],[121.6795,39.1095],[121.107,38.92],[121.1645,38.731],[121.6505,38.8645],[122.3345,39.366],[123.033,39.6735],[123.76,39.823],[124.106,39.84],[124.3615,40.0035],[124.3865,40.104],[124.8905,40.46],[125.4165,40.6595],[125.7295,40.866],[125.9885,40.9045],[126.489,41.3575],[126.6005,41.6405],[126.903,41.781],[127.1805,41.531],[128.1485,41.387],[128.2925,41.5625],[128.0445,41.9875],[128.9225,42.038],[129.315,42.413],[129.7185,42.4755],[129.8985,42.998],[130.2405,42.892],[130.2475,42.7445],[130.5285,42.536],[130.424,42.727],[131.0685,42.9025],[131.259,43.378],[131.1725,43.7045],[131.2555,44.071],[131.061,44.6595],[131.0825,44.9095],[131.4465,44.984],[131.853,45.3275],[131.979,45.2445],[132.9365,45.029],[133.113,45.1315],[133.185,45.4945],[133.437,45.6055],[133.5125,45.878],[133.862,46.248],[133.8655,46.4995],[134.204,47.128],[134.168,47.3015],[134.4845,47.4475],[134.751,47.7145],[134.5675,48.022],[134.564,48.3225],[134.294,48.3725],[133.844,48.2735],[133.4695,48.0965],[133.1455,48.1055],[132.7065,47.9475],[132.5625,47.7685],[131.7845,47.68],[131.0035,47.692],[130.7335,48.0185],[130.8055,48.3415],[130.5535,48.602],[130.5535,48.8605],[130.197,48.8915],[129.4985,49.388],[129.1205,49.362],[128.768,49.5775],[128.001,49.5685],[127.5005,49.8745],[127.5905,50.2095],[127.3065,50.454],[127.3065,50.7075],[126.9245,51.1],[126.806,51.506],[126.5105,51.926],[126.3125,52.4],[126.05,52.7385],[125.6505,53.0425],[125.0745,53.204],[124.8115,53.1345],[123.609,53.546],[122.09,53.452],[120.9845,53.284],[120.0955,52.7875],[120.0665,52.633],[120.657,52.567],[120.7505,52.0965],[120.5095,51.848],[120.0665,51.6],[119.4475,50.7025],[119.163,50.4055],[119.3465,50.279],[119.26,50.067],[118.45,49.845],[117.874,49.513],[117.244,49.6245],[116.6825,49.824],[115.9555,48.6885],[115.786,48.2475],[115.5235,48.1315],[115.5595,47.9455],[115.898,47.687],[116.2325,47.859],[116.762,47.869],[117.352,47.652],[117.77,47.987],[118.497,47.984],[118.76,47.758],[119.71,47.1505],[119.8975,46.857],[119.7065,46.6055],[119.163,46.6385],[118.8425,46.76],[118.31,46.7165],[117.6725,46.522],[117.406,46.5705],[117.334,46.3625],[116.859,46.3885],[116.564,46.2895],[116.2145,45.8865],[116.24,45.7965],[115.682,45.458],[114.519,45.364],[114.0295,44.9425],[113.5865,44.746],[112.5965,44.918],[112.413,45.0585],[111.898,45.064],[111.621,44.8275],[111.4015,44.3675],[111.837,43.9355],[111.934,43.7115],[111.549,43.496],[111.009,43.3415],[110.4005,42.774],[109.443,42.4565],[108.687,42.4165],[108.172,42.4475],[106.7715,42.288],[105.1985,41.7375],[104.9825,41.5955],[104.4965,41.6595],[104.4965,41.8765],[103.7115,41.7515],[103.0745,42.0065],[101.973,42.215],[101.7135,42.465],[99.982,42.677],[99.467,42.5675],[97.2065,42.7895],[96.3855,42.72],[96.299,42.9285],[95.914,43.2065],[95.525,43.9545],[95.356,44.0065],[95.349,44.2775],[94.7115,44.3505],[94.2005,44.6455],[93.959,44.675],[93.6565,44.9005],[92.789,45.036],[92.4255,45.0085],[91.583,45.076],[90.8775,45.1955],[90.6615,45.5255],[90.7085,45.7305],[91.0035,46.036],[90.91,46.2705],[91.0325,46.529],[90.8705,46.9545],[90.496,47.286],[90.3125,47.6765],[90.028,47.878],[89.7795,47.8275],[89.56,48.0045],[89.0485,48.003],[88.577,48.22],[88.516,48.385],[87.9795,48.555],[88.0265,48.7355],[87.742,48.8815],[87.814,49.1625],[87.3245,49.086],[86.752,49.008],[86.7195,48.6975],[86.5505,48.529],[85.751,48.385],[85.5245,47.916],[85.6575,47.2545],[85.4845,47.0635],[84.786,46.831],[84.6675,46.9715],[84.016,46.97],[83.1915,47.187],[83.004,47.034],[82.3165,45.595],[82.583,45.4425],[82.4785,45.123],[81.989,45.161],[81.69,45.3485],[80.855,45.13],[80.0595,45.0065],[79.998,44.7965],[80.4555,44.746],[80.3365,44.439],[80.3545,44.097],[80.495,43.892],[80.7865,43.161],[80.3905,43.043],[80.538,42.873],[80.164,42.6665],[80.2105,42.1905],[80.218,42.0325],[79.2925,41.783],[78.364,41.3715],[78.1225,41.076],[77.5825,40.993],[76.985,41.0395],[76.823,40.9825],[76.481,40.4495],[75.678,40.3055],[75.5845,40.6055],[75.2425,40.481],[74.8645,40.493],[74.843,40.3455],[74.411,40.137],[73.9935,40.0435],[73.8385,39.762],[73.914,39.606],[73.6335,39.4495],[73.608,39.229],[73.7955,39.0015],[73.6945,38.854],[73.8025,38.6075],[74.0255,38.54],[74.2775,38.6595],[74.7455,38.5105],[74.9365,37.7725],[74.8935,37.6005],[75.12,37.3855],[74.8895,37.231],[74.7275,37.29],[74.3715,37.158],[74.5405,37.0225],[75.347,36.9135],[75.4225,36.738],[75.84,36.6495],[75.9735,36.382],[75.905,36.0885],[76.146,35.8285],[76.553,35.8875],[76.7655,35.6615],[77.446,35.476],[77.7985,35.4965],[78.047,35.45],[78.011,35.25],[78.281,34.6545],[78.936,34.3525],[78.7525,34.087],[78.803,33.5005],[79.1125,33.226],[79.2025,32.9465],[79.2205,32.5005],[78.918,32.358],[78.702,32.5975],[78.389,32.5195],[78.497,32.2155],[78.7345,31.9585],[78.803,31.6185],[78.742,31.3235],[79.1055,31.403],[79.566,30.9485],[79.793,30.9675],[80.1925,30.759],[80.1925,30.568],[80.682,30.4155],[81.01,30.1635],[81.2545,30.0925],[81.4165,30.3375],[81.6435,30.3875],[82.043,30.327],[82.158,30.115],[82.853,29.683],[83.1555,29.6135],[83.584,29.183],[83.9365,29.28],[84.102,29.2195],[84.228,28.912],[84.714,28.596],[85.1605,28.5925],[85.121,28.3165],[85.679,28.2765],[85.9525,27.9275],[86.0785,28.084],[86.41,27.9295],[86.554,28.0855],[87.1405,27.839],[87.6845,27.822],[88.109,27.8705],[88.109,27.933],[88.6205,28.0925],[88.847,27.8685],[88.75,27.5215],[88.8905,27.3165],[88.948,27.464],[89.5385,28.1085],[89.981,28.3115],[90.3485,28.2435],[90.352,28.0805],[90.7155,28.072],[91.079,27.9745],[91.2265,28.072],[91.6045,27.952],[91.6335,27.7595],[91.979,27.73],[92.663,27.9485],[92.7025,28.1465],[93.1205,28.4015],[93.2065,28.591],[93.9015,28.8025],[94.294,29.1445],[94.6215,29.313],[94.769,29.176],[95.421,29.0545],[95.5145,29.207],[96.0365,29.4465],[96.339,29.2105],[96.123,29.082],[96.1625,28.9105],[96.436,29.051],[96.58,28.7645],[96.281,28.412],[96.6015,28.4605],[97.077,28.3685],[97.3215,28.2175],[97.5375,28.511],[97.66,28.5005],[98.099,28.143],[98.297,27.5495],[98.65,27.572],[98.74,26.7855],[98.625,25.827],[98.333,25.5875],[98.171,25.5945],[97.919,25.237],[97.8185,25.2525],[97.739,24.8705],[97.5845,24.775],[97.5305,24.492],[97.667,24.3795],[97.631,23.8865],[98.0165,24.065],[98.8335,24.091],[98.6825,23.841],[98.8335,23.624],[98.8625,23.192],[99.341,23.0965],[99.507,22.9595],[99.3845,22.8255],[99.3375,22.4975],[99.1935,22.126],[99.917,22.029],[99.9785,21.7025],[100.216,21.463],[100.533,21.4575],[101.08,21.756],[101.1375,21.567],[101.224,21.2235],[101.728,21.1555],[101.735,21.8255],[101.523,22.2545],[101.6705,22.463],[102.1275,22.3795],[102.4265,22.7335],[103.006,22.4525],[103.301,22.765],[103.4705,22.598],[103.6215,22.782],[103.913,22.5375],[104.0535,22.7525],[104.3705,22.704],[104.795,22.9105],[104.8635,23.1365],[105.274,23.3445],[105.5475,23.072],[105.843,22.923],[106.5415,22.909],[106.779,22.7785],[106.5375,22.395],[106.6635,21.9785],[107.0055,21.8935],[107.3515,21.6085],[107.8015,21.645],[107.974,21.508]]],[[[110.89,19.9925],[110.6775,20.1365],[110.5875,19.977],[110.3935,20.0585],[109.9075,19.963],[109.3135,19.904],[109.2775,19.7615],[108.694,19.338],[108.6365,18.866],[108.7015,18.536],[109.029,18.3675],[109.5185,18.218],[110.451,18.7475],[110.5735,19.1715],[110.8215,19.5585],[111.0125,19.6555],[110.89,19.9925]]]]},"properties":{"name":"China"},"id":"CHN"},{"type":"Feature","geometry":{"type":"Polygon","coordinates":[[[-7.9905,10.163],[-8.138,10.0225],[-8.138,9.4965],[-7.8965,9.4165],[-7.9185,9.1895],[-7.778,9.0815],[-7.94,8.979],[-7.9505,8.7865],[-7.785,8.7205],[-7.6805,8.41],[-8.048,8.495],[-8.2385,8.455],[-8.2565,8.2535],[-8.0155,8.144],[-8.2315,7.5575],[-8.487,7.559],[-8.2965,7.075],[-8.3325,6.8025],[-8.6025,6.507],[-8.2025,6.29],[-7.8895,6.2345],[-7.796,5.976],[-7.454,5.8405],[-7.4,5.5505],[-7.5905,4.8215],[-7.544,4.351],[-6.8455,4.672],[-5.913,5.0105],[-5.564,5.089],[-4.0375,5.2295],[-4.61,5.2365],[-4.12,5.3095],[-3.346,5.1305],[-3.238,5.3355],[-3.0185,5.1305],[-2.817,5.153],[-2.7955,5.599],[-2.961,5.6425],[-3.202,6.3475],[-3.2345,6.8075],[-2.986,7.205],[-2.896,7.684],[-2.788,7.9325],[-2.5075,8.2085],[-2.601,8.8005],[-2.7485,9.045],[-2.6945,9.481],[-2.817,9.4255],[-3.224,9.896],[-3.879,9.894],[-4.268,9.743],[-4.3325,9.646],[-4.624,9.7135],[-4.97,9.9305],[-5.0995,10.2415],[-5.5245,10.4255],[-5.8445,10.389],[-6.0355,10.1945],[-6.2405,10.2795],[-6.2625,10.724],[-6.4065,10.573],[-6.6545,10.656],[-6.6945,10.349],[-6.95,10.342],[-6.9645,10.198],[-7.364,10.2585],[-7.497,10.439],[-7.6625,10.427],[-7.9905,10.163]]]},"properties":{"name":"Ivory Coast"},"id":"CIV"},{"type":"Feature","geometry":{"type":"Polygon","coordinates":[[[8.5555,4.7555],[8.5735,4.5265],[8.919,4.554],[9.002,4.0925],[9.4265,3.9225],[9.4845,4.0665],[9.74,3.853],[9.5565,3.7975],[9.8765,3.3095],[9.9485,3.0785],[9.801,2.3045],[9.981,2.167],[11.3275,2.167],[11.349,2.299],[12.3605,2.2955],[13.221,2.2555],[13.293,2.162],[14.4845,2.155],[14.5785,2.1985],[14.9025,2.0125],[15.1615,2.035],[15.338,1.945],[15.741,1.9155],[16.058,1.676],[16.069,2.0215],[16.184,2.2695],[16.065,2.9085],[15.7735,3.127],[15.129,3.827],[15.1365,4.07],[15.021,4.358],[14.708,4.6655],[14.6395,5.179],[14.564,5.28],[14.618,5.865],[14.4305,6.0385],[14.7655,6.316],[15.0355,6.785],[15.2445,7.264],[15.4785,7.5245],[15.5505,7.7885],[15.4425,7.8525],[15.115,8.5575],[14.3335,9.203],[13.977,9.691],[14.2435,9.979],[14.8375,9.941],[15.655,10.007],[15.277,10.3575],[15.068,10.8505],[15.0285,11.1145],[15.122,11.5415],[15.0825,11.8455],[14.8805,12.269],[14.762,12.656],[14.546,12.821],[14.517,12.979],[14.0635,13.078],[14.1965,12.3835],[14.5205,12.2985],[14.6285,12.1095],[14.5605,11.493],[13.8905,11.1405],[13.5345,10.606],[13.4155,10.172],[13.2715,10.0365],[13.1745,9.54],[12.9295,9.427],[12.807,8.887],[12.584,8.6235],[12.404,8.5955],[12.2345,8.283],[12.015,7.5905],[11.7665,7.2725],[11.8605,7.1165],[11.5795,6.889],[11.5505,6.698],[11.1545,6.4375],[11.0325,6.698],[10.6075,7.0625],[10.4815,6.891],[10.2045,6.891],[10.143,6.9965],[9.7795,6.7605],[9.6605,6.5315],[9.0595,6.009],[8.9335,5.7815],[8.8005,5.198],[8.5555,4.7555]]]},"properties":{"name":"Cameroon"},"id":"CMR"},{"type":"Feature","geometry":{"type":"Polygon","coordinates":[[[30.7495,-8.1935],[30.314,-7.204],[30.1055,-6.9155],[29.7095,-6.617],[29.54,-6.313],[29.479,-6.025],[29.6085,-5.723],[29.342,-4.9835],[29.4035,-4.4485],[29.2235,-3.9105],[29.2235,-3.053],[28.921,-2.6815],[28.856,-2.447],[29.108,-2.2335],[29.1295,-1.8605],[29.353,-1.5185],[29.576,-1.388],[29.5615,-0.9765],[29.7165,0.098],[29.936,0.499],[29.9435,0.82],[30.1845,0.973],[30.944,1.683],[31.2535,2.044],[31.178,2.2695],[30.728,2.4555],[30.847,2.8475],[30.7535,3.042],[30.908,3.4085],[30.8395,3.49],[30.5875,3.6235],[30.5085,3.8355],[30.1955,3.9815],[29.677,4.587],[29.468,4.6115],[29.1515,4.3875],[28.7265,4.5055],[28.4275,4.325],[28.1935,4.351],[27.787,4.6445],[27.4015,5.1095],[27.1135,5.198],[26.822,5.063],[25.526,5.313],[25.249,5.0245],[24.7665,4.931],[24.32,4.9935],[23.4165,4.6635],[23.1175,4.7365],[22.754,4.646],[22.423,4.136],[21.6885,4.2815],[21.537,4.245],[20.954,4.4135],[20.558,4.462],[20.227,4.83],[19.8055,5.089],[19.4995,5.127],[19.0675,4.891],[18.83,4.523],[18.567,4.2575],[18.632,3.9535],[18.6105,3.478],[18.4915,2.924],[18.211,2.4155],[18.0705,2.0125],[18.0595,1.5355],[17.901,1.1185],[17.9265,0.537],[17.887,0.235],[17.725,-0.277],[17.7535,-0.5495],[17.2785,-0.9995],[16.976,-1.14],[16.7815,-1.376],[16.5405,-1.8395],[16.2165,-2.178],[16.2165,-3.0305],[16.148,-3.4645],[15.871,-3.935],[15.601,-4.0305],[15.1075,-4.461],[14.78,-4.8465],[14.409,-4.8305],[14.3585,-4.2995],[13.941,-4.485],[13.718,-4.454],[13.6855,-4.6885],[13.4155,-4.8375],[13.0735,-4.6345],[12.8285,-4.737],[12.4505,-5.072],[12.5225,-5.1485],[12.5045,-5.695],[12.213,-5.7595],[12.411,-5.987],[13.07,-5.8655],[13.977,-5.8565],[14.3985,-5.893],[16.3135,-5.8655],[16.537,-5.966],[16.699,-6.164],[16.742,-6.619],[16.9185,-6.9345],[16.983,-7.2575],[17.156,-7.4605],[17.5375,-8.0755],[17.912,-8.0685],[18.6535,-7.9365],[18.8985,-7.999],[19.341,-7.966],[19.37,-7.655],[19.4815,-7.473],[19.5285,-7.145],[19.6615,-7.037],[20.4825,-6.9155],[20.6085,-7.2785],[21.7495,-7.306],[21.843,-7.421],[21.7785,-7.865],[21.897,-8.341],[21.9045,-8.6935],[21.8145,-9.4695],[22.196,-10.0405],[22.304,-10.3965],[22.3075,-10.6915],[22.178,-10.893],[22.279,-11.195],[22.5595,-11.056],[23.157,-11.075],[23.3985,-10.976],[23.834,-11.0145],[23.967,-10.872],[24.32,-11.0715],[24.3345,-11.372],[25.321,-11.2365],[25.3495,-11.6235],[26.0265,-11.891],[26.5955,-11.9725],[26.948,-11.8995],[27.0455,-11.6165],[27.1965,-11.6045],[27.535,-12.195],[28.3595,-12.481],[28.55,-12.8355],[28.6725,-12.8615],[29.0145,-13.3685],[29.2015,-13.398],[29.5545,-13.2485],[29.7955,-13.3925],[29.7955,-12.155],[29.558,-12.2015],[29.4285,-12.431],[29.065,-12.3495],[28.4815,-11.813],[28.3555,-11.483],[28.543,-10.8025],[28.64,-10.669],[28.6295,-9.832],[28.399,-9.2245],[28.6795,-9.0145],[28.9175,-8.7],[28.8995,-8.485],[30.7495,-8.1935]]]},"properties":{"name":"DR Congo"},"id":"COD"},{"type":"Feature","geometry":{"type":"Polygon","coordinates":[[[11.1295,-3.916],[11.7775,-4.565],[12.0185,-5.0045],[12.386,-4.619],[12.8825,-4.4455],[13.0735,-4.6345],[13.4155,-4.8375],[13.6855,-4.6885],[13.718,-4.454],[13.941,-4.485],[14.3585,-4.2995],[14.409,-4.8305],[14.78,-4.8465],[15.1075,-4.461],[15.601,-4.0305],[15.871,-3.935],[16.148,-3.4645],[16.2165,-3.0305],[16.2165,-2.178],[16.5405,-1.8395],[16.7815,-1.376],[16.976,-1.14],[17.2785,-0.9995],[17.7535,-0.5495],[17.725,-0.277],[17.887,0.235],[17.9265,0.537],[17.901,1.1185],[18.0595,1.5355],[18.0705,2.0125],[18.211,2.4155],[18.4915,2.924],[18.6105,3.478],[18.4735,3.6235],[18.1605,3.5005],[17.437,3.6845],[16.569,3.462],[16.4755,3.1655],[16.4685,2.832],[16.184,2.2695],[16.069,2.0215],[16.058,1.676],[15.741,1.9155],[15.338,1.945],[15.1615,2.035],[14.9025,2.0125],[14.5785,2.1985],[14.4845,2.155],[13.293,2.162],[13.1635,1.648],[13.275,1.242],[13.851,1.419],[14.1825,1.3705],[14.4305,0.9015],[14.2325,0.551],[14.0885,0.537],[13.8835,0.1915],[13.8585,-0.2025],[14.0705,-0.27],[14.481,-0.619],[14.409,-0.9715],[14.456,-1.4125],[14.384,-1.89],[14.2505,-2.001],[14.0885,-2.466],[13.887,-2.466],[13.7325,-2.138],[13.466,-2.395],[12.9905,-2.3135],[12.7925,-1.9315],[12.591,-1.8275],[12.4325,-1.928],[12.447,-2.331],[12.0655,-2.4125],[11.6045,-2.343],[11.5365,-2.836],[11.7595,-2.9835],[11.6875,-3.1275],[11.936,-3.3185],[11.8495,-3.697],[11.504,-3.52],[11.288,-3.6415],[11.1295,-3.916]]]},"properties":{"name":"Republic of the Congo"},"id":"COG"},{"type":"Feature","id":"COK","properties":{"name":"Cook Islands"},"geometry":{"type":"Polygon","coordinates":[[[-159.739,-21.25],[-159.7715,-21.25],[-159.8145,-21.243],[-159.84,-21.2375],[-159.8435,-21.229],[-159.8325,-21.201],[-159.811,-21.1855],[-159.768,-21.189],[-159.739,-21.208],[-159.7355,-21.241],[-159.739,-21.25]]]}},{"type":"Feature","geometry":{"type":"Polygon","coordinates":[[[-71.3185,11.8625],[-71.1385,12.047],[-71.261,12.335],[-71.7145,12.42],[-72.1355,12.189],[-72.276,11.889],[-72.7225,11.7115],[-73.313,11.295],[-73.7955,11.276],[-74.058,11.34],[-74.4,10.7655],[-74.454,10.9895],[-74.843,11.1095],[-75.448,10.611],[-75.682,9.729],[-75.6385,9.4495],[-75.905,9.4305],[-76.1355,9.2655],[-76.276,8.9895],[-76.92,8.573],[-76.8195,8.4655],[-76.744,8.002],[-77.374,8.658],[-77.478,8.4985],[-77.212,8.033],[-77.352,7.705],[-77.5395,7.566],[-77.705,7.691],[-77.8995,7.2295],[-77.3595,6.5035],[-77.471,6.1775],[-77.248,5.78],[-77.536,5.5365],[-77.4025,5.417],[-77.2875,4.7225],[-77.41,4.247],[-77.3595,3.945],[-77.0785,3.9135],[-77.356,3.3495],[-77.669,2.879],[-78.119,2.4885],[-78.533,2.424],[-78.616,2.306],[-78.576,1.773],[-78.792,1.8495],[-79.026,1.624],[-78.8605,1.4555],[-78.3135,1.0455],[-77.4675,0.636],[-77.424,0.424],[-76.83,0.247],[-76.4955,0.235],[-76.312,0.4485],[-76.067,0.346],[-75.88,0.1515],[-75.286,-0.107],[-75.138,-0.0495],[-74.8035,-0.2005],[-74.418,-0.581],[-74.2455,-0.97],[-73.6655,-1.2495],[-73.493,-1.5375],[-73.4965,-1.6935],[-73.1975,-1.831],[-73.1545,-2.2785],[-72.888,-2.409],[-72.6255,-2.3515],[-72.395,-2.428],[-71.9845,-2.3275],[-71.754,-2.152],[-71.3975,-2.3345],[-70.9155,-2.218],[-70.0945,-2.659],[-70.073,-2.751],[-70.7355,-3.782],[-70.3395,-3.815],[-69.965,-4.235],[-69.7955,-3.355],[-69.3995,-1.1955],[-69.5435,-0.9175],[-69.666,-0.482],[-70.0695,-0.1385],[-70.055,0.5785],[-69.4715,0.7295],[-69.155,0.643],[-69.162,0.8635],[-69.36,1.065],[-69.8535,1.0595],[-69.8495,1.709],[-69.5795,1.7715],[-69.3205,1.721],[-68.1755,1.7195],[-68.1935,1.9865],[-67.9885,1.7525],[-67.8155,1.7905],[-67.499,2.108],[-67.3515,2.0855],[-67.0885,1.615],[-67.092,1.2105],[-66.876,1.223],[-66.8835,1.358],[-67.211,2.3895],[-67.8335,2.893],[-67.3115,3.4155],[-67.661,3.865],[-67.8555,4.5075],[-67.8265,5.271],[-67.4375,6.0265],[-67.5675,6.2415],[-67.938,6.2415],[-68.471,6.1565],[-69.09,6.1845],[-69.4285,6.1235],[-70.0945,6.9375],[-70.656,7.0835],[-71.0125,6.995],[-71.621,7.033],[-71.891,6.99],[-72.0855,7.0975],[-72.2075,7.37],[-72.4705,7.5245],[-72.4455,7.9655],[-72.359,8.087],[-72.4165,8.382],[-72.665,8.627],[-72.798,9.1095],[-73.0575,9.2585],[-73.356,9.2275],[-73.007,9.79],[-72.87,10.4915],[-72.69,10.835],[-72.4455,11.1145],[-72.2475,11.196],[-71.9595,11.6665],[-71.3185,11.8625]]]},"properties":{"name":"Colombia"},"id":"COL"},{"type":"Feature","id":"COM","properties":{"name":"Comoros"},"geometry":{"type":"MultiPolygon","coordinates":[[[[44.4765,-12.082],[44.527,-12.219],[44.527,-12.3235],[44.5055,-12.356],[44.4585,-12.3355],[44.376,-12.252],[44.221,-12.172],[44.293,-12.1655],[44.336,-12.172],[44.3795,-12.1655],[44.408,-12.12],[44.412,-12.0925],[44.4515,-12.0715],[44.4765,-12.082]]],[[[43.789,-12.3075],[43.8575,-12.3685],[43.663,-12.3425],[43.634,-12.2885],[43.6305,-12.247],[43.7025,-12.2555],[43.789,-12.3075]]],[[[43.465,-11.9015],[43.447,-11.9155],[43.357,-11.858],[43.303,-11.844],[43.2275,-11.752],[43.256,-11.4325],[43.2815,-11.391],[43.2995,-11.3735],[43.3425,-11.3685],[43.393,-11.4085],[43.3785,-11.615],[43.447,-11.752],[43.49,-11.8615],[43.465,-11.9015]]]]}},{"type":"Feature","id":"CPV","properties":{"name":"Cape Verde"},"geometry":{"type":"MultiPolygon","coordinates":[[[[-25.1695,16.946],[-25.267,16.9265],[-25.31,16.9355],[-25.321,17.015],[-25.3425,17.0675],[-25.339,17.0915],[-25.112,17.194],[-25.0365,17.1765],[-24.979,17.095],[-25.0185,17.05],[-25.1695,16.946]]],[[[-23.445,15.0085],[-23.5065,14.9165],[-23.636,14.9235],[-23.7045,14.9615],[-23.7835,15.076],[-23.7835,15.1665],[-23.755,15.2425],[-23.7585,15.3105],[-23.7475,15.328],[-23.708,15.3175],[-23.701,15.272],[-23.5785,15.161],[-23.535,15.1385],[-23.445,15.0085]]],[[[-24.889,16.8175],[-24.968,16.7945],[-25.0185,16.7965],[-25.094,16.833],[-25.069,16.871],[-24.9895,16.913],[-24.9355,16.9215],[-24.8925,16.847],[-24.889,16.8175]]],[[[-22.916,16.2375],[-22.833,16.2185],[-22.8045,16.2255],[-22.7505,16.222],[-22.693,16.17],[-22.682,16.1125],[-22.711,16.043],[-22.819,15.9855],[-22.8835,15.9925],[-22.959,16.045],[-22.916,16.149],[-22.916,16.2375]]],[[[-24.309,14.8555],[-24.385,14.8175],[-24.439,14.835],[-24.493,14.8745],[-24.518,14.932],[-24.4965,14.9805],[-24.392,15.038],[-24.331,15.019],[-24.295,14.9305],[-24.309,14.8555]]],[[[-24.086,16.623],[-24.0465,16.5935],[-24.032,16.5725],[-24.093,16.5605],[-24.2445,16.5985],[-24.284,16.576],[-24.3235,16.4925],[-24.399,16.6175],[-24.392,16.6645],[-24.3775,16.6785],[-24.2695,16.6455],[-24.086,16.623]]],[[[-22.887,16.6595],[-22.9195,16.607],[-22.959,16.6835],[-22.981,16.701],[-22.9915,16.8085],[-22.934,16.8415],[-22.905,16.8435],[-22.905,16.732],[-22.887,16.6595]]],[[[-23.1825,15.137],[-23.211,15.1335],[-23.251,15.1785],[-23.2435,15.241],[-23.247,15.2565],[-23.211,15.3245],[-23.139,15.3175],[-23.1175,15.269],[-23.1175,15.1665],[-23.1825,15.137]]]]}},{"type":"Feature","geometry":{"type":"Polygon","coordinates":[[[-82.565,9.5765],[-82.7775,9.67],[-83.447,10.4655],[-83.6415,10.9165],[-83.8105,10.743],[-84.167,10.781],[-84.347,10.979],[-84.7,11.052],[-84.9085,10.946],[-85.5855,11.189],[-85.744,11.0625],[-85.9095,10.8975],[-85.6685,10.745],[-85.8305,10.3975],[-85.798,10.1335],[-85.625,9.903],[-85.3155,9.811],[-85.114,9.5815],[-84.887,9.821],[-85.1605,10.0175],[-85.2615,10.257],[-84.714,9.8995],[-84.66,9.646],[-83.897,9.276],[-83.638,9.035],[-83.6125,8.804],[-83.735,8.6145],[-83.544,8.4465],[-83.292,8.4065],[-83.4685,8.7065],[-83.1625,8.5885],[-83.123,8.3525],[-82.878,8.0715],[-83.022,8.316],[-82.86,8.453],[-82.918,8.7395],[-82.727,8.9165],[-82.9395,9.061],[-82.9395,9.4495],[-82.8025,9.592],[-82.565,9.5765]]]},"properties":{"name":"Costa Rica"},"id":"CRI"},{"type":"Feature","geometry":{"type":"MultiPolygon","coordinates":[[[[-81.838,23.1625],[-82.1005,23.19],[-82.666,23.0445],[-83.256,22.968],[-84.0445,22.666],[-84.3615,22.3795],[-84.3255,22.074],[-84.876,21.8935],[-84.502,21.93],[-84.502,21.7755],[-84.03,21.9435],[-83.933,22.1505],[-83.3785,22.223],[-82.738,22.6885],[-81.9025,22.68],[-81.7585,22.466],[-82.079,22.388],[-81.816,22.2005],[-81.222,22.1435],[-81.186,22.2685],[-80.963,22.053],[-80.4985,22.0635],[-80.232,21.8725],[-79.2745,21.562],[-78.8245,21.619],[-78.6375,21.515],[-78.49,21.053],[-77.9965,20.7145],[-77.23,20.6435],[-77.1075,20.4925],[-77.212,20.2995],[-77.554,20.0825],[-77.716,19.8555],[-76.9995,19.8935],[-76.157,19.989],[-75.552,19.892],[-75.1165,19.902],[-74.634,20.0585],[-74.2525,20.079],[-74.166,20.293],[-74.5115,20.385],[-74.958,20.673],[-75.642,20.7335],[-75.5955,20.994],[-75.7215,21.1105],[-76.074,21.133],[-76.6465,21.284],[-77.1,21.5895],[-77.208,21.4785],[-77.3665,21.612],[-77.1435,21.6435],[-77.496,21.871],[-77.6365,21.798],[-78.144,22.1085],[-78.688,22.3675],[-79.2745,22.407],[-79.678,22.7425],[-80.074,22.942],[-80.3655,22.9435],[-80.65,23.1035],[-81.179,23.06],[-81.2725,23.1295],[-81.838,23.1625]]],[[[-77.669,21.9525],[-77.633,22.055],[-77.9175,22.088],[-77.669,21.9525]]],[[[-82.5615,21.572],[-82.716,21.89],[-82.99,21.942],[-83.0835,21.791],[-82.853,21.4435],[-82.5615,21.572]]]]},"properties":{"name":"Cuba"},"id":"CUB"},{"type":"Feature","id":"CUW","properties":{"name":"Curaçao"},"geometry":{"type":"Polygon","coordinates":[[[-68.7515,12.059],[-68.802,12.045],[-68.9965,12.142],[-69.155,12.2985],[-69.1585,12.38],[-69.119,12.373],[-69.0755,12.342],[-69.0145,12.231],[-68.8275,12.158],[-68.7515,12.059]]]}},{"type":"Feature","id":"CYM","properties":{"name":"Cayman Islands"},"geometry":{"type":"MultiPolygon","coordinates":[[[[-81.37,19.3485],[-81.3375,19.3295],[-81.298,19.3415],[-81.2835,19.3625],[-81.132,19.3465],[-81.107,19.305],[-81.226,19.303],[-81.276,19.277],[-81.305,19.272],[-81.406,19.279],[-81.42,19.3745],[-81.3915,19.385],[-81.37,19.3485]]],[[[-79.98,19.7075],[-79.9875,19.7025],[-80.02,19.706],[-80.0955,19.666],[-80.124,19.668],[-80.117,19.6835],[-80.1025,19.6955],[-80.0845,19.706],[-80.0665,19.7095],[-80.016,19.718],[-79.991,19.72],[-79.9765,19.7095],[-79.98,19.7075]]],[[[-79.822,19.711],[-79.8685,19.6975],[-79.9045,19.7025],[-79.8255,19.744],[-79.804,19.758],[-79.786,19.765],[-79.768,19.765],[-79.7425,19.7565],[-79.7425,19.751],[-79.822,19.711]]]]}},{"type":"Feature","id":"CYP","properties":{"name":"Cyprus"},"geometry":{"type":"Polygon","coordinates":[[[32.7115,35.1705],[32.719,35.146],[32.7835,35.1165],[32.87,35.0885],[32.9205,35.087],[32.9855,35.1165],[33.079,35.146],[33.1905,35.174],[33.248,35.1565],[33.3275,35.153],[33.385,35.1635],[33.4245,35.141],[33.457,35.101],[33.464,35.0055],[33.475,35],[33.5255,35.0385],[33.6155,35.023],[33.6765,35.0175],[33.727,35.0365],[33.7555,35.04],[33.7915,35.049],[33.8315,35.068],[33.8675,35.094],[33.9035,35.0855],[33.9645,35.0575],[34.004,35.0645],[34.022,35.0455],[34.051,34.988],[33.9355,34.9705],[33.824,34.9655],[33.7595,34.9725],[33.698,34.9705],[33.5145,34.806],[33.4135,34.75],[33.295,34.717],[33.176,34.698],[33.115,34.6965],[33.061,34.6755],[33.025,34.6375],[33.025,34.599],[33.007,34.5695],[32.942,34.5765],[32.9135,34.6355],[32.8665,34.6615],[32.7515,34.648],[32.6935,34.6495],[32.5065,34.707],[32.449,34.7295],[32.413,34.778],[32.3155,34.9535],[32.3015,35.0835],[32.3915,35.0505],[32.474,35.0905],[32.557,35.1565],[32.654,35.1825],[32.7115,35.1705]]]}},{"type":"Feature","geometry":{"type":"Polygon","coordinates":[[[18.8335,49.5115],[18.5635,49.8795],[18.027,50.0355],[17.876,49.9715],[17.415,50.2545],[16.879,50.4265],[16.9905,50.237],[16.681,50.098],[16.209,50.4245],[16.418,50.574],[16.0075,50.612],[15.356,50.8115],[14.9925,51.015],[14.8085,50.8585],[14.5065,51.0095],[14.3695,50.8985],[13.527,50.6935],[13.473,50.6175],[12.4545,50.35],[12.2095,50.098],[12.512,49.895],[12.3895,49.739],[12.6305,49.461],[13.815,48.7665],[14.049,48.602],[14.69,48.6],[14.924,48.772],[14.9705,48.9835],[15.309,48.9735],[16.058,48.7545],[16.479,48.7995],[16.9545,48.5985],[17.1885,48.8605],[17.757,48.888],[18.085,49.0655],[18.1605,49.258],[18.596,49.4905],[18.8335,49.5115]]]},"properties":{"name":"Czechia"},"id":"CZE"},{"type":"Feature","geometry":{"type":"MultiPolygon","coordinates":[[[[9.524,47.5235],[9.7505,47.576],[10.3125,47.3135],[10.431,47.541],[10.874,47.52],[10.982,47.3985],[11.7165,47.5825],[12.1845,47.619],[12.2095,47.718],[12.6845,47.6695],[13.016,47.4785],[13.0555,47.6555],[12.8145,48.161],[13.6745,48.5235],[13.815,48.7665],[12.6305,49.461],[12.3895,49.739],[12.512,49.895],[12.2095,50.098],[12.4545,50.35],[13.473,50.6175],[13.527,50.6935],[14.3695,50.8985],[14.5065,51.0095],[14.8085,50.8585],[15.0175,51.2525],[14.726,51.5235],[14.6,51.8325],[14.751,52.0825],[14.553,52.36],[14.618,52.5285],[14.1285,52.8775],[14.4165,53.284],[14.258,53.73],[13.8655,53.853],[13.725,54.1535],[13.448,54.1415],[13.0305,54.4105],[12.5765,54.4675],[12.1125,54.169],[11.7955,54.145],[11.3995,53.945],[10.917,53.9955],[11.0145,54.379],[10.73,54.3165],[10.143,54.4885],[9.891,54.78],[8.6705,54.9035],[8.9585,54.539],[8.649,54.3985],[8.9085,54.261],[8.9765,53.926],[8.6205,53.876],[8.4945,53.5145],[8.246,53.445],[8.0085,53.69],[7.2845,53.6815],[7.0545,53.376],[7.1985,53.282],[7.191,52.999],[7.0145,52.633],[6.7485,52.6345],[6.7485,52.4645],[7.0365,52.381],[6.723,52.0805],[6.741,51.9105],[5.949,51.763],[6.194,51.489],[6.129,51.147],[5.895,50.9835],[5.9925,50.751],[6.237,50.5965],[6.363,50.317],[6.1185,50.121],[6.14,49.975],[6.489,49.798],[6.345,49.4525],[6.734,49.161],[7.4505,49.152],[8.1345,48.9735],[7.839,48.6365],[7.5835,48.0635],[7.616,47.593],[8.415,47.5895],[8.6165,47.767],[9.182,47.6715],[9.524,47.5235]]],[[[13.7105,54.3825],[13.4225,54.6985],[13.178,54.544],[13.365,54.2455],[13.7105,54.3825]]],[[[14.211,53.9505],[13.826,54.1275],[13.9265,53.879],[14.2145,53.8705],[14.211,53.9505]]]]},"properties":{"name":"Germany"},"id":"DEU"},{"type":"Feature","id":"DJI","properties":{"name":"Djibouti"},"geometry":{"type":"Polygon","coordinates":[[[43.2455,11.5],[43.159,11.366],[43.0475,11.1945],[42.9215,11],[42.846,10.998],[42.7845,11.0085],[42.7415,11.0415],[42.655,11.078],[42.558,11.0815],[42.464,11.047],[42.3095,11.005],[42.1655,10.9915],[42.054,10.9685],[41.9565,10.941],[41.874,10.9565],[41.798,10.981],[41.784,11.1875],[41.766,11.413],[41.766,11.5885],[41.791,11.6855],[41.816,11.724],[41.9495,11.8575],[41.996,11.913],[42.1475,12.1335],[42.2805,12.3245],[42.378,12.467],[42.41,12.4945],[42.45,12.5205],[42.4785,12.5135],[42.6695,12.3765],[42.7055,12.38],[42.7665,12.4235],[42.824,12.5695],[42.8675,12.623],[42.882,12.6215],[43.004,12.663],[43.116,12.708],[43.13,12.6615],[43.2995,12.4635],[43.3535,12.366],[43.411,12.189],[43.3785,12.092],[43.3355,12.0275],[43.2705,11.9705],[43.0475,11.83],[42.799,11.7395],[42.6405,11.5605],[42.522,11.573],[42.54,11.505],[42.583,11.4965],[42.6515,11.5105],[42.788,11.5625],[42.9105,11.5865],[43.044,11.5885],[43.1625,11.566],[43.2455,11.5]]]}},{"type":"Feature","id":"DMA","properties":{"name":"Dominica"},"geometry":{"type":"Polygon","coordinates":[[[-61.2815,15.2495],[-61.375,15.227],[-61.415,15.4005],[-61.4795,15.5255],[-61.469,15.604],[-61.458,15.6335],[-61.321,15.5845],[-61.278,15.5275],[-61.253,15.373],[-61.2815,15.2495]]]}},{"type":"Feature","id":"DNK","properties":{"name":"Denmark"},"geometry":{"type":"MultiPolygon","coordinates":[[[[12.5695,55.7855],[12.5695,55.6845],[12.5445,55.655],[12.5085,55.636],[12.4075,55.617],[12.321,55.5875],[12.242,55.537],[12.2165,55.466],[12.2745,55.414],[12.386,55.386],[12.4145,55.2855],[12.321,55.237],[12.0905,55.188],[12.0655,55.07],[12.0725,54.9765],[12.069,54.9085],[12.051,54.815],[11.864,54.7735],[11.7415,54.9155],[11.7415,54.973],[11.702,55.039],[11.6985,55.096],[11.655,55.1865],[11.475,55.2105],[11.4065,55.214],[11.3095,55.1985],[11.288,55.204],[11.169,55.329],[11.1905,55.466],[11.1295,55.5355],[11.1185,55.5665],[11.1225,55.6015],[11.072,55.629],[11.007,55.6445],[10.9785,55.721],[11.0505,55.74],[11.223,55.7315],[11.277,55.737],[11.324,55.7525],[11.4645,55.879],[11.4605,55.907],[11.475,55.9435],[11.6265,55.957],[11.6945,55.9085],[11.684,55.829],[11.691,55.73],[11.7845,55.702],[11.8205,55.697],[11.8565,55.7715],[11.8855,55.808],[11.9215,55.829],[11.936,55.8965],[11.9145,55.938],[11.8675,55.9675],[12.0405,56.0525],[12.2205,56.1185],[12.3245,56.122],[12.429,56.1065],[12.5265,56.084],[12.5805,56.065],[12.609,56.0335],[12.5445,55.959],[12.5265,55.919],[12.5695,55.7855]]],[[[9.74,54.8255],[9.7255,54.8255],[9.6605,54.834],[9.6175,54.855],[9.4985,54.841],[9.3405,54.8065],[9.254,54.808],[9.1855,54.8445],[8.9045,54.8965],[8.858,54.9015],[8.6705,54.9035],[8.66,54.987],[8.6385,55.046],[8.5735,55.1345],[8.6705,55.155],[8.6525,55.329],[8.6165,55.419],[8.3465,55.511],[8.1305,55.5995],[8.181,55.9015],[8.2025,55.9815],[8.12,56.1395],[8.1305,56.322],[8.163,56.6065],[8.2315,56.6185],[8.282,56.617],[8.4725,56.565],[8.552,56.5595],[8.606,56.5145],[8.6705,56.4955],[8.7175,56.544],[8.7355,56.6275],[8.8865,56.735],[8.9945,56.775],[9.0665,56.794],[9.1385,56.7505],[9.1965,56.702],[9.2105,56.808],[9.254,57.011],[9.11,57.044],[8.991,57.016],[8.876,56.8875],[8.7715,56.7245],[8.6025,56.7105],[8.469,56.664],[8.3465,56.7125],[8.2675,56.754],[8.2675,56.815],[8.2855,56.853],[8.426,56.985],[8.6205,57.1115],[8.811,57.11],[8.9515,57.15],[9.038,57.155],[9.297,57.1465],[9.434,57.174],[9.5525,57.233],[9.8155,57.478],[9.963,57.5805],[10.2585,57.617],[10.532,57.735],[10.611,57.7365],[10.4815,57.648],[10.46,57.615],[10.4455,57.563],[10.5355,57.4485],[10.5175,57.379],[10.5245,57.2435],[10.4385,57.1725],[10.3375,57.0215],[10.2945,56.999],[10.287,56.8235],[10.298,56.78],[10.2835,56.6205],[10.3845,56.5545],[10.4885,56.5195],[10.845,56.5215],[10.881,56.4935],[10.928,56.4435],[10.8955,56.358],[10.856,56.2955],[10.755,56.242],[10.622,56.202],[10.539,56.2005],[10.4275,56.2765],[10.3735,56.2525],[10.3195,56.2125],[10.226,56.006],[10.1825,55.865],[10.161,55.853],[10.107,55.874],[10.017,55.8755],[9.9055,55.8425],[9.963,55.813],[10.0245,55.761],[9.999,55.735],[9.8985,55.707],[9.812,55.6515],[9.7725,55.6085],[9.6605,55.558],[9.5925,55.4935],[9.6245,55.414],[9.639,55.3445],[9.6715,55.2665],[9.6425,55.2055],[9.506,55.117],[9.4555,55.039],[9.5705,55.0405],[9.6465,55.0235],[9.6895,55.0005],[9.7325,54.9675],[9.704,54.928],[9.74,54.8255]]],[[[10.6435,55.61],[10.6865,55.558],[10.737,55.447],[10.82,55.322],[10.784,55.27],[10.809,55.204],[10.784,55.1325],[10.6255,55.053],[10.442,55.0495],[10.2545,55.0875],[9.9885,55.164],[9.9665,55.2055],[9.9305,55.228],[9.8585,55.3565],[9.8625,55.5165],[9.9955,55.5355],[10.287,55.61],[10.352,55.5995],[10.424,55.5595],[10.5065,55.558],[10.622,55.6135],[10.6435,55.61]]],[[[11.36,54.8915],[11.54,54.829],[11.6585,54.8325],[11.738,54.808],[11.7595,54.768],[11.7665,54.6795],[11.6805,54.6535],[11.5865,54.662],[11.457,54.629],[11.036,54.7735],[11.043,54.893],[11.0575,54.94],[11.259,54.952],[11.36,54.8915]]],[[[10.7335,54.7505],[10.6905,54.7455],[10.629,54.8255],[10.622,54.8515],[10.694,54.9035],[10.737,54.9625],[10.856,55.053],[10.9245,55.1585],[10.9495,55.157],[10.9205,55.0615],[10.766,54.7995],[10.7335,54.7505]]],[[[12.548,54.966],[12.512,54.9505],[12.357,54.9625],[12.1845,54.893],[12.1195,54.914],[12.1445,54.959],[12.1625,54.9745],[12.2205,54.9935],[12.26,55.0215],[12.2745,55.065],[12.3105,55.0405],[12.4185,55.032],[12.4685,55.018],[12.512,54.997],[12.548,54.966]]],[[[12.6665,55.596],[12.573,55.5545],[12.5515,55.556],[12.519,55.615],[12.5695,55.65],[12.5985,55.6795],[12.62,55.6795],[12.6485,55.6465],[12.6665,55.596]]],[[[10.485,54.848],[10.4165,54.8375],[10.341,54.8585],[10.215,54.9415],[10.2005,54.9625],[10.2655,54.9485],[10.3485,54.905],[10.413,54.8965],[10.503,54.86],[10.485,54.848]]],[[[10.0605,54.886],[9.956,54.872],[9.9055,54.8965],[9.8045,54.905],[9.7725,55.0595],[9.7795,55.0685],[9.83,55.058],[9.999,54.987],[10.0565,54.9085],[10.0605,54.886]]],[[[10.6075,55.7835],[10.5895,55.7645],[10.5285,55.7835],[10.521,55.848],[10.5425,55.907],[10.5175,55.959],[10.5465,55.992],[10.6365,55.914],[10.6615,55.8775],[10.629,55.834],[10.6075,55.7835]]],[[[11.054,57.2525],[11.0105,57.2295],[10.874,57.2625],[10.935,57.308],[11.0865,57.3305],[11.1725,57.3235],[11.0755,57.2765],[11.054,57.2525]]],[[[15.086,55.0215],[15.05,55.004],[14.8845,55.0335],[14.6825,55.103],[14.715,55.2385],[14.7655,55.2975],[15.133,55.145],[15.1365,55.0875],[15.086,55.0215]]]]}},{"type":"Feature","geometry":{"type":"Polygon","coordinates":[[[-71.7685,18.0395],[-71.6315,17.774],[-71.394,17.6455],[-71.027,18.274],[-70.6455,18.3365],[-70.4795,18.2165],[-70.1845,18.251],[-69.7705,18.444],[-68.9355,18.4075],[-68.7195,18.218],[-68.4455,18.418],[-68.3375,18.6125],[-68.6835,18.904],[-68.903,18.989],[-69.623,19.1175],[-69.324,19.201],[-69.324,19.3275],[-69.738,19.3],[-69.9575,19.6715],[-70.1305,19.6365],[-70.955,19.9145],[-71.2355,19.8485],[-71.556,19.895],[-71.7575,19.6885],[-71.747,19.286],[-71.657,19.1315],[-71.808,18.9875],[-71.7435,18.732],[-71.999,18.5985],[-71.7615,18.3415],[-71.7685,18.0395]]]},"properties":{"name":"Dominican Republic"},"id":"DOM"},{"type":"Feature","geometry":{"type":"Polygon","coordinates":[[[8.577,36.9375],[7.911,36.856],[7.2055,37.092],[7.238,36.969],[6.9285,36.92],[6.4855,37.085],[6.248,36.9375],[5.4235,36.6755],[5.1965,36.677],[4.7575,36.896],[3.778,36.896],[3.519,36.795],[2.972,36.785],[2.594,36.601],[1.258,36.519],[0.5165,36.2625],[0.153,36.0625],[0.0485,35.901],[-0.4265,35.8615],[-1.089,35.5785],[-1.3375,35.365],[-1.9135,35.094],[-2.2195,35.1045],[-1.7945,34.752],[-1.7335,34.467],[-1.6795,33.318],[-1.51,32.877],[-1.064,32.469],[-1.24,32.337],[-1.276,32.089],[-2.45,32.1305],[-2.932,32.042],[-3.0185,31.8335],[-3.825,31.662],[-3.832,31.1985],[-3.6235,31.0665],[-3.7025,30.945],[-3.987,30.9135],[-4.322,30.6985],[-4.97,30.466],[-5.1785,30.1655],[-5.4485,29.957],[-5.7765,29.8685],[-6.5,29.8095],[-6.6365,29.568],[-7.094,29.6255],[-7.6845,29.3495],[-8.66,28.7195],[-8.685,27.657],[-8.685,27.2855],[-6.8025,26.1795],[-4.822,24.9955],[-3.584,24.1955],[-2.6045,23.553],[-0.9665,22.482],[0.016,21.8395],[1.1465,21.1015],[1.1645,20.817],[1.611,20.555],[1.6865,20.378],[2.2195,20.2475],[2.4065,20.0635],[2.8675,19.956],[3.202,19.7895],[3.256,19.411],[3.105,19.1505],[3.4,18.989],[4.228,19.1435],[5.7475,19.4335],[5.8375,19.4785],[7.4825,20.8725],[9.38,21.9905],[10.9315,22.907],[11.9685,23.5185],[11.5075,24.315],[10.6865,24.551],[10.4385,24.48],[10.2545,24.591],[10.028,25.051],[9.999,25.3325],[9.4485,26.0665],[9.4915,26.334],[9.8585,26.553],[9.8945,26.848],[9.747,27.3305],[9.9165,27.7855],[9.8155,28.5595],[9.8445,28.9675],[9.639,29.636],[9.3115,30.115],[9.5205,30.2295],[9.045,32.0715],[8.3325,32.5435],[8.0765,33.089],[7.731,33.2675],[7.5005,33.832],[7.515,34.08],[8.246,34.7345],[8.3935,35.2035],[8.246,35.87],[8.3505,36.368],[8.21,36.495],[8.577,36.9375]]]},"properties":{"name":"Algeria"},"id":"DZA"},{"type":"Feature","geometry":{"type":"MultiPolygon","coordinates":[[[[-75.286,-0.107],[-75.88,0.1515],[-76.067,0.346],[-76.312,0.4485],[-76.4955,0.235],[-76.83,0.247],[-77.424,0.424],[-77.4675,0.636],[-78.3135,1.0455],[-78.8605,1.4555],[-78.9,1.2055],[-79.7425,0.9795],[-80.088,0.7855],[-80.0235,0.4105],[-80.135,-0.0065],[-80.4805,-0.3675],[-80.4555,-0.586],[-80.5525,-0.8485],[-80.902,-1.079],[-80.801,-1.383],[-80.8335,-1.633],[-80.7685,-2.0775],[-80.963,-2.1885],[-80.452,-2.626],[-80.286,-2.7075],[-80.0055,-2.3535],[-80.0305,-2.5565],[-79.822,-2.357],[-79.728,-2.579],[-79.9225,-3.0895],[-80.326,-3.388],[-80.178,-3.8775],[-80.5095,-4.0705],[-80.3545,-4.209],[-80.488,-4.393],[-80.3835,-4.4645],[-80.1385,-4.296],[-79.7965,-4.4765],[-79.638,-4.4555],[-79.332,-4.928],[-79.0765,-4.9905],[-78.8605,-4.666],[-78.688,-4.5615],[-78.6805,-4.3255],[-78.4215,-3.777],[-78.346,-3.3965],[-78.184,-3.35],[-77.86,-2.982],[-76.679,-2.5635],[-76.0885,-2.133],[-75.57,-1.5305],[-75.408,-0.9245],[-75.25,-0.9525],[-75.264,-0.555],[-75.6315,-0.1575],[-75.286,-0.107]]],[[[-80.1315,-2.973],[-79.908,-2.725],[-80.225,-2.7525],[-80.272,-2.9955],[-80.1315,-2.973]]],[[[-90.334,-0.772],[-90.1935,-0.659],[-90.269,-0.4855],[-90.4705,-0.5165],[-90.5425,-0.6765],[-90.334,-0.772]]],[[[-89.4195,-0.911],[-89.261,-0.7285],[-89.423,-0.7215],[-89.6105,-0.888],[-89.4195,-0.911]]],[[[-91.4245,-0.461],[-91.4605,-0.2565],[-91.648,-0.39],[-91.4245,-0.461]]],[[[-91.2735,0.025],[-91.4285,-0.0235],[-91.3705,-0.2875],[-91.144,-0.6225],[-91.457,-0.7995],[-91.3705,-1.0165],[-90.9065,-0.9405],[-90.7985,-0.753],[-90.9745,-0.4175],[-91.1765,-0.2235],[-91.2735,0.025]]],[[[-90.575,-0.3345],[-90.7805,-0.161],[-90.809,-0.329],[-90.575,-0.3345]]]]},"properties":{"name":"Ecuador"},"id":"ECU"},{"type":"Feature","geometry":{"type":"Polygon","coordinates":[[[36.87,21.9975],[36.83,22.098],[36.416,22.3935],[36.229,22.6295],[35.912,22.739],[35.696,22.9455],[35.5235,23.442],[35.5415,23.921],[35.7825,23.9385],[35.4765,24.1555],[35.196,24.475],[34.5655,25.6915],[33.9575,26.6485],[33.8925,27.0495],[33.5505,27.6065],[33.547,27.898],[32.899,28.565],[32.6325,28.992],[32.564,29.386],[32.359,29.6305],[32.564,29.9745],[32.7225,29.5215],[33.0755,29.0735],[33.248,28.5685],[33.7595,28.0475],[34.22,27.7645],[34.4,28.0165],[34.447,28.3565],[34.616,28.7575],[34.735,29.2715],[34.904,29.478],[34.6595,30.1915],[34.2455,31.209],[34.1985,31.3235],[33.9035,31.181],[33.194,31.084],[33.1295,31.169],[32.6035,31.068],[32.323,31.2555],[32.1035,31.0925],[31.772,31.292],[31.8875,31.542],[31.5235,31.4585],[31.052,31.5925],[31.0015,31.462],[30.5625,31.417],[30.9225,31.5665],[30.397,31.457],[30.224,31.259],[29.929,31.228],[29.4285,30.9275],[28.9715,30.8565],[28.514,31.051],[27.967,31.0975],[27.5385,31.212],[27.247,31.377],[25.8935,31.62],[25.382,31.5125],[25.1515,31.655],[24.853,31.3355],[24.975,30.7765],[24.878,30.457],[24.7015,30.202],[24.979,29.181],[24.979,27.386],[24.979,26.037],[24.979,24.242],[24.979,21.996],[26.1275,21.996],[27.6535,21.996],[29.1835,21.996],[31.2105,21.994],[31.358,22.1885],[31.4335,21.996],[32.6075,21.996],[34.2455,21.996],[36.87,21.9975]]]},"properties":{"name":"Egypt"},"id":"EGY"},{"type":"Feature","geometry":{"type":"MultiPolygon","coordinates":[[[[36.524,14.2565],[37.0245,14.2725],[37.2585,14.4545],[37.572,14.149],[37.885,14.852],[38.504,14.425],[38.814,14.4825],[39.073,14.628],[39.199,14.479],[39.53,14.536],[40.2215,14.4305],[40.7685,14.144],[41.3625,13.5],[41.766,13.184],[41.953,12.882],[42.378,12.467],[42.6695,12.3765],[42.8675,12.623],[43.116,12.708],[42.7955,12.8645],[42.522,13.222],[42.3995,13.2135],[42.2445,13.5885],[41.658,13.9825],[41.1755,14.6195],[40.801,14.743],[40.6355,14.8835],[40.2035,15.0135],[40.0415,15.3345],[39.865,15.47],[39.786,15.1245],[39.631,15.453],[39.505,15.5325],[39.3,15.9215],[39.1415,16.729],[38.911,17.4265],[38.6085,18.0045],[38.22,17.564],[37.802,17.465],[37.5105,17.2875],[37.41,17.062],[37.01,17.0585],[36.888,16.6245],[36.913,16.2965],[36.5205,15.2495],[36.427,15.1315],[36.524,14.2565]]],[[[40.142,15.696],[40.0415,15.8745],[39.9765,15.6125],[40.398,15.5795],[40.142,15.696]]]]},"properties":{"name":"Eritrea"},"id":"ERI"},{"type":"Feature","geometry":{"type":"Polygon","coordinates":[[[-8.685,27.657],[-8.8185,27.657],[-8.793,27.1205],[-9.4125,27.089],[-9.7365,26.86],[-10.251,26.86],[-10.55,26.9905],[-10.9245,27.011],[-11.3925,26.8825],[-11.3385,26.6325],[-11.72,26.105],[-12.0295,26.0305],[-12.3105,25.11],[-12.4325,24.8305],[-13.0625,24.4],[-13.311,23.982],[-13.8905,23.692],[-14.042,23.341],[-14.222,22.31],[-14.6325,21.8605],[-14.672,21.6],[-14.841,21.4505],[-15.752,21.4905],[-16.731,21.47],[-17.005,21.421],[-17.0985,20.857],[-17.048,20.8065],[-16.965,21.329],[-15.691,21.331],[-13.8545,21.3325],[-13.016,21.3345],[-13.106,22.56],[-13.167,22.7525],[-13.0305,23.001],[-12.62,23.272],[-12.0225,23.468],[-12.015,24.3795],[-12.015,25.9955],[-10.5605,25.9955],[-8.6815,25.9955],[-8.685,27.2855],[-8.685,27.657]]]},"properties":{"name":"Western Sahara"},"id":"ESH"},{"type":"Feature","geometry":{"type":"MultiPolygon","coordinates":[[[[3.1445,39.79],[3.159,39.9705],[2.9035,39.908],[2.3705,39.613],[2.6335,39.5555],[3.0725,39.302],[3.2455,39.387],[3.4505,39.762],[3.1445,39.79]]],[[[4.293,39.842],[4.2245,40.033],[3.843,39.9755],[4.293,39.842]]],[[[1.4455,38.9185],[1.6255,39.038],[1.348,39.0815],[1.222,38.9045],[1.4455,38.9185]]],[[[-1.7945,43.4075],[-2.338,43.328],[-2.8745,43.4545],[-3.044,43.371],[-3.6055,43.519],[-4.5235,43.4165],[-5.6645,43.583],[-7.263,43.595],[-7.6985,43.7655],[-8.2565,43.5795],[-8.2495,43.439],[-8.8725,43.3345],[-9.1785,43.1735],[-9.236,42.977],[-8.9265,42.7985],[-8.6925,42.274],[-8.8865,42.1055],[-8.7785,41.9405],[-8.2135,42.1335],[-8.2245,41.8955],[-7.4035,41.833],[-7.148,41.9805],[-6.6185,41.9425],[-6.543,41.6715],[-6.212,41.533],[-6.9285,41.0085],[-6.8095,40.3435],[-7.0145,40.208],[-6.896,40.0225],[-7.0365,39.7135],[-7.5365,39.6615],[-7.173,39.1355],[-6.9965,39.057],[-7.281,38.715],[-7.3425,38.4565],[-7.022,38.045],[-7.184,38.007],[-7.5045,37.585],[-7.407,37.179],[-6.885,37.1945],[-6.4925,36.955],[-6.039,36.1875],[-5.625,36.026],[-5.3625,36.1355],[-5.1715,36.4235],[-4.6745,36.507],[-4.3685,36.719],[-3.26,36.7555],[-2.788,36.7155],[-2.5975,36.8055],[-2.187,36.745],[-1.9385,36.9465],[-1.798,37.2325],[-1.3265,37.561],[-0.8225,37.58],[-0.646,38.151],[-0.38,38.4355],[0.2,38.7585],[-0.2035,39.0625],[-0.326,39.519],[-0.074,39.8765],[0.596,40.6145],[0.891,40.722],[0.7145,40.8225],[1.0315,41.0625],[2.0825,41.288],[2.3095,41.467],[3.004,41.767],[3.249,41.944],[3.213,42.4305],[2.968,42.4665],[2.6515,42.34],[2.2015,42.4215],[2.032,42.354],[1.7045,42.503],[1.485,42.434],[1.4275,42.595],[1.348,42.6905],[0.6965,42.845],[0.632,42.689],[-0.0415,42.689],[-0.3005,42.826],[-0.585,42.7985],[-0.7615,42.939],[-1.4815,43.071],[-1.4095,43.2395],[-1.7945,43.4075]]],[[[-16.335,28.379],[-16.119,28.5285],[-16.321,28.558],[-16.519,28.412],[-16.904,28.339],[-16.659,28.0075],[-16.418,28.1515],[-16.335,28.379]]],[[[-13.7145,28.912],[-13.4765,29.006],[-13.5345,29.1445],[-13.79,29.056],[-13.7145,28.912]]],[[[-14.1965,28.169],[-13.9265,28.254],[-13.826,28.5855],[-13.9555,28.742],[-14.2325,28.216],[-14.1965,28.169]]],[[[-15.399,28.148],[-15.6835,28.1535],[-15.8095,27.9935],[-15.709,27.7835],[-15.3885,27.874],[-15.399,28.148]]],[[[-17.887,27.8095],[-18.1605,27.761],[-17.984,27.6465],[-17.887,27.8095]]],[[[-17.833,28.4935],[-17.743,28.787],[-18.002,28.7575],[-17.833,28.4935]]]]},"properties":{"name":"Spain"},"id":"ESP"},{"type":"Feature","geometry":{"type":"MultiPolygon","coordinates":[[[[27.3515,57.5285],[27.7545,57.841],[27.488,58.2695],[27.463,58.8405],[28.0135,59.485],[27.8915,59.4135],[26.9735,59.45],[26.624,59.554],[25.508,59.6395],[25.4435,59.521],[24.381,59.4725],[24.0825,59.292],[23.4955,59.195],[23.431,58.9205],[23.769,58.3615],[24.115,58.266],[24.529,58.3545],[24.3235,57.8705],[25.112,58.063],[25.9905,57.8375],[26.534,57.532],[26.966,57.61],[27.3515,57.5285]]],[[[22.617,58.622],[21.861,58.497],[21.883,58.2625],[22.189,58.155],[22.729,58.2315],[23.294,58.483],[22.617,58.622]]],[[[22.923,58.827],[22.5885,59.082],[22.0555,58.943],[22.5415,58.6895],[22.923,58.827]]]]},"properties":{"name":"Estonia"},"id":"EST"},{"type":"Feature","geometry":{"type":"Polygon","coordinates":[[[35.268,5.4915],[35.7465,5.344],[35.7645,4.8075],[36.0815,4.45],[36.906,4.412],[38.0865,3.648],[38.6085,3.5995],[39.494,3.4555],[39.8435,3.851],[40.765,4.273],[41.222,3.943],[41.8845,3.978],[42.025,4.1375],[42.792,4.292],[43.015,4.563],[43.537,4.8405],[44.0265,4.9515],[44.941,4.912],[45.9345,5.997],[47.1585,7.2085],[47.9795,7.9965],[46.9785,7.9965],[45.5565,8.4825],[44.023,8.986],[43.62,9.337],[43.483,9.3805],[43.1805,9.88],[42.842,10.203],[42.6585,10.6215],[42.9215,11],[42.558,11.0815],[41.9565,10.941],[41.798,10.981],[41.766,11.5885],[42.378,12.467],[41.953,12.882],[41.766,13.184],[41.3625,13.5],[40.7685,14.144],[40.2215,14.4305],[39.53,14.536],[39.199,14.479],[39.073,14.628],[38.814,14.4825],[38.504,14.425],[37.885,14.852],[37.572,14.149],[37.2585,14.4545],[37.0245,14.2725],[36.524,14.2565],[36.391,13.6265],[36.211,13.2705],[36.1065,12.7275],[35.822,12.6855],[35.5955,12.538],[35.2535,11.9565],[35.113,11.816],[34.9615,11.276],[34.933,10.8645],[34.771,10.7465],[34.573,10.88],[34.274,10.528],[34.292,10.125],[34.1195,9.729],[34.0795,9.462],[34.094,8.5815],[33.9535,8.443],[33.41,8.448],[33.2335,8.396],[33.014,7.9515],[33.2265,7.7605],[33.6655,7.6705],[33.9035,7.509],[34.0655,7.226],[34.7095,6.66],[35.0805,5.674],[35.268,5.4915]]]},"properties":{"name":"Ethiopia"},"id":"ETH"},{"type":"Feature","geometry":{"type":"Polygon","coordinates":[[[24.1545,65.8055],[24.583,65.757],[25.346,65.479],[25.256,65.1425],[25.339,65.099],[25.364,65.0645],[25.3715,65.0085],[25.2885,64.861],[24.5575,64.8005],[24.277,64.5155],[23.247,63.896],[22.531,63.6475],[22.3185,63.311],[21.5445,63.205],[21.6525,63.04],[21.105,62.6235],[21.3535,62.224],[21.2565,61.99],[21.6055,61.5925],[21.361,60.9675],[21.4365,60.596],[22.585,60.3805],[22.4625,60.03],[22.8655,60.2155],[23.197,60.021],[22.963,59.827],[23.463,59.9865],[24.3415,60.042],[25.6555,60.3335],[27.2435,60.5385],[27.7975,60.537],[29.6915,61.5455],[31.286,62.568],[31.5345,62.8855],[31.1815,63.2085],[30.4185,63.5035],[30.0045,63.7465],[30.505,64.021],[30.512,64.2],[30.109,64.3665],[30.073,64.7655],[29.605,64.969],[29.623,65.04],[29.72,65.08],[29.81,65.1075],[29.63,65.224],[29.821,65.5695],[30.0945,65.6825],[29.9035,66.0905],[29.0935,66.849],[29.0865,66.9705],[29.9395,67.547],[29.9795,67.689],[29.342,68.0625],[28.687,68.189],[28.471,68.4875],[28.7515,68.7705],[28.4135,68.9045],[28.5645,68.9285],[28.6905,68.9615],[28.8995,69.01],[28.964,69.0225],[28.8455,69.177],[29.335,69.4735],[29.1405,69.6715],[28.4135,69.8225],[27.8915,70.0625],[27.11,69.9045],[26.527,69.9145],[26.012,69.6525],[25.7495,69.2305],[25.7675,69.076],[25.7495,68.9895],[24.943,68.5935],[23.8555,68.8055],[23.323,68.649],[22.412,68.7205],[22.3005,68.8555],[22.081,68.993],[21.991,69.0415],[21.62,69.2705],[20.623,69.0365],[20.8965,68.979],[20.918,68.906],[21.998,68.5205],[22.783,68.3905],[23.6395,67.9545],[23.467,67.4495],[23.989,66.8105],[23.701,66.481],[23.751,66.191],[24.1545,65.8055]]]},"properties":{"name":"Finland"},"id":"FIN"},{"type":"Feature","geometry":{"type":"MultiPolygon","coordinates":[[[[180,-16.1685],[180,-16.153],[179.55,-16.25],[179.359,-16.3805],[179.093,-16.4375],[178.9595,-16.4825],[178.866,-16.54],[178.805,-16.632],[178.585,-16.6215],[178.499,-16.7885],[178.7075,-16.976],[179.0065,-16.8995],[179.201,-16.712],[179.4205,-16.8075],[179.928,-16.745],[179.8885,-16.6665],[179.9065,-16.5835],[179.928,-16.552],[179.9315,-16.519],[179.885,-16.519],[179.8415,-16.5385],[179.6975,-16.632],[179.568,-16.7465],[179.5645,-16.637],[179.6185,-16.528],[179.748,-16.4465],[180,-16.1685]]],[[[178.279,-17.3715],[178.189,-17.3125],[177.617,-17.462],[177.264,-17.863],[177.3215,-18.078],[177.847,-18.255],[178.1605,-18.25],[178.333,-18.1355],[178.668,-18.0815],[178.5925,-17.651],[178.279,-17.3715]]],[[[178.488,-18.974],[178.333,-18.934],[177.959,-19.1215],[178.1605,-19.1215],[178.488,-18.974]]],[[[180,-16.54],[179.9855,-16.5225],[180,-16.4895],[180.101,-16.4325],[180.072,-16.4795],[180.072,-16.5035],[180,-16.54],[180,-16.54]]]]},"properties":{"name":"Fiji"},"id":"FJI"},{"type":"Feature","id":"FLK","properties":{"name":"Falkland Islands"},"geometry":{"type":"MultiPolygon","coordinates":[[[[-58.8515,-51.2705],[-58.697,-51.328],[-58.506,-51.3085],[-58.427,-51.3245],[-58.38,-51.373],[-58.405,-51.418],[-58.4665,-51.411],[-58.5205,-51.4235],[-58.5095,-51.484],[-58.4735,-51.5085],[-58.272,-51.5745],[-58.236,-51.578],[-58.2395,-51.5515],[-58.2755,-51.5065],[-58.29,-51.458],[-58.2575,-51.4165],[-58.207,-51.404],[-57.977,-51.385],[-57.923,-51.404],[-57.8075,-51.5185],[-57.9155,-51.5345],[-57.959,-51.583],[-57.865,-51.604],[-57.793,-51.637],[-57.833,-51.6855],[-57.84,-51.7095],[-58.0055,-51.7425],[-58.1495,-51.7655],[-58.218,-51.8225],[-58.337,-51.864],[-58.6825,-51.9355],[-58.643,-51.9945],[-58.639,-52.022],[-58.6535,-52.0985],[-59.1325,-52.0085],[-59.197,-52.017],[-59.0675,-52.173],[-59.161,-52.201],[-59.255,-52.1835],[-59.341,-52.196],[-59.395,-52.3085],[-59.532,-52.2355],[-59.647,-52.135],[-59.651,-52.0775],[-59.5355,-51.97],[-59.5715,-51.925],[-59.309,-51.781],[-59.262,-51.7375],[-59.179,-51.713],[-59.0965,-51.7045],[-59.0605,-51.6855],[-59.064,-51.6505],[-59.1,-51.59],[-59.0965,-51.491],[-58.8875,-51.3575],[-58.9165,-51.272],[-58.8515,-51.2705]]],[[[-60.288,-51.4615],[-60.1405,-51.4805],[-60.007,-51.411],[-59.917,-51.3885],[-59.8415,-51.404],[-59.7875,-51.446],[-59.712,-51.439],[-59.4925,-51.3955],[-59.4635,-51.411],[-59.388,-51.361],[-59.3195,-51.3835],[-59.269,-51.4265],[-59.2945,-51.479],[-59.3555,-51.512],[-59.3915,-51.557],[-59.4385,-51.5935],[-59.514,-51.6265],[-59.5715,-51.68],[-59.7155,-51.807],[-59.921,-51.97],[-59.989,-51.984],[-60.133,-51.9945],[-60.1945,-51.9825],[-60.245,-51.9855],[-60.288,-52.0745],[-60.353,-52.14],[-60.385,-52.154],[-60.4535,-52.161],[-60.4825,-52.1695],[-60.5075,-52.194],[-60.6875,-52.189],[-60.8135,-52.147],[-60.961,-52.057],[-60.763,-51.946],[-60.5905,-51.951],[-60.45,-51.8765],[-60.335,-51.84],[-60.288,-51.8015],[-60.2375,-51.772],[-60.2375,-51.734],[-60.277,-51.7165],[-60.3275,-51.7185],[-60.378,-51.7355],[-60.5005,-51.7565],[-60.583,-51.713],[-60.529,-51.696],[-60.468,-51.6975],[-60.281,-51.656],[-60.245,-51.6385],[-60.3025,-51.581],[-60.414,-51.545],[-60.5075,-51.486],[-60.522,-51.463],[-60.5185,-51.4285],[-60.569,-51.3575],[-60.515,-51.354],[-60.4465,-51.399],[-60.288,-51.4615]]],[[[-61.019,-51.786],[-60.947,-51.8],[-60.875,-51.795],[-60.9145,-51.897],[-60.947,-51.946],[-61.033,-51.9425],[-61.116,-51.8745],[-61.145,-51.84],[-61.051,-51.814],[-61.019,-51.786]]],[[[-58.4375,-52.012],[-58.434,-52.0985],[-58.513,-52.071],[-58.542,-52.029],[-58.499,-51.9995],[-58.459,-52.0015],[-58.4375,-52.012]]],[[[-60.1115,-51.3955],[-60.2485,-51.3955],[-60.277,-51.3625],[-60.2735,-51.281],[-60.173,-51.274],[-60.0685,-51.3085],[-60.0755,-51.3435],[-60.1115,-51.3955]]],[[[-59.683,-52.232],[-59.748,-52.2515],[-59.766,-52.2425],[-59.784,-52.2045],[-59.7875,-52.156],[-59.795,-52.135],[-59.7515,-52.142],[-59.6795,-52.18],[-59.683,-52.232]]]]}},{"type":"Feature","geometry":{"type":"MultiPolygon","coordinates":[[[[9.4805,42.8055],[9.362,43.017],[9.2865,42.694],[9.1385,42.7325],[8.714,42.55],[8.5665,42.3575],[8.6995,42.095],[8.6205,41.9305],[8.8865,41.701],[8.8075,41.5885],[9.1855,41.385],[9.5565,42.161],[9.4805,42.8055]]],[[[7.616,47.593],[7.5835,48.0635],[7.839,48.6365],[8.1345,48.9735],[7.4505,49.152],[6.734,49.161],[6.345,49.4525],[5.7905,49.5375],[5.5065,49.5115],[5.2795,49.678],[4.869,49.7875],[4.862,50.1365],[4.6565,50.0025],[4.138,49.9835],[4.174,50.246],[3.6665,50.3255],[3.627,50.4575],[3.274,50.532],[3.1085,50.7785],[2.8385,50.711],[2.5255,51.0965],[1.9135,50.9905],[1.5785,50.739],[1.593,50.2525],[1.244,49.9975],[0.1855,49.7025],[0.128,49.508],[0.416,49.449],[-0.164,49.296],[-1.1395,49.388],[-1.258,49.68],[-1.856,49.6835],[-1.582,49.2025],[-1.564,48.805],[-1.377,48.652],[-2.446,48.6485],[-2.691,48.5375],[-3.004,48.791],[-3.231,48.8415],[-3.7135,48.711],[-4.059,48.7075],[-4.7215,48.5395],[-4.718,48.364],[-4.329,48.1695],[-4.678,48.0395],[-4.311,47.8225],[-3.9005,47.838],[-3.159,47.694],[-2.77,47.5135],[-2.428,47.4715],[-2.504,47.312],[-1.9745,47.31],[-2.198,47.1625],[-2.018,47.0375],[-2.061,46.81],[-1.7875,46.515],[-1.1465,46.312],[-1.0315,45.741],[-0.765,45.314],[-1.082,45.5325],[-1.19,45.161],[-1.244,44.5605],[-1.485,43.564],[-1.7945,43.4075],[-1.4095,43.2395],[-1.4815,43.071],[-0.7615,42.939],[-0.585,42.7985],[-0.3005,42.826],[-0.0415,42.689],[0.632,42.689],[0.6965,42.845],[1.348,42.6905],[1.4275,42.595],[1.7045,42.503],[2.032,42.354],[2.2015,42.4215],[2.6515,42.34],[2.968,42.4665],[3.213,42.4305],[3.051,42.9145],[3.26,43.1925],[4.052,43.5935],[4.628,43.387],[5.06,43.444],[5.4055,43.229],[6.1145,43.0725],[6.4925,43.17],[7.1805,43.6595],[7.4935,43.767],[7.677,44.083],[7.371,44.128],[6.8995,44.3365],[6.842,44.51],[7.029,44.7165],[6.6295,45.1175],[7.0795,45.239],[7.155,45.4005],[6.806,45.7095],[7.022,45.9265],[6.7735,46.1645],[6.759,46.416],[6.428,46.43],[6.086,46.147],[6.0605,46.4285],[7.0005,47.3225],[7.0545,47.489],[7.4215,47.456],[7.616,47.593]]],[[[45.1785,-12.976],[45.222,-12.752],[45.0925,-12.653],[45.1785,-12.976]]],[[[55.799,-21.34],[55.8385,-21.1385],[55.662,-20.906],[55.313,-20.9045],[55.2335,-21.059],[55.363,-21.274],[55.799,-21.34]]],[[[-60.828,14.4945],[-60.918,14.736],[-61.2205,14.8035],[-61.0115,14.602],[-61.062,14.4665],[-60.828,14.4945]]],[[[-61.3285,16.2305],[-61.1735,16.2565],[-61.4725,16.5065],[-61.523,16.229],[-61.3285,16.2305]]],[[[-61.591,16.0065],[-61.5515,16.2705],[-61.7495,16.3555],[-61.7605,16.062],[-61.591,16.0065]]],[[[-54.618,2.327],[-54.1285,2.1205],[-53.7685,2.3545],[-53.509,2.254],[-53.3325,2.339],[-53.2285,2.2055],[-52.9655,2.183],[-52.699,2.3635],[-52.357,3.051],[-51.99,3.702],[-51.6515,4.061],[-51.7845,4.57],[-51.9285,4.436],[-52.0585,4.7175],[-52.9005,5.4255],[-53.455,5.563],[-53.8475,5.7815],[-54.157,5.3595],[-54.4525,5.014],[-54.4485,4.4845],[-54.3515,4.054],[-53.9915,3.589],[-54.1895,3.179],[-54.1965,2.818],[-54.402,2.4625],[-54.618,2.327]]]]},"properties":{"name":"France"},"id":"FRA"},{"type":"Feature","id":"FRO","properties":{"name":"Faroe Islands"},"geometry":{"type":"MultiPolygon","coordinates":[[[[-6.6225,61.806],[-6.644,61.7675],[-6.669,61.7695],[-6.7625,61.8145],[-6.8385,61.8405],[-6.8635,61.863],[-6.885,61.8995],[-6.842,61.903],[-6.7915,61.896],[-6.662,61.8615],[-6.626,61.8265],[-6.6225,61.806]]],[[[-6.698,61.4445],[-6.68,61.4135],[-6.7015,61.417],[-6.77,61.4515],[-6.8885,61.535],[-6.9285,61.6025],[-6.9355,61.634],[-6.9065,61.6305],[-6.8815,61.6025],[-6.77,61.5835],[-6.741,61.5695],[-6.741,61.5365],[-6.705,61.497],[-6.698,61.4445]]],[[[-7.1875,62.139],[-7.0975,62.101],[-7.065,62.073],[-7.1155,62.047],[-7.1805,62.04],[-7.256,62.0455],[-7.3785,62.075],[-7.4215,62.141],[-7.335,62.139],[-7.2345,62.1515],[-7.1875,62.139]]],[[[-6.6295,62.2275],[-6.6545,62.094],[-6.698,62.094],[-6.77,62.132],[-6.824,62.139],[-6.842,62.12],[-6.8385,62.0955],[-6.8095,62.08],[-6.723,61.99],[-6.716,61.964],[-6.7265,61.9515],[-6.8095,61.9775],[-7.0145,62.094],[-7.173,62.285],[-6.957,62.316],[-6.8025,62.266],[-6.6295,62.2275]]],[[[-6.4065,62.259],[-6.453,62.186],[-6.525,62.198],[-6.543,62.205],[-6.561,62.224],[-6.5505,62.278],[-6.554,62.356],[-6.4745,62.292],[-6.4065,62.259]]]]}},{"type":"Feature","id":"FSM","properties":{"name":"Micronesia"},"geometry":{"type":"MultiPolygon","coordinates":[[[[162.9825,5.325],[162.9935,5.278],[162.9285,5.3005],[162.9215,5.318],[162.9575,5.3355],[162.9825,5.325]]],[[[138.1425,9.5],[138.067,9.4185],[138.063,9.446],[138.085,9.495],[138.117,9.5505],[138.146,9.5835],[138.1855,9.594],[138.2145,9.547],[138.182,9.507],[138.1425,9.5]]],[[[151.646,7.3455],[151.639,7.3335],[151.5775,7.3385],[151.5705,7.3455],[151.574,7.351],[151.603,7.358],[151.6065,7.375],[151.592,7.3785],[151.6065,7.389],[151.628,7.391],[151.6425,7.3785],[151.6495,7.363],[151.646,7.3455]]],[[[151.88,7.4325],[151.8655,7.427],[151.855,7.4325],[151.8585,7.457],[151.8655,7.4655],[151.88,7.467],[151.909,7.46],[151.9125,7.4535],[151.88,7.4325]]],[[[158.3135,6.8145],[158.256,6.792],[158.184,6.8005],[158.162,6.882],[158.126,6.9045],[158.1335,6.9445],[158.1875,6.9775],[158.2955,6.9515],[158.335,6.8925],[158.31,6.8545],[158.3135,6.8145]]]]}},{"type":"Feature","geometry":{"type":"Polygon","coordinates":[[[13.293,2.162],[13.221,2.2555],[12.3605,2.2955],[11.349,2.299],[11.3275,2.167],[11.3345,1.0005],[10.028,1.004],[9.7615,1.075],[9.5745,0.992],[9.6175,0.577],[9.495,0.6655],[9.326,0.5525],[9.5455,0.2955],[10.0025,0.195],[9.7975,0.044],[9.3005,0.289],[9.297,-0.352],[9.135,-0.574],[8.822,-0.7075],[8.703,-0.5915],[9.063,-1.298],[9.524,-1.598],[9.3185,-1.631],[9.038,-1.3085],[9.3005,-1.904],[9.675,-2.416],[10.0605,-2.5495],[9.758,-2.5185],[10.3485,-3.013],[10.64,-3.3985],[10.946,-3.6625],[11.1295,-3.916],[11.288,-3.6415],[11.504,-3.52],[11.8495,-3.697],[11.936,-3.3185],[11.6875,-3.1275],[11.7595,-2.9835],[11.5365,-2.836],[11.6045,-2.343],[12.0655,-2.4125],[12.447,-2.331],[12.4325,-1.928],[12.591,-1.8275],[12.7925,-1.9315],[12.9905,-2.3135],[13.466,-2.395],[13.7325,-2.138],[13.887,-2.466],[14.0885,-2.466],[14.2505,-2.001],[14.384,-1.89],[14.456,-1.4125],[14.409,-0.9715],[14.481,-0.619],[14.0705,-0.27],[13.8585,-0.2025],[13.8835,0.1915],[14.0885,0.537],[14.2325,0.551],[14.4305,0.9015],[14.1825,1.3705],[13.851,1.419],[13.275,1.242],[13.1635,1.648],[13.293,2.162]]]},"properties":{"name":"Gabon"},"id":"GAB"},{"type":"Feature","geometry":{"type":"MultiPolygon","coordinates":[[[[-2.6695,51.6225],[-3.1375,51.206],[-4.1885,51.1885],[-4.5235,50.9765],[-4.5845,50.777],[-5.3405,50.246],[-5.571,50.197],[-5.2255,50.022],[-4.7285,50.291],[-4.174,50.3915],[-3.7925,50.2285],[-3.584,50.322],[-3.404,50.633],[-3.0005,50.716],[-2.547,50.6155],[-2.036,50.6035],[-2.032,50.725],[-1.5175,50.7475],[-1.4165,50.897],[-0.7865,50.765],[-0.2035,50.815],[0.2035,50.763],[0.9595,50.9265],[1.3985,51.1815],[1.4165,51.364],[0.686,51.3865],[0.592,51.52],[0.891,51.572],[0.7505,51.73],[1.276,51.8445],[1.5605,52.0875],[1.748,52.4695],[1.658,52.7545],[1.0565,52.959],[0.56,52.966],[0.279,52.808],[0.045,52.9055],[0.3545,53.1605],[0.128,53.468],[-0.2935,53.6915],[0.117,53.6085],[-0.207,54.0215],[-0.0845,54.119],[-0.6715,54.504],[-1.2905,54.7735],[-1.654,55.57],[-2.1475,55.9035],[-2.601,56.0265],[-3.0475,55.952],[-3.3605,56.0285],[-2.6515,56.3185],[-3.213,56.3845],[-2.594,56.5615],[-2.259,56.8635],[-1.7765,57.4935],[-2.0755,57.702],[-3.404,57.709],[-4.1345,57.577],[-3.8575,57.818],[-3.9905,57.959],[-3.213,58.3215],[-3.0545,58.634],[-4.714,58.509],[-5.067,58.5195],[-5.0095,58.2625],[-5.337,58.2385],[-5.3945,58.044],[-5.157,57.8805],[-5.607,57.8805],[-5.582,57.5475],[-5.7945,57.379],[-5.5605,57.233],[-6.1325,56.7175],[-5.654,56.532],[-5.1895,56.7575],[-5.6105,56.0545],[-5.769,55.395],[-5.5565,55.3895],[-5.373,55.827],[-4.844,56.051],[-4.8905,55.6985],[-4.678,55.5005],[-5.1355,54.8585],[-4.912,54.69],[-4.8185,54.846],[-4.516,54.7575],[-3.958,54.78],[-3.4325,54.964],[-3.5695,54.4675],[-3.166,54.1275],[-2.8675,54.178],[-3.026,53.9055],[-2.925,53.7335],[-3.166,53.395],[-4.1095,53.2195],[-4.682,52.8065],[-4.102,52.9155],[-3.98,52.5425],[-4.383,52.197],[-5.0885,51.9955],[-5.2615,51.8795],[-4.9015,51.626],[-4.599,51.737],[-4.0915,51.6605],[-3.562,51.414],[-3.292,51.39],[-2.6695,51.6225]]],[[[-4.196,53.322],[-4.5665,53.386],[-4.372,53.1345],[-4.196,53.322]]],[[[-1.3085,60.537],[-1.3735,60.3335],[-1.665,60.2835],[-1.2005,60.0075],[-1.053,60.445],[-1.3085,60.537]]],[[[-5.1065,55.4485],[-5.319,55.709],[-5.33,55.4815],[-5.1065,55.4485]]],[[[-5.7765,56.3445],[-5.762,56.49],[-6.104,56.6465],[-6.176,56.289],[-5.7765,56.3445]]],[[[-6.129,55.931],[-6.446,55.832],[-6.3055,55.6065],[-6.0895,55.657],[-6.129,55.931]]],[[[-6.1975,58.3635],[-6.237,58.502],[-7.011,58.228],[-6.957,57.7505],[-6.4245,58.0215],[-6.554,58.0925],[-6.1975,58.3635]]],[[[-6.1435,57.5055],[-6.248,57.6515],[-6.7625,57.443],[-5.949,57.0455],[-5.6685,57.226],[-6.1365,57.315],[-6.1435,57.5055]]],[[[-6.219,54.0895],[-6.0175,54.051],[-5.607,54.2735],[-5.582,54.664],[-6.129,55.2175],[-6.4745,55.2405],[-7.22,55.0925],[-7.7455,54.6155],[-8.12,54.414],[-7.8535,54.216],[-7.3565,54.1205],[-7.0505,54.4085],[-6.651,54.058],[-6.219,54.0895]]],[[[-1.064,50.69],[-1.5175,50.704],[-1.305,50.588],[-1.064,50.69]]]]},"properties":{"name":"United Kingdom"},"id":"GBR"},{"type":"Feature","geometry":{"type":"Polygon","coordinates":[[[43.44,41.1075],[44.228,41.2135],[44.84,41.2115],[45.0025,41.2915],[45.2795,41.4495],[45.715,41.3385],[45.7945,41.224],[46.1725,41.1975],[46.4565,41.071],[46.6725,41.2865],[46.3055,41.5085],[46.201,41.7375],[46.4315,41.8905],[45.6395,42.2045],[45.726,42.4755],[45.3445,42.529],[44.8725,42.7565],[44.772,42.616],[44.5055,42.748],[43.958,42.5655],[43.782,42.746],[43.0905,42.9895],[42.99,43.0915],[42.4175,43.2235],[41.582,43.2185],[40.65,43.5345],[40.1495,43.569],[39.9765,43.42],[40.524,43.121],[40.837,43.064],[41.4885,42.6595],[41.762,41.97],[41.701,41.7045],[41.51,41.517],[42.468,41.439],[42.788,41.564],[43.44,41.1075]]]},"properties":{"name":"Georgia"},"id":"GEO"},{"type":"Feature","id":"GGY","properties":{"name":"Guernsey"},"geometry":{"type":"Polygon","coordinates":[[[-2.511,49.494],[-2.547,49.428],[-2.6405,49.4505],[-2.648,49.468],[-2.5435,49.506],[-2.522,49.506],[-2.511,49.494]]]}},{"type":"Feature","geometry":{"type":"Polygon","coordinates":[[[-0.07,11.1165],[-0.3005,11.1665],[-0.65,10.927],[-0.7,10.9895],[-2.8315,10.998],[-2.914,10.592],[-2.792,10.4325],[-2.7665,9.658],[-2.6945,9.481],[-2.7485,9.045],[-2.601,8.8005],[-2.5075,8.2085],[-2.788,7.9325],[-2.896,7.684],[-2.986,7.205],[-3.2345,6.8075],[-3.202,6.3475],[-2.961,5.6425],[-2.7955,5.599],[-2.817,5.153],[-3.0185,5.1305],[-3.087,5.129],[-3.112,5.089],[-2.3995,4.929],[-2.0035,4.7625],[-1.64,4.981],[-1.064,5.1825],[-0.7975,5.226],[-0.3475,5.5005],[0.261,5.757],[0.9485,5.811],[1.186,6.089],[0.9845,6.3195],[0.736,6.4535],[0.524,6.851],[0.6355,7.3545],[0.4985,7.547],[0.6065,7.7275],[0.585,8.146],[0.6895,8.304],[0.3725,8.759],[0.488,8.851],[0.5275,9.3995],[0.232,9.4635],[0.322,9.6875],[0.38,10.2915],[-0.0595,10.63],[0.009,11.021],[-0.07,11.1165]]]},"properties":{"name":"Ghana"},"id":"GHA"},{"type":"Feature","geometry":{"type":"Polygon","coordinates":[[[-10.2835,8.4845],[-10.064,8.4305],[-9.7685,8.535],[-9.5165,8.3455],[-9.369,7.7035],[-9.4625,7.415],[-9.117,7.2155],[-8.8905,7.2625],[-8.66,7.6875],[-8.487,7.559],[-8.2315,7.5575],[-8.0155,8.144],[-8.2565,8.2535],[-8.2385,8.455],[-8.048,8.495],[-7.6805,8.41],[-7.785,8.7205],[-7.9505,8.7865],[-7.94,8.979],[-7.778,9.0815],[-7.9185,9.1895],[-7.8965,9.4165],[-8.138,9.4965],[-8.138,10.0225],[-7.9905,10.163],[-8.0085,10.321],[-8.2675,10.486],[-8.336,10.9915],[-8.6635,11.0365],[-8.408,11.387],[-8.822,11.6735],[-8.8185,11.922],[-9.0415,12.4025],[-9.3945,12.465],[-9.3585,12.255],[-9.819,12.0435],[-10.2765,12.2135],[-10.467,12.139],[-10.676,11.899],[-10.9315,12.2045],[-11.306,12.0155],[-11.504,12.198],[-11.3885,12.4045],[-12.044,12.3975],[-12.2925,12.328],[-13.0125,12.4775],[-13.0845,12.6335],[-13.7285,12.6735],[-13.707,12.3125],[-13.9485,12.1785],[-13.7395,12.0105],[-13.7325,11.736],[-14.265,11.6595],[-14.6825,11.5085],[-15.043,10.941],[-14.9745,10.804],[-14.7765,10.932],[-14.427,10.2485],[-14.0455,10.1405],[-13.9555,9.969],[-13.689,9.927],[-13.6565,9.639],[-13.268,9.17],[-13.293,9.0485],[-13.0265,9.104],[-12.7565,9.3735],[-12.501,9.863],[-12.141,9.875],[-11.9105,9.993],[-11.205,9.9775],[-10.6905,9.3145],[-10.7515,9.1215],[-10.6145,9.059],[-10.503,8.66],[-10.712,8.335],[-10.557,8.316],[-10.2835,8.4845]]]},"properties":{"name":"Guinea"},"id":"GIN"},{"type":"Feature","id":"GMB","properties":{"name":"Gambia"},"geometry":{"type":"Polygon","coordinates":[[[-16.562,13.5865],[-16.31,13.597],[-16.0005,13.5935],[-15.6655,13.5885],[-15.511,13.5865],[-15.428,13.727],[-15.2695,13.7895],[-15.1075,13.8125],[-15.025,13.8055],[-14.9345,13.7845],[-14.7655,13.67],[-14.661,13.642],[-14.571,13.616],[-14.5065,13.5605],[-14.4055,13.5035],[-14.3265,13.4895],[-14.2795,13.4965],[-14.2005,13.519],[-14.1465,13.536],[-13.977,13.543],[-13.851,13.479],[-13.826,13.408],[-13.8475,13.335],[-14.013,13.2965],[-14.247,13.236],[-14.438,13.269],[-14.672,13.352],[-14.8085,13.4115],[-14.8665,13.4355],[-14.949,13.472],[-15.025,13.5135],[-15.097,13.5395],[-15.151,13.557],[-15.1905,13.5345],[-15.212,13.486],[-15.2445,13.4285],[-15.2875,13.3955],[-15.482,13.3765],[-15.6585,13.3555],[-15.752,13.3385],[-15.813,13.3245],[-15.835,13.156],[-16.033,13.158],[-16.227,13.1595],[-16.4325,13.158],[-16.6485,13.1545],[-16.706,13.1195],[-16.7635,13.064],[-16.771,13.149],[-16.825,13.342],[-16.749,13.425],[-16.67,13.4755],[-16.616,13.4355],[-16.598,13.3575],[-16.555,13.3035],[-16.4145,13.269],[-16.2705,13.293],[-16.184,13.283],[-16.1875,13.326],[-16.159,13.3835],[-15.986,13.4095],[-15.806,13.425],[-15.619,13.46],[-15.471,13.458],[-15.428,13.4685],[-15.439,13.4825],[-15.5685,13.5],[-15.849,13.46],[-16.137,13.4475],[-16.353,13.3435],[-16.4395,13.354],[-16.5295,13.458],[-16.562,13.5865]]]}},{"type":"Feature","geometry":{"type":"Polygon","coordinates":[[[-16.713,12.354],[-16.436,12.2045],[-16.245,12.2375],[-16.328,12.052],[-16.137,11.9165],[-15.957,11.96],[-15.8205,11.764],[-15.435,11.9445],[-15.4135,11.6145],[-15.23,11.6875],[-15.0715,11.597],[-15.428,11.498],[-15.392,11.217],[-15.0535,11.1425],[-15.043,10.941],[-14.6825,11.5085],[-14.265,11.6595],[-13.7325,11.736],[-13.7395,12.0105],[-13.9485,12.1785],[-13.707,12.3125],[-13.7285,12.6735],[-15.1975,12.6805],[-15.5755,12.491],[-16.1445,12.458],[-16.713,12.354]]]},"properties":{"name":"Guinea-Bissau"},"id":"GNB"},{"type":"Feature","id":"GNQ","properties":{"name":"Equatorial Guinea"},"geometry":{"type":"MultiPolygon","coordinates":[[[[8.7355,3.759],[8.7605,3.754],[8.9085,3.7575],[8.9515,3.7055],[8.948,3.627],[8.793,3.3995],[8.7645,3.304],[8.703,3.2245],[8.6525,3.2175],[8.4765,3.2645],[8.444,3.294],[8.433,3.332],[8.451,3.4225],[8.4655,3.45],[8.5485,3.4675],[8.577,3.483],[8.624,3.5805],[8.6385,3.669],[8.6745,3.7365],[8.7355,3.759]]],[[[11.3275,2.167],[11.331,1.9365],[11.331,1.74],[11.331,1.5285],[11.3345,1.308],[11.3345,1.1205],[11.3345,1.0005],[11.1295,1.0005],[10.8595,1.0005],[10.586,1.0025],[10.316,1.0025],[10.179,1.004],[10.028,1.004],[9.981,0.997],[9.945,0.9675],[9.9055,0.9605],[9.8585,0.9865],[9.8045,0.999],[9.7905,1.025],[9.7615,1.075],[9.704,1.0805],[9.675,1.075],[9.6355,1.0475],[9.5925,1.032],[9.5995,1.0545],[9.5095,1.115],[9.4445,1.1205],[9.387,1.1395],[9.434,1.2955],[9.495,1.4345],[9.585,1.5405],[9.632,1.565],[9.6465,1.617],[9.7185,1.7885],[9.8085,1.9275],[9.7795,2.068],[9.801,2.3045],[9.8265,2.2975],[9.83,2.275],[9.837,2.242],[9.8695,2.214],[9.981,2.167],[10.3085,2.167],[10.503,2.167],[10.791,2.167],[11.097,2.167],[11.3275,2.167]]]]}},{"type":"Feature","geometry":{"type":"MultiPolygon","coordinates":[[[[20.612,38.3835],[20.4355,38.356],[20.522,38.106],[20.7595,38.071],[20.612,38.3835]]],[[[20.889,37.8055],[20.619,37.854],[20.817,37.665],[20.889,37.8055]]],[[[20.079,39.432],[19.957,39.4705],[19.838,39.8195],[19.647,39.7255],[19.885,39.4615],[20.079,39.432]]],[[[23.4165,38.9585],[23.312,39.0345],[22.869,38.8695],[23.251,38.802],[23.7585,38.401],[24.039,38.3905],[24.212,38.118],[24.536,37.979],[24.565,38.1475],[24.277,38.2205],[24.1005,38.672],[23.4705,38.8505],[23.4165,38.9585]]],[[[24.7735,40.6145],[24.7195,40.7865],[24.5145,40.6475],[24.7735,40.6145]]],[[[27.175,35.4655],[27.2215,35.8215],[27.0705,35.5975],[27.175,35.4655]]],[[[25.5475,36.967],[25.526,37.196],[25.3605,37.071],[25.5475,36.967]]],[[[26.8255,37.811],[26.581,37.724],[27.056,37.71],[26.8255,37.811]]],[[[24.993,37.7605],[24.7915,37.9895],[24.716,37.8995],[24.993,37.7605]]],[[[26.095,38.2185],[26.1595,38.54],[25.8465,38.5745],[26.095,38.2185]]],[[[26.4115,39.33],[26.167,39.373],[25.843,39.1995],[26.1595,39.026],[26.5845,39.031],[26.4115,39.33]]],[[[25.436,39.9825],[25.058,40],[25.0615,39.8525],[25.357,39.809],[25.436,39.9825]]],[[[27.8445,35.929],[28.0895,36.066],[28.2335,36.434],[27.913,36.3455],[27.715,36.172],[27.8445,35.929]]],[[[23.852,35.535],[23.737,35.6545],[23.546,35.415],[23.6395,35.2345],[23.8845,35.2465],[24.709,35.0885],[24.799,34.934],[26.246,35.0455],[26.167,35.2155],[25.7455,35.1425],[25.7315,35.349],[25.4755,35.3055],[24.7195,35.4255],[24.313,35.363],[24.255,35.469],[23.852,35.535]]],[[[26.3215,41.717],[26.066,41.6735],[26.1345,41.385],[25.2525,41.243],[24.518,41.552],[24.057,41.5275],[23.636,41.387],[22.916,41.3365],[22.495,41.118],[21.9295,41.1075],[21.577,40.8695],[20.965,40.8505],[21.0295,40.623],[20.8065,40.446],[20.659,40.118],[20.3095,39.979],[20.3815,39.802],[20.205,39.6525],[20.3025,39.3265],[20.781,39.0085],[21.1195,39.0295],[21.073,38.8855],[20.7775,38.927],[21.1125,38.3855],[21.4725,38.321],[22.423,38.439],[22.934,38.2015],[23.15,38.1755],[22.9195,37.9585],[21.825,38.328],[21.6595,38.1755],[21.404,38.196],[21.1375,37.854],[21.5695,37.5415],[21.692,37.309],[21.584,37.0815],[21.8935,36.738],[22.081,37.0295],[22.376,36.7015],[22.376,36.514],[22.61,36.7795],[22.779,36.7865],[22.9845,36.528],[22.995,37.0155],[22.765,37.394],[22.7755,37.585],[23.161,37.3335],[23.4885,37.441],[23.197,37.62],[23.035,37.8785],[23.582,38.0105],[23.971,37.677],[24.0535,37.71],[23.967,38.2745],[23.683,38.3525],[23.2545,38.6615],[22.5955,38.8905],[22.9665,39.031],[22.8405,39.2585],[23.287,39.288],[22.9195,39.6285],[22.592,40.0365],[22.628,40.4965],[22.923,40.59],[22.898,40.399],[23.312,40.217],[23.665,40.224],[23.9455,39.965],[23.967,40.1145],[23.719,40.2865],[23.8665,40.4185],[23.762,40.748],[24.0825,40.724],[24.4785,40.9475],[24.7915,40.8575],[25.105,40.9945],[25.8575,40.8435],[26.0375,40.7275],[26.354,40.9965],[26.3325,41.2395],[26.624,41.4025],[26.581,41.6005],[26.3215,41.717]]]]},"properties":{"name":"Greece"},"id":"GRC"},{"type":"Feature","id":"GRD","properties":{"name":"Grenada"},"geometry":{"type":"Polygon","coordinates":[[[-61.717,12.012],[-61.782,12.0085],[-61.757,12.045],[-61.7495,12.1095],[-61.7135,12.1855],[-61.6595,12.2375],[-61.6055,12.224],[-61.627,12.0535],[-61.717,12.012]]]}},{"type":"Feature","geometry":{"type":"MultiPolygon","coordinates":[[[[-29.954,83.565],[-32.9855,83.5995],[-37.8275,83.485],[-38.749,83.3325],[-38.2775,82.999],[-40.358,83.3325],[-41.3015,83.1015],[-43.195,83.256],[-46.1365,82.8585],[-41.4345,82.7785],[-45.553,82.7245],[-44.239,82.369],[-44.5305,81.8495],[-45.2905,81.829],[-48.8615,82.405],[-50.989,82.461],[-49.542,81.9175],[-50.8955,81.895],[-53.023,82.322],[-53.041,81.8705],[-53.592,81.676],[-53.581,82.0615],[-54.726,82.3515],[-55.5505,82.2455],[-59.262,82.006],[-56.861,81.3825],[-59.2835,81.8845],[-60.8425,81.855],[-61.4365,81.1325],[-62.9915,81.2075],[-63.06,80.886],[-63.8915,81.0565],[-66.6095,80.5305],[-67.0595,80.1225],[-65.8105,80.0235],[-64.543,80.1365],[-65.4215,79.3395],[-65.969,79.133],[-67.355,79.124],[-69.029,78.9435],[-68.993,78.857],[-72.395,78.5045],[-72.8195,78.1935],[-72.0635,77.937],[-69.353,77.4665],[-68.622,77.6015],[-67.9775,77.5185],[-66.6925,77.6815],[-66.39,77.2805],[-66.9375,77.364],[-68.5935,77.343],[-68.9785,77.1955],[-70.8615,77.1745],[-71.1565,77.074],[-70.44,76.8065],[-69.252,76.687],[-68.2225,76.678],[-69.3995,76.437],[-69.3745,76.3325],[-68.1505,76.067],[-66.6745,75.977],[-67.056,76.152],[-65.8755,76.239],[-65.4575,76.1295],[-64.3055,76.317],[-63.438,76.3395],[-61.375,76.18],[-58.517,75.6885],[-58.603,75.385],[-57.815,75.0395],[-56.256,74.5275],[-56.706,74.22],[-55.9285,73.8955],[-56.105,73.5585],[-55.2985,73.2615],[-55.6945,73.1125],[-54.7365,72.873],[-54.7905,72.642],[-55.601,72.4525],[-55.3165,72.1105],[-55.5935,71.5535],[-55.4495,71.472],[-55.338,71.427],[-54.69,71.3675],[-53.9625,71.4595],[-53.9125,71.5255],[-53.9555,71.5935],[-54.0205,71.6575],[-53.4765,71.8505],[-53.9015,72.3415],[-53.419,71.9995],[-53.4405,71.5795],[-52.656,71.6715],[-51.9685,71.5985],[-52.7495,71.5015],[-53.0085,71.18],[-51.378,71.1195],[-51.018,71.0015],[-51.7525,70.993],[-51.493,70.918],[-51.396,70.9025],[-51.2555,70.852],[-51.324,70.5885],[-50.683,70.3975],[-51.5255,70.439],[-52.8035,70.7515],[-54.1645,70.821],[-54.5315,70.6995],[-54.013,70.4215],[-53.023,70.302],[-52.2565,70.059],[-51.4175,69.9895],[-50.2905,70.0135],[-50.719,69.7255],[-51.0755,69.21],[-50.5355,69.248],[-50.3915,69.137],[-51.0865,69.1285],[-51.1185,69.09],[-51.1545,68.939],[-51.2485,68.7395],[-51.133,68.599],[-51.781,68.5485],[-52.303,68.701],[-53.041,68.611],[-53.383,68.2965],[-52.1985,68.2205],[-51.2085,68.3265],[-51.5975,68.0555],[-53.041,68.2185],[-53.5775,67.8365],[-53.736,67.5485],[-52.3465,67.8365],[-51.7665,67.7375],[-50.9675,67.807],[-51.18,67.637],[-52.6665,67.75],[-53.797,67.4185],[-53.8835,67.1355],[-53.4445,66.9255],[-52.5585,66.9095],[-53.0375,66.8265],[-53.635,66.413],[-53.6135,66.1545],[-52.9225,66.2415],[-51.2805,66.8905],[-52.0545,66.507],[-53.3905,66.0485],[-53.106,65.9775],[-53.1995,65.594],[-52.35,65.462],[-52.537,65.328],[-52.26,65.1545],[-52.2345,65.061],[-52.123,64.795],[-52.087,64.6825],[-52.0945,64.417],[-51.9215,64.219],[-51.3995,64.6235],[-50.7225,64.797],[-50.8525,65.0245],[-50.9135,65.0975],[-50.9605,65.2015],[-50.9245,65.196],[-50.856,65.1145],[-50.8125,65.052],[-50.6795,64.927],[-50.647,64.8525],[-50.5175,64.7655],[-50.1215,64.703],[-51.2305,64.561],[-51.709,64.205],[-51.583,64.1025],[-50.4385,64.3125],[-50.701,64.1495],[-51.547,64.0055],[-51.468,63.6425],[-50.3915,62.8215],[-49.794,63.0455],[-50.298,62.7225],[-50.3195,62.4725],[-49.5525,62.233],[-49.6245,61.9985],[-48.829,62.08],[-49.38,61.891],[-49.29,61.5905],[-48.9225,61.278],[-48.4945,61.2245],[-48.3865,61.0055],[-47.7705,60.9985],[-48.2065,60.856],[-46.8745,60.8165],[-45.8485,61.181],[-46.1435,60.7765],[-46.0465,60.615],[-45.3805,60.445],[-45.3805,60.2035],[-44.455,60.0145],[-44.1165,59.832],[-43.6595,59.858],[-43.9545,60.0245],[-43.321,59.9275],[-43.123,60.061],[-43.296,60.445],[-43.922,60.596],[-43.044,60.523],[-42.716,60.7675],[-42.324,61.6825],[-42.1115,61.858],[-42.32,62.153],[-42.1545,62.568],[-42.943,62.7205],[-42.0575,62.6945],[-41.107,63.2745],[-41.0495,63.514],[-40.549,63.726],[-40.6175,64.132],[-41.0315,64.1215],[-41.582,64.2985],[-40.783,64.2225],[-40.182,64.4795],[-40.657,64.915],[-40.9665,64.868],[-41.028,64.988],[-41.089,65.035],[-41.0855,65.101],[-40.668,65.1095],[-40.254,65.0485],[-40.027,65.1025],[-39.577,65.3405],[-40.1925,65.5225],[-38.6375,65.625],[-38.216,65.8385],[-37.752,66.262],[-38.155,66.3855],[-37.291,66.3245],[-38,65.71],[-37.7555,65.594],[-37.064,65.8715],[-36.38,65.8315],[-35.6315,66.1405],[-35.869,66.441],[-35.1885,66.25],[-34.1015,66.7255],[-33.158,67.6265],[-32.1645,67.991],[-32.3265,68.4375],[-31.4195,68.1285],[-30.6095,68.118],[-29.8675,68.3125],[-29.2485,68.2985],[-26.4835,68.675],[-25.699,68.8905],[-25.627,68.9285],[-25.6055,68.9545],[-25.58,69.0205],[-25.544,69.045],[-23.708,69.6265],[-23.8125,69.7445],[-23.013,69.8055],[-22.286,70.1265],[-23.6685,70.1385],[-25.5295,70.354],[-27.0275,70.201],[-27.3835,69.991],[-27.56,70.125],[-26.509,70.3975],[-26.7465,70.4755],[-28.0135,70.4025],[-29.036,70.4615],[-28.147,70.656],[-27.992,70.8955],[-28.291,70.9495],[-28.399,70.993],[-28.3015,71.0065],[-27.6895,70.993],[-27.337,70.953],[-26.7175,70.951],[-26.5775,70.9685],[-26.156,71.05],[-25.742,71.1835],[-25.7565,71.4405],[-26.0735,71.498],[-26.7355,71.5015],[-27.1065,71.5325],[-27.0095,71.63],[-25.886,71.5725],[-25.6555,71.529],[-25.447,71.472],[-25.256,71.3955],[-24.561,71.2235],[-24.266,71.0465],[-24.23,70.9235],[-23.971,70.649],[-23.3265,70.451],[-22.689,70.437],[-22.437,70.861],[-22.383,70.4615],[-21.523,70.526],[-21.674,70.8555],[-21.667,70.9165],[-21.6885,71.0915],[-21.6705,71.2065],[-21.753,71.479],[-22.502,71.4995],[-22.466,71.5255],[-22.311,71.564],[-22.0125,71.689],[-21.9585,71.7445],[-24.6655,72.437],[-24.77,72.8695],[-26.3935,72.673],[-26.6565,72.7165],[-24.6295,73.038],[-24.068,72.498],[-22.293,72.1195],[-22.0735,72.399],[-22.0375,72.918],[-23.899,73.399],[-24.5865,73.423],[-26.7535,73.121],[-24.7915,73.5115],[-24.158,73.765],[-23.762,73.543],[-22.988,73.347],[-22.185,73.2705],[-21.548,73.432],[-20.511,73.4925],[-20.367,73.8485],[-21.987,73.9715],[-22.333,74.286],[-21.1305,74.1105],[-19.37,74.284],[-19.226,74.4785],[-19.9855,74.975],[-20.4175,74.975],[-20.612,74.7285],[-20.9865,75.074],[-20.486,75.3135],[-19.7985,75.1575],[-19.3665,75.3865],[-19.5105,75.758],[-20.1045,76.22],[-21.4185,76.2635],[-21.8755,76.574],[-20.943,76.8865],[-20.065,76.928],[-18.5095,76.779],[-18.3405,77.2145],[-19.3015,77.2215],[-20.2305,77.369],[-20.6805,77.619],[-19.489,77.718],[-20.864,77.9125],[-21.5805,77.652],[-21.746,77.791],[-20.954,78.555],[-21.134,78.659],[-20.0505,78.841],[-18.992,79.178],[-19.413,79.348],[-19.2835,79.683],[-20.137,79.803],[-19.4275,80.258],[-16.868,80.199],[-15.9355,80.428],[-16.76,80.574],[-14.5025,80.763],[-14.4885,80.973],[-13.4515,81.0375],[-11.529,81.4245],[-12.1915,81.6485],[-15.554,81.834],[-17.455,81.3985],[-20.0145,81.565],[-21.9295,81.0495],[-23.071,80.926],[-21.7245,81.348],[-21.145,81.695],[-21.339,82.0685],[-23.103,82.011],[-24.295,81.7005],[-25.148,82.001],[-27.841,82.0495],[-29.5435,81.94],[-29.5795,82.1605],[-23.863,82.287],[-22.473,82.3845],[-21.519,82.596],[-22.5235,82.789],[-24.471,82.8775],[-25.123,83.1605],[-27.002,83.0665],[-31.9915,83.086],[-25.796,83.261],[-29.954,83.565]]],[[[-52.7315,69.944],[-53.376,70.222],[-54.373,70.3175],[-54.7725,70.052],[-54.9205,69.7135],[-53.6565,69.465],[-54.157,69.4285],[-53.5775,69.2565],[-52.1125,69.4895],[-52.044,69.807],[-52.7315,69.944]]],[[[-51.0145,69.552],[-50.6795,69.8485],[-51.349,69.854],[-51.0145,69.552]]],[[[-53.5345,71.0415],[-53.5845,71.2965],[-53.959,71.128],[-53.5345,71.0415]]],[[[-55.0175,72.7915],[-56.2165,72.7185],[-55.525,72.569],[-55.0175,72.7915]]],[[[-44.8655,82.084],[-44.75,82.402],[-46.399,82.6915],[-47.274,82.657],[-46.752,82.348],[-44.8655,82.084]]],[[[-25.4325,70.9215],[-25.6125,70.977],[-25.6595,70.998],[-25.7275,71.0415],[-25.8175,71.043],[-26.336,70.92],[-26.977,70.8625],[-27.7075,70.8975],[-27.8985,70.4545],[-26.606,70.5535],[-26.275,70.4545],[-25.4035,70.6525],[-25.4325,70.9215]]],[[[-17.613,79.8255],[-17.473,80.0285],[-18.9955,79.94],[-19.0315,79.7735],[-17.613,79.8255]]],[[[-18.9955,77.973],[-18.9345,78.423],[-19.316,78.3445],[-18.9955,77.973]]],[[[-18.5815,76.043],[-18.733,76.6415],[-19.0855,76.43],[-18.5815,76.043]]],[[[-18.002,75.4075],[-18.855,75.319],[-18.6715,75.001],[-17.5845,74.9925],[-18.002,75.4075]]],[[[-46.266,60.7815],[-46.2045,60.943],[-46.7915,60.78],[-46.381,60.66],[-46.266,60.7815]]]]},"properties":{"name":"Greenland"},"id":"GRL"},{"type":"Feature","geometry":{"type":"Polygon","coordinates":[[[-92.2345,14.545],[-91.8205,14.229],[-91.1475,13.925],[-90.6075,13.9285],[-90.0965,13.736],[-90.1035,13.835],[-89.5455,14.241],[-89.542,14.4095],[-89.362,14.4165],[-89.171,14.6075],[-89.2215,14.866],[-89.1425,15.0725],[-88.9765,15.142],[-88.228,15.729],[-88.595,15.951],[-88.6025,15.7635],[-88.894,15.8905],[-89.236,15.8935],[-89.1605,17.8155],[-90.989,17.817],[-90.9925,17.253],[-91.4105,17.2565],[-90.9745,16.8675],[-90.712,16.708],[-90.6325,16.51],[-90.4165,16.39],[-90.4455,16.0725],[-91.738,16.071],[-92.188,15.321],[-92.0765,15.0745],[-92.2345,14.545]]]},"properties":{"name":"Guatemala"},"id":"GTM"},{"type":"Feature","id":"GUM","properties":{"name":"Guam"},"geometry":{"type":"Polygon","coordinates":[[[144.741,13.2585],[144.698,13.2565],[144.662,13.2915],[144.651,13.314],[144.6475,13.4285],[144.7915,13.5275],[144.8385,13.623],[144.8745,13.6145],[144.9105,13.5985],[144.939,13.571],[144.781,13.4115],[144.741,13.2585]]]}},{"type":"Feature","geometry":{"type":"Polygon","coordinates":[[[-60.7415,5.2015],[-60.1405,5.238],[-59.989,5.0835],[-60.1115,4.511],[-59.705,4.3805],[-59.737,4.226],[-59.55,3.9345],[-59.856,3.587],[-59.827,3.398],[-59.971,2.99],[-59.993,2.6895],[-59.8885,2.3635],[-59.755,2.275],[-59.755,1.9],[-59.2295,1.3755],[-58.8625,1.2035],[-58.513,1.2855],[-58.3405,1.5875],[-58.0345,1.5195],[-57.984,1.648],[-57.595,1.7035],[-57.4115,1.9085],[-57.12,2.0145],[-56.8355,1.8805],[-56.483,1.9415],[-56.706,2.037],[-57.21,2.8825],[-57.3035,3.377],[-57.5485,3.353],[-57.833,3.6755],[-58.056,4.172],[-57.847,4.6685],[-57.9155,4.82],[-57.7105,4.9915],[-57.3325,5.0195],[-57.21,5.1945],[-57.318,5.3355],[-57.1955,5.549],[-57.167,5.8855],[-57.228,6.179],[-57.541,6.332],[-57.984,6.7865],[-58.416,6.851],[-58.614,6.502],[-58.5815,6.844],[-58.481,7.0385],[-58.477,7.3265],[-58.812,7.7365],[-59.201,8.075],[-59.665,8.363],[-59.838,8.3735],[-60.018,8.5485],[-59.831,8.3055],[-60.0325,8.054],[-60.515,7.8125],[-60.72,7.4985],[-60.6335,7.21],[-60.324,7.134],[-60.396,6.9445],[-60.7165,6.7675],[-61.145,6.6945],[-61.2025,6.589],[-61.1305,6.214],[-61.375,5.9065],[-60.7415,5.2015]]]},"properties":{"name":"Guyana"},"id":"GUY"},{"type":"Feature","id":"HKG","properties":{"name":"Hong Kong"},"geometry":{"type":"MultiPolygon","coordinates":[[[[114.015,22.5115],[114.0185,22.515],[114.051,22.5425],[114.0975,22.5515],[114.123,22.565],[114.1875,22.565],[114.2275,22.555],[114.267,22.541],[114.2705,22.5375],[114.292,22.499],[114.285,22.4575],[114.3245,22.4365],[114.3355,22.397],[114.292,22.374],[114.2885,22.3255],[114.267,22.296],[114.1375,22.348],[114.033,22.376],[113.9355,22.3655],[113.9035,22.397],[113.896,22.428],[114.0075,22.4835],[114.015,22.5115]]],[[[114.231,22.211],[114.2055,22.1955],[114.1375,22.2685],[114.1335,22.2925],[114.1875,22.296],[114.2455,22.263],[114.2455,22.2335],[114.231,22.211]]],[[[113.997,22.211],[113.878,22.211],[113.853,22.2195],[113.8385,22.2425],[113.8815,22.2805],[114.0435,22.3325],[114.004,22.277],[113.997,22.211]]]]}},{"type":"Feature","id":"HMD","properties":{"name":"Heard Island and McDonald Islands"},"geometry":{"type":"Polygon","coordinates":[[[73.709,-53.1365],[73.5865,-53.1855],[73.464,-53.1835],[73.4135,-53.147],[73.3345,-53.029],[73.284,-53.022],[73.2555,-52.989],[73.2515,-52.9755],[73.3055,-52.9665],[73.3885,-52.9995],[73.5865,-53.0275],[73.7305,-53.0915],[73.8385,-53.1125],[73.7955,-53.13],[73.709,-53.1365]]]}},{"type":"Feature","geometry":{"type":"Polygon","coordinates":[[[-83.159,14.993],[-83.368,15.2395],[-83.645,15.3675],[-83.76,15.22],[-83.9725,15.519],[-83.7745,15.437],[-84.2605,15.8225],[-84.5595,15.8015],[-84.9735,15.989],[-85.4845,15.899],[-85.7835,16.003],[-86.356,15.7825],[-86.9065,15.762],[-87.2845,15.8345],[-87.4865,15.7895],[-87.6195,15.9095],[-88.228,15.729],[-88.9765,15.142],[-89.1425,15.0725],[-89.2215,14.866],[-89.171,14.6075],[-89.362,14.4165],[-89.056,14.3295],[-88.847,14.125],[-88.5125,13.979],[-88.4475,13.8505],[-88.1525,13.9875],[-87.7165,13.8125],[-87.814,13.399],[-87.49,13.352],[-87.3385,12.979],[-87.058,12.991],[-86.9175,13.224],[-86.7125,13.314],[-86.734,13.7635],[-86.3305,13.7705],[-86.039,14.05],[-85.787,13.8455],[-85.373,14.2235],[-84.984,14.753],[-84.862,14.8105],[-84.538,14.6335],[-83.868,14.795],[-83.537,14.977],[-83.159,14.993]]]},"properties":{"name":"Honduras"},"id":"HND"},{"type":"Feature","geometry":{"type":"MultiPolygon","coordinates":[[[[13.5775,45.517],[13.628,45.109],[13.9665,44.8365],[14.312,45.338],[14.5495,45.298],[14.8555,45.081],[14.895,44.706],[15.471,44.272],[15.122,44.2565],[15.5,43.9095],[15.943,43.656],[15.986,43.5205],[16.393,43.543],[16.904,43.392],[17.5845,42.939],[17.624,43.043],[17.293,43.305],[17.275,43.446],[16.713,43.779],[16.213,44.215],[16.13,44.4735],[15.7375,44.765],[15.788,45.1785],[16.029,45.189],[16.292,45.0085],[16.5295,45.2165],[16.9185,45.2775],[17.127,45.1715],[17.811,45.0775],[17.995,45.142],[18.6645,45.0775],[19.0065,44.8695],[19.136,45.1955],[19.3305,45.2685],[19.0065,45.399],[19.057,45.5275],[18.841,45.8365],[18.9055,45.932],[18.4375,45.767],[17.8075,45.791],[17.408,45.951],[16.749,46.416],[16.515,46.4995],[15.637,46.201],[15.626,45.8345],[15.277,45.732],[15.338,45.4665],[14.8485,45.4665],[14.535,45.6455],[14.3695,45.482],[13.88,45.4285],[13.5775,45.517]]],[[[16.652,42.996],[16.7385,42.913],[17.1885,42.9165],[16.652,42.996]]],[[[17.1955,43.1265],[16.375,43.213],[16.681,43.123],[17.1955,43.1265]]],[[[14.8085,44.977],[14.571,45.2255],[14.438,45.0985],[14.8085,44.977]]],[[[14.4885,44.6595],[14.3585,45.168],[14.301,44.9405],[14.4885,44.6595]]],[[[18.4375,42.5605],[17.667,42.8975],[18.517,42.434],[18.4375,42.5605]]]]},"properties":{"name":"Croatia"},"id":"HRV"},{"type":"Feature","id":"HTI","properties":{"name":"Haiti"},"geometry":{"type":"MultiPolygon","coordinates":[[[[-71.7795,19.718],[-71.7575,19.6885],[-71.711,19.4875],[-71.7075,19.4215],[-71.754,19.324],[-71.747,19.286],[-71.646,19.1955],[-71.646,19.1645],[-71.657,19.1315],[-71.7435,19.0465],[-71.808,18.9875],[-71.7865,18.9195],[-71.7325,18.857],[-71.7255,18.8035],[-71.7435,18.732],[-71.8225,18.6455],[-71.8655,18.614],[-71.988,18.6105],[-71.999,18.5985],[-71.9415,18.5135],[-71.873,18.416],[-71.7615,18.3415],[-71.736,18.2705],[-71.765,18.2045],[-71.7685,18.0395],[-71.8515,18.1195],[-71.945,18.1855],[-72.0025,18.2115],[-72.06,18.2285],[-72.503,18.22],[-72.5535,18.208],[-72.593,18.187],[-72.6325,18.1765],[-72.755,18.156],[-72.8775,18.1525],[-73.1615,18.206],[-73.2735,18.234],[-73.385,18.251],[-73.5145,18.246],[-73.644,18.2285],[-73.7485,18.1905],[-73.824,18.121],[-73.8385,18.0585],[-73.8855,18.041],[-73.9895,18.1435],[-74.087,18.215],[-74.195,18.2685],[-74.418,18.3465],[-74.4615,18.3935],[-74.4795,18.449],[-74.3855,18.6245],[-74.285,18.6575],[-74.2275,18.6625],[-74.1015,18.642],[-73.9755,18.602],[-73.8635,18.576],[-73.6875,18.5655],[-73.59,18.522],[-72.917,18.456],[-72.791,18.435],[-72.7405,18.442],[-72.6975,18.468],[-72.6615,18.515],[-72.618,18.5515],[-72.4165,18.5585],[-72.377,18.574],[-72.348,18.6245],[-72.348,18.675],[-72.467,18.7445],[-72.6505,18.8935],[-72.8125,19.0725],[-72.7405,19.1315],[-72.7695,19.241],[-72.7405,19.3415],[-72.7045,19.4405],[-72.863,19.5255],[-73.0535,19.6105],[-73.3165,19.6365],[-73.3955,19.659],[-73.439,19.7215],[-73.3995,19.8065],[-73.3165,19.8555],[-73.2195,19.883],[-73.1185,19.904],[-72.8775,19.928],[-72.636,19.9005],[-72.431,19.8135],[-72.2185,19.744],[-71.9555,19.7215],[-71.8335,19.6975],[-71.7795,19.718]]],[[[-72.8055,18.777],[-72.8235,18.708],[-73.079,18.791],[-73.284,18.897],[-73.277,18.9545],[-73.169,18.9665],[-73.068,18.9315],[-72.9205,18.8625],[-72.8055,18.777]]],[[[-72.665,20.0375],[-72.6215,20.015],[-72.6395,19.9855],[-72.7405,20.003],[-72.845,20.036],[-72.8775,20.027],[-72.899,20.0305],[-72.96,20.062],[-72.906,20.086],[-72.852,20.093],[-72.791,20.0915],[-72.665,20.0375]]]]}},{"type":"Feature","geometry":{"type":"Polygon","coordinates":[[[22.131,48.4055],[21.7675,48.338],[21.451,48.5515],[20.4895,48.527],[20.335,48.296],[19.899,48.1315],[19.6255,48.2235],[19.467,48.1105],[18.7905,48.001],[18.7255,47.7875],[17.761,47.77],[17.149,48.0065],[17.066,47.7075],[16.551,47.7475],[16.623,47.4475],[16.443,47.3985],[16.454,47.0065],[16.094,46.864],[16.285,46.857],[16.515,46.4995],[16.749,46.416],[17.408,45.951],[17.8075,45.791],[18.4375,45.767],[18.9055,45.932],[19.532,46.156],[20.241,46.109],[21.0405,46.2425],[22.2895,47.7285],[22.61,47.767],[22.8765,47.9475],[22.7685,48.109],[22.131,48.4055]]]},"properties":{"name":"Hungary"},"id":"HUN"},{"type":"Feature","geometry":{"type":"MultiPolygon","coordinates":[[[[97.48,1.466],[97.3575,1.5405],[97.0805,1.426],[97.4045,0.9465],[97.6025,0.834],[97.685,0.596],[97.876,0.629],[97.9335,0.9745],[97.48,1.466]]],[[[99.165,-1.779],[99.2655,-1.6275],[98.8695,-0.916],[98.675,-0.97],[98.603,-1.197],[98.873,-1.664],[99.165,-1.779]]],[[[116.6395,-8.6135],[116.733,-8.3875],[116.402,-8.2035],[116.06,-8.438],[116.078,-8.7455],[115.876,-8.825],[116.3765,-8.9295],[116.6395,-8.6135]]],[[[115.448,-8.155],[115.1525,-8.0665],[114.9975,-8.174],[114.4755,-8.1185],[114.6125,-8.379],[114.843,-8.4275],[115.221,-8.82],[115.3325,-8.615],[115.7035,-8.407],[115.448,-8.155]]],[[[106.0445,-1.6695],[105.9115,-1.5045],[105.5835,-1.527],[105.375,-1.6575],[105.375,-1.8135],[105.1335,-2.0425],[105.5515,-2.079],[105.7855,-2.1815],[105.94,-2.494],[105.9975,-2.8255],[106.6675,-3.072],[106.6135,-2.895],[106.8185,-2.574],[106.365,-2.4645],[106.21,-2.1885],[106.1635,-1.8675],[106.0445,-1.6695]]],[[[123.1805,-4.551],[122.9465,-4.4435],[122.853,-4.619],[122.7665,-5.211],[122.5865,-5.544],[122.8135,-5.671],[122.986,-5.393],[123.202,-5.2735],[122.9825,-5.1865],[123.0545,-4.749],[123.195,-4.822],[123.1805,-4.551]]],[[[122.644,-5.27],[122.7595,-4.933],[122.702,-4.619],[122.3705,-4.7665],[122.396,-5.07],[122.284,-5.32],[122.565,-5.388],[122.644,-5.27]]],[[[108.316,3.6895],[108.3915,3.9865],[108.201,4.2],[108.003,4.042],[108.1,3.7055],[108.316,3.6895]]],[[[108.208,-2.9975],[108.291,-2.831],[108.075,-2.5965],[107.668,-2.567],[107.5995,-2.7995],[107.614,-3.209],[107.9775,-3.2215],[108.208,-2.9975]]],[[[135.385,-0.652],[135.644,-0.8815],[135.7485,-0.822],[135.8385,-1.119],[136.112,-1.2165],[136.375,-1.095],[135.8925,-0.725],[135.385,-0.652]]],[[[135.475,-1.5915],[135.489,-1.6675],[136.191,-1.8585],[136.461,-1.89],[136.893,-1.7995],[136.202,-1.6555],[135.475,-1.5915]]],[[[130.8125,-0.0045],[130.2945,-0.102],[130.2365,-0.2095],[130.6905,-0.296],[130.8955,-0.416],[130.622,-0.086],[131.007,-0.3605],[131.3385,-0.291],[131.277,-0.1505],[130.8125,-0.0045]]],[[[128.4545,2.0525],[128.624,2.2245],[128.6885,2.4745],[128.6025,2.5975],[128.3285,2.469],[128.217,2.2975],[128.2965,2.035],[128.4545,2.0525]]],[[[128.1525,-1.6605],[127.904,-1.4385],[127.6485,-1.3325],[127.4575,-1.454],[127.3925,-1.645],[127.562,-1.7285],[128.1525,-1.6605]]],[[[126.0535,-2.4505],[125.9925,-2.0115],[125.8625,-2.0775],[126.0535,-2.4505]]],[[[126.0245,-1.789],[125.5205,-1.8015],[125.4345,-1.9385],[125.9565,-1.916],[126.3305,-1.822],[126.0245,-1.789]]],[[[124.97,-1.706],[124.664,-1.6365],[124.3795,-1.687],[124.419,-2.0045],[124.833,-1.895],[125.006,-1.9435],[125.319,-1.81],[124.97,-1.706]]],[[[131.324,-7.999],[131.6225,-7.6255],[131.691,-7.438],[131.6445,-7.1135],[131.259,-7.471],[131.0865,-7.865],[131.324,-7.999]]],[[[126.8025,-7.6675],[126.608,-7.572],[126.2155,-7.707],[125.9745,-7.664],[125.798,-7.985],[126.1075,-7.8845],[126.471,-7.9505],[126.8025,-7.6675]]],[[[124.574,-8.141],[124.43,-8.183],[124.444,-8.445],[125.096,-8.353],[125.1245,-8.2055],[124.574,-8.141]]],[[[131.0035,-1.3155],[131.0755,-0.968],[130.8955,-0.89],[130.6725,-0.9595],[130.784,-1.256],[131.0035,-1.3155]]],[[[96.4935,5.2295],[96.1335,5.2935],[95.6295,5.6095],[95.2265,5.5645],[95.2085,5.2835],[95.4965,4.7605],[96.443,3.8165],[96.7995,3.7085],[96.969,3.575],[97.39,2.976],[97.5915,2.846],[97.6995,2.358],[98.0055,2.2385],[98.5635,1.9015],[98.7975,1.4955],[99.1575,0.3515],[99.597,0.103],[99.8595,-0.3135],[100.3095,-0.8275],[100.486,-1.2995],[100.857,-1.935],[100.8495,-2.1435],[101.1195,-2.588],[101.307,-2.7285],[101.577,-3.1675],[102.1275,-3.6],[102.538,-4.152],[102.9195,-4.4715],[103.8305,-5.079],[104.068,-5.386],[104.601,-5.9055],[104.6835,-5.893],[104.6405,-5.52],[105.0795,-5.7455],[105.3495,-5.5495],[105.6195,-5.7995],[105.8175,-5.676],[105.886,-5.0095],[105.832,-4.1625],[105.9295,-3.881],[105.843,-3.6135],[106.0445,-3.107],[105.5835,-2.4925],[105.3965,-2.3795],[105.0255,-2.357],[104.734,-2.5705],[104.669,-2.3865],[104.8455,-2.093],[104.5145,-1.8185],[104.3595,-1.039],[104.1975,-1.055],[103.7225,-0.8865],[103.5315,-0.7545],[103.431,-0.534],[103.427,-0.192],[103.787,0.0475],[103.672,0.289],[103.337,0.5145],[102.779,0.2435],[103.067,0.492],[102.8475,0.716],[102.4695,0.78],[102.239,0.99],[102.1565,1.259],[101.7855,1.622],[101.476,1.693],[101.2995,2.0125],[101.0475,2.2575],[100.828,2.242],[100.889,1.9485],[100.457,2.2575],[99.7335,3.1825],[99.1505,3.582],[98.7795,3.759],[98.657,3.9275],[98.308,4.0925],[98.247,4.4155],[97.9985,4.662],[97.9085,4.8805],[97.5485,5.205],[96.843,5.2745],[96.4935,5.2295]]],[[[122.7845,-8.6115],[123.004,-8.3285],[122.979,-8.1515],[122.7595,-8.1865],[122.8495,-8.3045],[122.2625,-8.6255],[121.9675,-8.4555],[121.4995,-8.5855],[120.61,-8.24],[120.232,-8.2905],[119.919,-8.445],[119.8075,-8.6985],[119.908,-8.858],[120.1205,-8.7765],[120.549,-8.8025],[121.035,-8.9345],[121.3265,-8.917],[121.413,-8.815],[121.6505,-8.898],[122.0935,-8.7455],[122.4715,-8.7265],[122.7845,-8.6115]]],[[[120.0125,-9.3755],[119.1845,-9.384],[118.958,-9.5195],[119.084,-9.707],[119.602,-9.773],[119.93,-9.966],[120.146,-10.2],[120.4375,-10.294],[120.6965,-10.207],[120.8335,-10.037],[120.556,-9.7195],[120.29,-9.648],[120.0125,-9.3755]]],[[[118.2415,-8.3185],[118.119,-8.122],[117.7555,-8.15],[117.8165,-8.3425],[118.234,-8.5925],[117.806,-8.7105],[117.568,-8.426],[117.165,-8.367],[116.834,-8.532],[116.787,-9.006],[117.0605,-9.0995],[118.191,-8.841],[118.378,-8.674],[118.479,-8.8565],[119.1305,-8.669],[118.9865,-8.3375],[118.713,-8.4155],[118.612,-8.28],[118.2415,-8.3185]]],[[[124.8905,0.9955],[125.2325,1.5025],[124.988,1.7],[124.786,1.4675],[124.275,1.023],[123.8465,0.8375],[123.278,0.9275],[122.8925,0.8495],[122.4355,1.018],[121.8665,1.089],[121.593,1.0685],[121.406,1.2435],[120.9125,1.2885],[120.603,0.8545],[120.322,0.983],[120.056,0.6935],[119.811,0.2385],[119.865,0.0405],[119.721,-0.088],[119.8435,-0.862],[119.71,-0.6815],[119.5085,-0.9075],[119.3105,-1.409],[119.3215,-1.93],[119.174,-2.14],[119.091,-2.4835],[118.785,-2.765],[118.857,-2.928],[118.868,-3.3985],[118.994,-3.5375],[119.4185,-3.475],[119.624,-4.034],[119.613,-4.4225],[119.3755,-5.4245],[119.7175,-5.6935],[119.9515,-5.577],[120.43,-5.591],[120.279,-5.1465],[120.4195,-4.617],[120.362,-4.086],[120.4375,-3.7075],[120.3905,-3.348],[120.254,-3.053],[120.34,-2.869],[120.6535,-2.6675],[121.053,-2.751],[121.0385,-3.206],[120.9125,-3.5565],[121.312,-3.9195],[121.618,-4.093],[121.485,-4.5805],[121.5895,-4.7595],[121.917,-4.848],[122.072,-4.7925],[122.054,-4.6205],[122.2085,-4.4955],[122.896,-4.35],[122.878,-4.1085],[122.691,-4.084],[122.608,-3.9225],[122.252,-3.6205],[122.3995,-3.2005],[122.2915,-2.907],[122.0825,-2.749],[121.8485,-2.331],[121.348,-1.9455],[121.395,-1.8345],[121.719,-1.862],[121.8595,-1.6935],[122.158,-1.595],[122.5075,-1.348],[122.806,-0.9665],[123.051,-0.8725],[123.3785,-1.0045],[123.3785,-0.6485],[123.17,-0.5705],[122.828,-0.659],[122.889,-0.7545],[122.2805,-0.7565],[121.971,-0.9335],[121.521,-0.855],[121.035,-1.4075],[120.668,-1.371],[120.5165,-1.039],[120.268,-0.8985],[120.099,-0.6505],[120.0125,-0.1955],[120.1925,0.268],[120.459,0.511],[121.0135,0.4415],[121.4275,0.4955],[121.8415,0.4365],[122.2805,0.4815],[123.0835,0.485],[123.267,0.327],[123.753,0.306],[124.426,0.471],[124.8905,0.9955]]],[[[107.373,-6.0075],[107.0455,-5.9035],[106.8255,-6.098],[106.0735,-5.914],[105.868,-6.117],[105.7855,-6.4575],[105.6555,-6.4695],[105.483,-6.782],[105.3715,-6.664],[105.256,-6.836],[105.9435,-6.8585],[106.5195,-7.0545],[106.455,-7.3685],[107.2865,-7.471],[107.9165,-7.7245],[108.453,-7.7975],[108.741,-7.6675],[109.281,-7.7055],[109.8535,-7.8285],[110.6055,-8.15],[111.5095,-8.3045],[112.114,-8.3235],[112.6795,-8.4085],[113.2515,-8.287],[113.691,-8.478],[114.5835,-8.7695],[114.3855,-8.405],[114.4435,-7.8965],[114.382,-7.7715],[114.069,-7.6325],[113.7485,-7.704],[113.248,-7.7175],[112.7945,-7.5525],[112.7945,-7.3045],[112.6505,-7.221],[112.539,-6.926],[112.089,-6.893],[111.5415,-6.6485],[111.153,-6.669],[110.973,-6.4365],[110.7355,-6.473],[110.584,-6.806],[110.4255,-6.947],[109.821,-6.9015],[109.5005,-6.8095],[109.2955,-6.867],[108.676,-6.7905],[108.5175,-6.471],[108.2945,-6.2645],[107.668,-6.216],[107.373,-6.0075]]],[[[109.63,2.0285],[109.378,1.9225],[109.0755,1.4955],[108.9065,0.794],[108.946,0.3565],[109.2595,0.032],[109.1295,-0.4455],[109.3745,-0.638],[109.27,-0.732],[109.7885,-1.0115],[110.019,-1.3985],[109.9615,-1.862],[110.0765,-1.947],[110.3035,-2.9855],[110.5735,-2.8915],[110.9295,-3.0705],[111.369,-2.933],[111.8225,-3.0565],[111.8225,-3.532],[111.9555,-3.5305],[112.2835,-3.3205],[112.6,-3.4],[112.971,-3.1865],[113.0355,-2.933],[113.3415,-3.2455],[113.565,-3.178],[113.6335,-3.4195],[113.7955,-3.456],[114.0835,-3.2785],[114.447,-3.482],[114.526,-3.376],[114.627,-4.112],[114.6955,-4.1695],[115.9555,-3.5945],[116.056,-3.348],[116.258,-3.126],[116.168,-2.935],[116.355,-2.8325],[116.3515,-2.522],[116.528,-2.5115],[116.528,-2.2075],[116.4235,-2.053],[116.4235,-1.7855],[116.276,-1.7855],[116.715,-1.376],[116.798,-1.1835],[117.003,-1.1885],[117.2405,-0.9265],[117.5755,-0.727],[117.464,-0.324],[117.5215,0.2365],[117.7445,0.7295],[117.9245,0.832],[117.91,1.0995],[118.1945,0.874],[118.533,0.813],[118.9865,0.9815],[118.6375,1.3185],[118.0795,1.702],[117.788,2.0265],[118.065,2.318],[117.885,2.542],[117.6115,3.0645],[117.352,3.193],[117.3845,3.365],[117.172,3.6395],[117.777,3.6895],[117.464,4.077],[117.5755,4.1705],[117.1,4.337],[116.5135,4.37],[116.416,4.3075],[115.898,4.3495],[115.678,4.193],[115.57,3.9395],[115.5665,3.4465],[115.455,3.035],[115.246,3.0265],[115.088,2.8405],[115.1525,2.4935],[114.7855,2.2505],[114.832,1.9795],[114.7025,1.851],[114.544,1.4675],[113.9035,1.4345],[113.6225,1.2365],[113.007,1.4345],[112.942,1.5665],[112.4775,1.5595],[112.186,1.44],[112.078,1.143],[111.7685,0.999],[111.286,1.044],[110.937,1.018],[110.505,0.8615],[110.314,0.9955],[109.6555,1.615],[109.54,1.8965],[109.63,2.0285]]],[[[127.731,0.848],[127.652,1.0145],[128.012,1.332],[128.012,1.702],[127.886,1.832],[128.037,2.1985],[127.6305,1.8445],[127.4215,1.2525],[127.6085,0.848],[127.5545,0.49],[127.7095,0.289],[127.6915,-0.2425],[127.8895,-0.423],[128.048,-0.706],[128.426,-0.8935],[128.253,-0.732],[127.9795,-0.2475],[127.886,0.2975],[127.983,0.471],[128.4475,0.391],[128.901,0.216],[128.6565,0.5075],[128.2605,0.733],[128.3,0.8775],[128.703,1.1065],[128.6885,1.5715],[128.2205,1.4],[128.1595,1.1585],[127.9685,1.042],[127.8825,0.832],[127.731,0.848]]],[[[129.7545,-2.8655],[129.4265,-2.791],[129.117,-2.9365],[129.0595,-2.8375],[128.199,-2.8655],[127.8785,-3.2215],[127.922,-3.506],[128.084,-3.185],[128.4185,-3.416],[128.6385,-3.433],[128.75,-3.3015],[129.4665,-3.454],[129.513,-3.329],[129.8445,-3.3275],[130.0205,-3.475],[130.8055,-3.8585],[130.8595,-3.5705],[130.6725,-3.3915],[130.5715,-3.131],[130.3805,-2.989],[129.9845,-2.9765],[129.7545,-2.8655]]],[[[126.86,-3.0875],[126.554,-3.065],[126.0285,-3.171],[126.057,-3.421],[126.2155,-3.605],[126.687,-3.824],[127.2305,-3.633],[127.227,-3.3915],[126.86,-3.0875]]],[[[124.923,-8.9435],[124.444,-9.19],[124.282,-9.4275],[124.0375,-9.341],[123.71,-9.615],[123.591,-9.9675],[123.717,-10.0785],[123.645,-10.311],[123.8575,-10.344],[124.174,-10.183],[124.426,-10.148],[124.9625,-9.6655],[125.067,-9.5125],[124.977,-9.195],[125.15,-9.042],[124.923,-8.9435]]],[[[134.7475,-5.7075],[134.618,-5.4385],[134.3405,-5.7125],[134.301,-6.0095],[134.1535,-6.063],[134.4415,-6.334],[134.636,-6.3655],[134.7545,-6.171],[134.7475,-5.7075]]],[[[134.535,-6.4415],[134.114,-6.19],[134.06,-6.77],[134.2005,-6.9085],[134.355,-6.815],[134.535,-6.4415]]],[[[138.535,-8.273],[138.787,-8.0595],[138.9885,-7.697],[138.769,-7.3915],[138.297,-7.438],[138.009,-7.6415],[137.685,-8.2625],[137.689,-8.412],[138.297,-8.405],[138.535,-8.273]]],[[[140.972,-2.6105],[140.749,-2.607],[140.623,-2.4455],[140.155,-2.35],[139.791,-2.348],[138.65,-1.791],[137.8075,-1.4835],[137.1235,-1.8415],[137.1705,-2.0255],[136.843,-2.197],[136.389,-2.2735],[136.2415,-2.5825],[136.015,-2.7335],[135.86,-2.9955],[135.4855,-3.3445],[135.039,-3.3325],[134.9165,-3.249],[134.8445,-2.909],[134.7005,-2.933],[134.6285,-2.5375],[134.4845,-2.5825],[134.4595,-2.8325],[134.157,-2.1955],[134.1065,-1.7215],[134.258,-1.362],[133.9735,-0.744],[133.473,-0.727],[133.077,-0.5115],[132.6235,-0.3585],[132.1265,-0.454],[131.8025,-0.704],[131.2555,-0.855],[131.1905,-1.166],[130.9965,-1.4245],[131.295,-1.3935],[131.9285,-1.56],[132.0225,-1.9905],[132.3065,-2.2425],[132.962,-2.272],[133.4875,-2.225],[133.923,-2.1015],[133.79,-2.2945],[133.905,-2.3915],[133.61,-2.548],[133.1925,-2.4385],[133.034,-2.487],[132.7245,-2.789],[132.231,-2.68],[131.972,-2.789],[132.0545,-2.914],[132.35,-2.975],[132.753,-3.2945],[132.8685,-3.551],[132.753,-3.704],[132.969,-4.0945],[133.25,-4.0615],[133.653,-3.3635],[133.7,-3.0875],[133.7215,-3.5775],[133.9735,-3.8185],[134.1465,-3.796],[134.265,-3.9455],[134.708,-3.954],[134.7545,-4.1955],[135.194,-4.4505],[135.979,-4.5305],[136.6195,-4.8185],[137.0875,-4.9245],[137.761,-5.256],[138.0595,-5.466],[138.067,-5.676],[138.3765,-5.8445],[138.297,-5.9485],[138.4375,-6.3425],[138.866,-6.8585],[138.5995,-6.9365],[138.7185,-7.07],[139.0495,-7.2005],[138.747,-7.2505],[139.089,-7.5875],[138.855,-8.1445],[138.9345,-8.2625],[139.1935,-8.0855],[139.3845,-8.19],[139.935,-8.1015],[140.9755,-9.1185],[140.9755,-6.905],[140.864,-6.7405],[140.9755,-6.346],[140.9755,-4.0235],[140.972,-2.6105]]],[[[138.895,-8.3895],[138.7975,-8.174],[138.596,-8.372],[138.895,-8.3895]]],[[[101.7065,2.0785],[101.451,2.068],[101.404,1.9015],[101.602,1.716],[101.775,1.943],[101.7065,2.0785]]],[[[102.4265,0.99],[102.4445,1.235],[102.2285,1.348],[102.279,1.075],[102.4265,0.99]]],[[[102.491,1.459],[102.041,1.6255],[102.077,1.499],[102.4985,1.3305],[102.491,1.459]]],[[[103.0275,0.747],[103.0025,0.86],[102.549,1.131],[102.455,0.8895],[103.0275,0.747]]],[[[103.168,0.8705],[102.79,1.1655],[102.7035,1.0545],[103.168,0.8705]]],[[[104.5865,1.216],[104.363,1.181],[104.5035,0.853],[104.651,0.9605],[104.5865,1.216]]],[[[104.777,-0.1765],[104.543,0.018],[104.446,-0.1885],[104.777,-0.1765]]],[[[104.475,-0.3345],[104.259,-0.463],[104.363,-0.659],[104.59,-0.4665],[104.475,-0.3345]]],[[[103.737,-0.3485],[103.5495,-0.227],[103.4595,-0.357],[103.737,-0.3485]]],[[[109.7095,-1.18],[109.7415,-1.039],[109.4755,-0.9855],[109.4285,-1.2405],[109.7095,-1.18]]],[[[113.8455,-7.105],[114.0835,-6.9885],[113.9755,-6.872],[112.8665,-6.9],[112.762,-7.1395],[113.0395,-7.2125],[113.4715,-7.2175],[113.8455,-7.105]]],[[[127.2485,-0.496],[127.2885,-0.284],[127.1265,-0.279],[127.119,-0.52],[127.2485,-0.496]]],[[[127.5655,-0.319],[127.3245,-0.336],[127.299,-0.501],[127.4685,-0.6435],[127.461,-0.8065],[127.8785,-0.8085],[127.605,-0.6105],[127.6805,-0.468],[127.5655,-0.319]]],[[[132.926,-5.902],[133.1205,-5.5755],[133.113,-5.31],[132.9365,-5.683],[132.926,-5.902]]],[[[132.807,-5.8515],[132.6305,-5.6065],[132.681,-5.912],[132.807,-5.8515]]],[[[128.2745,-3.6745],[128.3285,-3.5165],[128.0155,-3.6015],[127.9795,-3.7715],[128.2745,-3.6745]]],[[[126.8165,4.0335],[126.921,4.2905],[126.759,4.547],[126.8165,4.0335]]],[[[125.6575,3.436],[125.5425,3.6705],[125.51,3.4605],[125.6575,3.436]]],[[[130.863,-8.3185],[131.1765,-8.131],[131.0215,-8.091],[130.863,-8.3185]]],[[[129.837,-7.9535],[129.6105,-7.8025],[129.7145,-8.0405],[129.837,-7.9535]]],[[[127.8245,-8.0995],[128.0225,-8.256],[128.12,-8.1705],[127.8245,-8.0995]]],[[[130.352,-1.69],[129.7365,-1.8675],[129.8875,-1.987],[130.2475,-2.048],[130.4205,-1.9715],[130.352,-1.69]]],[[[102.369,-5.478],[102.3725,-5.367],[102.1095,-5.322],[102.369,-5.478]]],[[[100.425,-3.183],[100.4535,-3.0025],[100.245,-2.784],[100.205,-2.987],[100.425,-3.183]]],[[[100.205,-2.7405],[100.011,-2.5095],[100.0145,-2.8205],[100.205,-2.7405]]],[[[99.8415,-2.343],[99.687,-2.0635],[99.6075,-2.258],[99.8415,-2.343]]],[[[98.459,-0.5305],[98.5455,-0.258],[98.427,-0.227],[98.308,-0.5325],[98.459,-0.5305]]],[[[96.465,2.36],[96.418,2.5145],[95.806,2.9155],[95.8095,2.655],[96.465,2.36]]],[[[122.043,-5.4385],[121.9675,-5.0755],[121.809,-5.256],[122.043,-5.4385]]],[[[123.213,-1.171],[122.907,-1.1815],[122.81,-1.4315],[122.889,-1.588],[123.152,-1.305],[123.238,-1.5775],[123.548,-1.338],[123.436,-1.237],[123.238,-1.39],[123.213,-1.171]]],[[[120.5275,-6.2975],[120.549,-5.9695],[120.477,-5.775],[120.434,-6.1795],[120.5275,-6.2975]]],[[[116.3045,-3.869],[116.2685,-3.251],[116.1175,-3.3395],[116.0165,-3.7005],[116.092,-4.0545],[116.3045,-3.869]]],[[[122.95,-10.9085],[123.418,-10.6515],[123.3715,-10.4745],[123.062,-10.6985],[122.846,-10.7625],[122.95,-10.9085]]],[[[124.286,-8.3285],[124.239,-8.2035],[123.9725,-8.355],[124.066,-8.551],[124.286,-8.3285]]],[[[123.926,-8.273],[123.7745,-8.19],[123.476,-8.322],[123.231,-8.53],[123.5515,-8.5665],[123.7855,-8.299],[123.926,-8.273]]],[[[123.3175,-8.355],[123.2165,-8.235],[123.026,-8.3945],[123.3175,-8.355]]],[[[123.242,-4.1135],[123.026,-3.982],[122.9935,-4.1485],[123.242,-4.1135]]],[[[119.4655,-8.74],[119.548,-8.483],[119.4475,-8.4295],[119.4655,-8.74]]],[[[117.6475,4.169],[117.7375,4.004],[117.885,4.186],[117.6475,4.169]]],[[[117.5575,-8.367],[117.6655,-8.148],[117.489,-8.183],[117.5575,-8.367]]],[[[130.9065,-0.777],[130.4565,-0.852],[130.4025,-0.9245],[130.8305,-0.862],[130.9065,-0.777]]],[[[121.8845,-10.5905],[122,-10.4465],[121.7045,-10.556],[121.8845,-10.5905]]]]},"properties":{"name":"Indonesia"},"id":"IDN"},{"type":"Feature","id":"IMN","properties":{"name":"Isle of Man"},"geometry":{"type":"Polygon","coordinates":[[[-4.412,54.185],[-4.6135,54.058],[-4.696,54.0805],[-4.7645,54.07],[-4.786,54.0735],[-4.7465,54.119],[-4.7,54.2245],[-4.6135,54.2665],[-4.509,54.3775],[-4.426,54.407],[-4.394,54.4035],[-4.376,54.393],[-4.336,54.27],[-4.394,54.2245],[-4.412,54.185]]]}},{"type":"Feature","geometry":{"type":"MultiPolygon","coordinates":[[[[68.165,23.857],[68.2335,23.5965],[68.777,23.8515],[68.417,23.572],[68.64,23.19],[69.2375,22.848],[69.666,22.7595],[70.253,22.9715],[70.44,22.9695],[70.1775,22.572],[69.551,22.409],[69.2775,22.2855],[68.982,22.3845],[69.0075,22.197],[69.749,21.506],[70.0335,21.178],[70.4835,20.8395],[70.721,20.7405],[71.0235,20.739],[72.017,21.1555],[72.2545,21.5305],[72.0385,21.822],[72.305,22.1885],[72.1825,22.27],[72.809,22.2335],[72.5535,22.1605],[72.521,21.9765],[72.701,21.9715],[72.5425,21.697],[73.0215,21.699],[72.6145,21.461],[72.8125,21.1175],[72.881,20.5635],[72.6685,19.831],[72.798,19.52],[72.834,18.975],[73.007,19.0205],[72.87,18.6835],[72.9925,18.0985],[73.1545,17.621],[73.338,16.4595],[73.475,16.0535],[73.932,15.397],[73.95,15.0745],[74.382,14.4945],[74.609,13.8505],[74.771,13.078],[74.9435,12.564],[75.196,12.057],[75.5235,11.703],[75.725,11.361],[75.923,10.7845],[76.348,9.922],[76.2435,9.927],[76.326,9.4515],[76.553,8.903],[76.967,8.408],[77.302,8.146],[77.518,8.0785],[78.0615,8.384],[78.191,8.8905],[78.4215,9.104],[78.9795,9.269],[78.918,9.453],[78.9975,9.6825],[79.39,10.3055],[79.84,10.323],[79.847,11.196],[79.7535,11.5745],[79.858,11.9895],[80.142,12.451],[80.2285,12.691],[80.344,13.361],[80.063,13.6055],[80.1565,13.7135],[80.308,13.486],[80.1135,14.2115],[80.164,14.578],[80.052,15.0745],[80.2935,15.7115],[80.646,15.8955],[80.9775,15.7585],[81.287,16.3365],[81.762,16.3295],[82.259,16.5605],[82.36,16.7825],[82.2805,16.9355],[82.594,17.274],[83.1985,17.609],[83.656,18.0705],[84.106,18.293],[84.462,18.6905],[84.772,19.126],[85.4415,19.626],[85.1645,19.621],[85.4595,19.895],[85.5745,19.692],[86.2805,19.9195],[86.5,20.1715],[86.752,20.3135],[86.975,20.7005],[86.86,21.237],[87.101,21.501],[87.677,21.654],[87.947,21.8255],[88.1595,22.1225],[88.055,21.6935],[88.253,21.6225],[88.5845,21.659],[88.642,22.1225],[88.739,22.006],[88.7465,21.5845],[88.858,21.744],[89.0525,21.654],[89.0525,22.093],[88.8505,23.041],[88.93,23.1865],[88.7245,23.2545],[88.739,23.4365],[88.5665,23.6745],[88.7245,24.275],[88.145,24.485],[88.0225,24.6275],[88.1485,24.914],[88.3145,24.881],[88.4545,25.1885],[88.8905,25.195],[88.768,25.4905],[88.451,25.5735],[88.084,25.888],[88.1525,26.0875],[88.5195,26.518],[88.6815,26.2925],[88.9695,26.2505],[89.02,26.4105],[89.29,26.037],[89.549,26.006],[89.6175,26.216],[89.8225,25.9415],[89.8335,25.2925],[90.4385,25.157],[92.051,25.169],[92.375,25.0145],[92.2525,24.895],[92.0655,24.374],[91.8785,24.1955],[91.367,24.093],[91.2305,23.921],[91.1655,23.581],[91.3165,23.105],[91.4355,23.2005],[91.619,22.98],[91.774,23.107],[91.756,23.2875],[91.9395,23.5045],[91.9285,23.6865],[92.2455,23.683],[92.3605,22.93],[92.4905,22.685],[92.573,21.9785],[92.6885,22.131],[92.9655,22.0045],[93.1635,22.3605],[93.077,22.718],[93.1635,23.032],[93.365,23.133],[93.4155,23.6815],[93.3075,24.0215],[93.682,24.006],[94.1285,23.876],[94.294,24.322],[94.708,25.0495],[94.553,25.244],[94.6215,25.4105],[94.9925,25.77],[95.133,26.0405],[95.061,26.4745],[95.129,26.598],[95.907,27.046],[96.0615,27.2175],[96.6665,27.339],[97.037,27.1015],[96.9005,27.44],[96.9615,27.6985],[97.336,27.938],[97.3215,28.2175],[97.077,28.3685],[96.6015,28.4605],[96.281,28.412],[96.58,28.7645],[96.436,29.051],[96.1625,28.9105],[96.123,29.082],[96.339,29.2105],[96.0365,29.4465],[95.5145,29.207],[95.421,29.0545],[94.769,29.176],[94.6215,29.313],[94.294,29.1445],[93.9015,28.8025],[93.2065,28.591],[93.1205,28.4015],[92.7025,28.1465],[92.663,27.9485],[91.979,27.73],[91.6335,27.7595],[91.594,27.558],[91.99,27.4505],[92.0835,27.2905],[92.051,26.8755],[91.673,26.803],[90.7405,26.7715],[90.3445,26.8895],[90.1215,26.754],[89.765,26.702],[89.333,26.848],[89.1495,26.8165],[88.858,26.961],[88.739,27.176],[88.8905,27.3165],[88.75,27.5215],[88.847,27.8685],[88.6205,28.0925],[88.109,27.933],[88.109,27.8705],[88.1485,27.749],[87.983,27.1345],[88.163,26.7245],[88.055,26.4295],[87.2885,26.36],[87.0145,26.5565],[86.7015,26.435],[86.0065,26.65],[85.7365,26.6395],[85.5675,26.839],[85.294,26.7405],[84.6855,27.0405],[84.61,27.2995],[84.0915,27.492],[83.8285,27.3775],[83.447,27.466],[83.2885,27.3705],[82.734,27.52],[82.6765,27.6745],[82.45,27.6725],[81.989,27.914],[81.852,27.867],[81.312,28.176],[81.168,28.3355],[80.5165,28.6655],[80.4195,28.6115],[80.07,28.8305],[80.254,29.424],[80.549,29.9],[81.01,30.1635],[80.682,30.4155],[80.1925,30.568],[80.1925,30.759],[79.793,30.9675],[79.566,30.9485],[79.1055,31.403],[78.742,31.3235],[78.803,31.6185],[78.7345,31.9585],[78.497,32.2155],[78.389,32.5195],[78.702,32.5975],[78.918,32.358],[79.2205,32.5005],[79.2025,32.9465],[79.1125,33.226],[78.803,33.5005],[78.7525,34.087],[78.936,34.3525],[78.281,34.6545],[78.011,35.25],[78.047,35.45],[77.7985,35.4965],[77.05,35.1095],[76.9995,34.9915],[76.596,34.7365],[76.042,34.6705],[75.7105,34.5035],[75.1885,34.639],[74.2995,34.766],[73.961,34.653],[73.8095,34.325],[73.95,34.0195],[74.2455,33.99],[74.0005,33.7885],[74.1515,33.507],[73.9935,33.2415],[74.303,32.9915],[74.3535,32.7695],[74.663,32.7575],[74.6595,32.5195],[74.987,32.462],[75.3325,32.28],[75.2535,32.141],[74.7385,31.9485],[74.5115,31.712],[74.5945,31.4655],[74.519,31.186],[74.634,31.035],[74.339,30.893],[73.8995,30.4345],[73.8095,30.0925],[73.3815,29.9345],[73.1295,29.3635],[72.9025,29.0285],[72.341,28.7525],[71.8695,27.9625],[71.1855,27.832],[70.8755,27.714],[70.404,28.025],[70.145,27.8495],[69.8965,27.473],[69.569,27.1745],[69.4715,26.8045],[69.7345,26.6275],[70.1555,26.471],[70.0765,26.072],[70.2635,25.7075],[70.649,25.6675],[70.6525,25.4225],[71.0485,24.6885],[71.045,24.4],[70.7175,24.2385],[70.548,24.4175],[69.7165,24.1725],[69.558,24.2735],[68.7265,24.2665],[68.723,23.9645],[68.165,23.857]]],[[[93.8905,6.832],[93.8585,7.207],[93.6855,7.184],[93.8295,6.7485],[93.8905,6.832]]],[[[92.501,10.5555],[92.512,10.8975],[92.3535,10.7515],[92.501,10.5555]]],[[[92.7245,11.5365],[92.8685,12.182],[92.8645,12.4355],[92.9905,12.538],[92.8865,12.9425],[93.0735,13.2515],[93.0625,13.545],[92.8575,13.3575],[92.7205,12.3575],[92.5335,11.873],[92.7245,11.5365]]]]},"properties":{"name":"India"},"id":"IND"},{"type":"Feature","id":"IOT","properties":{"name":"British Indian Ocean Territory"},"geometry":{"type":"Polygon","coordinates":[[[72.492,-7.3775],[72.4705,-7.4175],[72.4275,-7.4345],[72.4095,-7.334],[72.348,-7.263],[72.3735,-7.263],[72.4275,-7.2995],[72.449,-7.3965],[72.467,-7.367],[72.4635,-7.3375],[72.474,-7.3095],[72.467,-7.2785],[72.4345,-7.23],[72.4455,-7.221],[72.492,-7.261],[72.4995,-7.294],[72.492,-7.3775]]]}},{"type":"Feature","id":"IOT-AU","properties":{"name":"Indian Ocean Territories"},"geometry":{"type":"MultiPolygon","coordinates":[[[[105.724,-10.4935],[105.6955,-10.5645],[105.645,-10.525],[105.5835,-10.5125],[105.5945,-10.4605],[105.645,-10.452],[105.67,-10.45],[105.706,-10.431],[105.724,-10.4935]]],[[[96.839,-12.1825],[96.8535,-12.186],[96.868,-12.181],[96.875,-12.188],[96.85,-12.1965],[96.8355,-12.179],[96.8285,-12.1515],[96.825,-12.1255],[96.832,-12.1255],[96.832,-12.136],[96.8355,-12.1445],[96.839,-12.16],[96.8355,-12.1705],[96.839,-12.1825]]],[[[96.9185,-12.195],[96.9075,-12.2],[96.897,-12.195],[96.893,-12.193],[96.893,-12.188],[96.904,-12.186],[96.915,-12.1825],[96.9185,-12.174],[96.922,-12.162],[96.9255,-12.174],[96.9255,-12.1845],[96.9185,-12.195]]]]}},{"type":"Feature","geometry":{"type":"Polygon","coordinates":[[[-7.22,55.0925],[-6.9605,55.2385],[-7.245,55.353],[-7.533,55.1935],[-8.2745,55.1465],[-8.379,54.8895],[-8.7645,54.6815],[-8.1345,54.6415],[-8.624,54.346],[-8.5445,54.242],[-9.315,54.2995],[-10.0565,54.2575],[-9.855,54.0945],[-9.902,53.7265],[-9.722,53.605],[-10.118,53.5495],[-9.47,53.235],[-8.93,53.2075],[-9.3005,53.098],[-9.5165,52.7805],[-9.9165,52.5705],[-8.7825,52.6795],[-9.632,52.5475],[-9.9055,52.4035],[-9.7725,52.251],[-10.1325,52.282],[-10.3915,52.1345],[-9.956,52.1365],[-10.377,51.869],[-10.0855,51.7715],[-9.7505,51.824],[-10.1215,51.6],[-9.5815,51.6885],[-9.837,51.4835],[-8.8145,51.584],[-7.6665,51.98],[-7.526,52.098],[-6.3235,52.2475],[-6.464,52.3445],[-6.2155,52.5425],[-6.0285,52.928],[-6.1435,53.577],[-6.345,53.987],[-6.219,54.0895],[-6.651,54.058],[-7.0505,54.4085],[-7.3565,54.1205],[-7.8535,54.216],[-8.12,54.414],[-7.7455,54.6155],[-7.22,55.0925]]]},"properties":{"name":"Ireland"},"id":"IRL"},{"type":"Feature","geometry":{"type":"MultiPolygon","coordinates":[[[[56.1875,26.921],[56.213,27.0025],[55.349,26.6485],[55.4245,26.5825],[55.9535,26.7005],[56.1875,26.921]]],[[[53.916,37.344],[53.97,36.818],[53.3725,36.868],[52.1915,36.6215],[51.763,36.6145],[51.1185,36.743],[50.532,37.014],[50.1285,37.4065],[49.47,37.4965],[49.081,37.6685],[48.9585,37.8905],[48.8685,38.4355],[48.5915,38.4115],[48.0225,38.8195],[48.2425,38.979],[48.1345,39.3125],[48.3215,39.399],[47.9975,39.684],[47.7745,39.649],[46.8525,39.149],[46.489,38.906],[46.1145,38.8785],[45.5745,38.972],[45.1895,39.215],[44.8185,39.651],[44.588,39.769],[44.39,39.422],[44.023,39.3765],[44.2715,38.837],[44.318,38.375],[44.43,38.3575],[44.21,37.908],[44.5595,37.745],[44.574,37.436],[44.7935,37.29],[44.7645,37.1425],[45.031,36.526],[45.24,36.356],[45.3625,36.016],[45.7225,35.837],[46.1685,35.8215],[45.9745,35.4775],[46.1325,35.127],[45.679,34.799],[45.636,34.573],[45.438,34.415],[45.528,34.153],[45.3985,33.9705],[45.7365,33.6025],[45.8805,33.6095],[46.147,33.2295],[46.111,32.957],[46.3775,32.929],[47.1225,32.4675],[47.371,32.424],[47.5115,32.1515],[47.8285,31.794],[47.6805,31.3995],[47.6805,31.002],[48.012,30.99],[48.0155,30.466],[48.3325,30.285],[48.5445,29.9625],[48.919,30.1205],[49.002,30.5055],[49.225,30.4725],[49.056,30.308],[49.5565,30.0285],[50.071,30.1985],[50.1685,29.9205],[50.6505,29.4205],[50.676,29.1465],[50.8775,29.063],[50.8665,28.8705],[51.061,28.7265],[51.277,28.131],[51.666,27.8445],[52.0295,27.8235],[52.476,27.617],[52.692,27.3235],[53.455,26.9435],[53.707,26.7265],[54.247,26.697],[54.643,26.5095],[54.895,26.5565],[55.295,26.7855],[55.4245,26.77],[55.651,26.978],[56.357,27.2005],[56.814,27.089],[56.983,26.905],[57.1055,26.3725],[57.336,25.7905],[57.937,25.6915],[58.2035,25.591],[58.7975,25.5545],[59.046,25.4175],[59.4565,25.4815],[59.615,25.4035],[60.3995,25.3115],[60.511,25.4365],[60.6625,25.282],[61.411,25.1015],[61.5875,25.202],[61.6705,25.768],[61.8685,26.242],[62.239,26.3565],[62.441,26.5615],[63.168,26.6655],[63.305,27.124],[63.168,27.2525],[62.754,27.2665],[62.8115,27.497],[62.7505,28.2525],[62.563,28.235],[62.3545,28.4155],[61.89,28.5455],[61.6235,28.792],[61.3175,29.372],[60.8425,29.858],[61.7855,30.832],[61.8145,31.0735],[61.6595,31.3825],[60.853,31.483],[60.792,31.66],[60.828,32.2485],[60.5615,33.1375],[60.918,33.5055],[60.511,33.639],[60.486,34.094],[60.6445,34.3075],[60.889,34.3195],[60.7345,34.4915],[60.9505,34.653],[61.1485,35.094],[61.2635,35.62],[61.17,36.573],[61.1195,36.6425],[60.342,36.637],[59.9495,37.0415],[59.561,37.179],[59.3015,37.5105],[58.8155,37.684],[58.434,37.639],[58.11,37.783],[57.336,37.9895],[57.192,38.217],[56.4395,38.25],[56.227,38.073],[55.579,38.099],[55.075,37.903],[54.744,37.502],[54.193,37.3315],[53.916,37.344]]]]},"properties":{"name":"Iran"},"id":"IRN"},{"type":"Feature","geometry":{"type":"Polygon","coordinates":[[[42.36,37.1095],[41.7875,36.5975],[41.4165,36.514],[41.244,36.073],[41.3555,35.641],[41.215,35.2885],[41.1935,34.7695],[40.988,34.429],[40.6895,34.332],[38.774,33.372],[39.0585,32.4935],[39.0405,32.306],[39.246,32.351],[39.145,32.1255],[40.369,31.9395],[42.0755,31.0805],[42.8565,30.4955],[44.689,29.202],[46.356,29.063],[46.5325,29.096],[46.9065,29.537],[47.148,30.0005],[47.6735,30.096],[47.9795,29.983],[48.1415,30.0405],[48.5445,29.9625],[48.3325,30.285],[48.0155,30.466],[48.012,30.99],[47.6805,31.002],[47.6805,31.3995],[47.8285,31.794],[47.5115,32.1515],[47.371,32.424],[47.1225,32.4675],[46.3775,32.929],[46.111,32.957],[46.147,33.2295],[45.8805,33.6095],[45.7365,33.6025],[45.3985,33.9705],[45.528,34.153],[45.438,34.415],[45.636,34.573],[45.679,34.799],[46.1325,35.127],[45.9745,35.4775],[46.1685,35.8215],[45.7225,35.837],[45.3625,36.016],[45.24,36.356],[45.031,36.526],[44.7645,37.1425],[44.606,37.1755],[44.282,36.9775],[44.156,37.283],[43.5155,37.245],[43.094,37.368],[42.774,37.3715],[42.36,37.1095]]]},"properties":{"name":"Iraq"},"id":"IRQ"},{"type":"Feature","geometry":{"type":"Polygon","coordinates":[[[-15.543,66.229],[-15.986,66.514],[-16.5405,66.446],[-16.4865,66.196],[-17.1525,66.203],[-17.552,65.9635],[-18.297,66.158],[-18.099,65.83],[-18.776,66.1685],[-19.3845,66.0765],[-19.593,65.7795],[-20.025,66.0485],[-20.3565,66.033],[-20.4535,65.571],[-20.738,65.658],[-21.1305,65.2675],[-21.422,65.462],[-21.4075,66.026],[-22.4265,66.4305],[-23.121,66.3575],[-22.509,66.257],[-22.9485,66.2135],[-22.4445,66.0695],[-23.0205,65.9825],[-23.377,66.1825],[-23.737,66.0695],[-23.287,65.75],[-24.111,65.7605],[-24.0105,65.6165],[-24.453,65.5],[-23.899,65.408],[-22.9015,65.58],[-21.843,65.448],[-22.473,65.2275],[-22.041,65.125],[-21.7785,65.1875],[-21.8,65.106],[-21.829,65.08],[-21.8935,65.0485],[-22.826,65.021],[-24.025,64.863],[-23.877,64.75],[-23.348,64.8245],[-22.466,64.795],[-21.645,64.3975],[-22.0555,64.0715],[-22.653,63.8285],[-21.447,63.858],[-21.2455,63.936],[-20.198,63.5555],[-18.6535,63.4065],[-18.081,63.4965],[-17.815,63.7135],[-16.641,63.8645],[-16.0615,64.111],[-15.021,64.2955],[-14.474,64.493],[-14.384,64.745],[-14.1355,64.7155],[-13.599,65.0365],[-13.5705,65.068],[-13.556,65.0975],[-13.581,65.1425],[-13.754,65.193],[-13.653,65.29],[-13.8045,65.354],[-13.617,65.519],[-14.8375,65.7815],[-14.697,66.021],[-15.1185,66.125],[-14.8555,66.382],[-15.543,66.229]]]},"properties":{"name":"Iceland"},"id":"ISL"},{"type":"Feature","geometry":{"type":"Polygon","coordinates":[[[35.869,33.4325],[35.534,33.2505],[35.412,33.075],[35.1095,33.0835],[34.526,31.5265],[34.2455,31.209],[34.6595,30.1915],[34.904,29.478],[34.9725,29.5545],[35.142,30.141],[35.142,30.4205],[35.4405,31.1325],[35.4515,31.4795],[35.102,31.3665],[34.8715,31.396],[34.951,31.603],[35.203,31.7505],[34.9905,31.9135],[34.9545,32.16],[35.192,32.535],[35.552,32.396],[35.574,32.641],[35.786,32.7345],[35.912,32.95],[35.869,33.4325]]]},"properties":{"name":"Israel"},"id":"ISR"},{"type":"Feature","geometry":{"type":"MultiPolygon","coordinates":[[[[7.022,45.9265],[6.806,45.7095],[7.155,45.4005],[7.0795,45.239],[6.6295,45.1175],[7.029,44.7165],[6.842,44.51],[6.8995,44.3365],[7.371,44.128],[7.677,44.083],[7.4935,43.767],[8.0805,43.92],[8.552,44.347],[8.7645,44.4215],[9.29,44.319],[10.046,44.0205],[10.2475,43.852],[10.3195,43.5135],[10.7085,42.9355],[11.295,42.4235],[11.637,42.288],[12.6305,41.4705],[13.088,41.2445],[13.7325,41.236],[14.103,40.828],[14.4595,40.729],[14.3405,40.599],[14.7655,40.668],[14.985,40.3785],[14.949,40.2395],[15.295,40.0695],[15.6945,39.9895],[16.022,39.354],[16.1985,38.7585],[15.9715,38.712],[15.824,38.304],[15.644,38.1755],[15.723,37.939],[16.058,37.941],[16.281,38.25],[16.544,38.4095],[16.5585,38.715],[16.7565,38.889],[17.174,38.998],[17.113,39.38],[16.598,39.639],[16.5295,39.8595],[16.929,40.458],[17.181,40.5035],[17.4765,40.314],[17.865,40.2795],[18.0775,39.9375],[18.344,39.821],[18.4845,40.104],[18.3295,40.3715],[17.955,40.6545],[17.473,40.84],[17.102,41.0625],[16.011,41.4355],[15.914,41.6215],[16.1515,41.7585],[15.9645,41.939],[15.169,41.934],[14.8665,42.052],[14.1825,42.5065],[14.0095,42.689],[13.6925,43.3905],[13.509,43.6125],[12.692,43.9945],[12.3965,44.2235],[12.249,44.722],[12.5225,44.9685],[12.224,45.241],[12.2745,45.4455],[13.0305,45.6365],[13.2065,45.772],[13.628,45.7705],[13.7215,45.588],[13.8765,45.614],[13.5705,45.8345],[13.4875,46.0395],[13.6315,46.1765],[13.3795,46.2615],[13.7,46.5205],[12.3895,46.7025],[12.17,47.083],[11.774,46.9855],[11.133,46.937],[11.025,46.7965],[10.4525,46.866],[10.431,46.55],[10.197,46.621],[9.938,46.3625],[9.5275,46.307],[9.261,46.475],[9.2505,46.286],[8.955,45.8295],[8.4585,46.246],[8.372,46.4455],[7.7885,45.9215],[7.5405,45.9785],[7.022,45.9265]]],[[[15.5755,38.2205],[15.5,38.2915],[15.1185,38.153],[14.8445,38.172],[14.5065,38.045],[13.682,38],[13.16,38.191],[12.9045,38.0345],[12.735,38.1825],[12.4365,37.8195],[12.699,37.571],[12.9225,37.571],[13.905,37.101],[14.1425,37.104],[14.5025,36.7985],[15.111,36.6875],[15.295,37.014],[15.1005,37.4585],[15.2335,37.7845],[15.5755,38.2205]]],[[[9.632,40.882],[9.621,41.005],[9.2285,41.2565],[8.822,40.9495],[8.5735,40.8505],[8.2245,40.913],[8.1885,40.651],[8.4725,40.2935],[8.408,39.9165],[8.5485,39.8385],[8.4005,39.481],[8.4185,39.2065],[8.649,38.927],[8.883,38.913],[9.056,39.2395],[9.488,39.139],[9.6175,39.354],[9.7005,40.092],[9.6425,40.269],[9.794,40.5555],[9.632,40.882]]]]},"properties":{"name":"Italy"},"id":"ITA"},{"type":"Feature","id":"JAM","properties":{"name":"Jamaica"},"geometry":{"type":"Polygon","coordinates":[[[-77.262,18.458],[-77.14,18.4215],[-77.014,18.4025],[-76.96,18.4025],[-76.9095,18.39],[-76.794,18.305],[-76.7005,18.2565],[-76.3515,18.1525],[-76.2325,17.97],[-76.211,17.9125],[-76.301,17.8795],[-76.416,17.8675],[-76.524,17.866],[-76.625,17.9005],[-76.668,17.9285],[-76.7725,17.9405],[-76.7475,17.965],[-76.794,17.977],[-76.852,17.9735],[-76.895,17.904],[-76.9455,17.8485],[-77.0355,17.8535],[-77.0715,17.9005],[-77.118,17.8795],[-77.158,17.845],[-77.2045,17.715],[-77.28,17.779],[-77.363,17.833],[-77.464,17.8555],[-77.669,17.859],[-77.77,17.878],[-77.849,17.9875],[-77.8815,18.0185],[-77.964,18.048],[-78.0435,18.173],[-78.072,18.1905],[-78.2955,18.218],[-78.3385,18.2875],[-78.324,18.35],[-78.252,18.4265],[-78.216,18.4475],[-78.094,18.4455],[-77.9785,18.468],[-77.928,18.501],[-77.874,18.522],[-77.453,18.4665],[-77.356,18.4665],[-77.262,18.458]]]}},{"type":"Feature","id":"JEY","properties":{"name":"Jersey"},"geometry":{"type":"Polygon","coordinates":[[[-2.018,49.232],[-2.0105,49.1815],[-2.054,49.1695],[-2.09,49.187],[-2.1655,49.187],[-2.2375,49.1765],[-2.2195,49.2665],[-2.0825,49.2545],[-2.018,49.232]]]}},{"type":"Feature","geometry":{"type":"Polygon","coordinates":[[[35.786,32.7345],[35.574,32.641],[35.552,32.396],[35.5595,31.766],[35.4515,31.4795],[35.4405,31.1325],[35.142,30.4205],[35.142,30.141],[34.9725,29.5545],[34.951,29.353],[36.0165,29.19],[36.4775,29.4955],[36.7545,29.867],[37.471,29.9955],[37.633,30.313],[37.9785,30.5005],[36.96,31.4915],[38.9975,32.0075],[39.145,32.1255],[39.246,32.351],[39.0405,32.306],[39.0585,32.4935],[38.774,33.372],[36.8195,32.318],[36.373,32.3875],[35.786,32.7345]]]},"properties":{"name":"Jordan"},"id":"JOR"},{"type":"Feature","geometry":{"type":"MultiPolygon","coordinates":[[[[138.344,37.823],[138.5745,38.066],[138.5025,38.316],[138.247,37.995],[138.344,37.823]]],[[[134.931,34.2885],[135.003,34.5435],[134.6685,34.2935],[134.931,34.2885]]],[[[130.622,30.2625],[130.496,30.466],[130.4455,30.2645],[130.622,30.2625]]],[[[130.9605,30.3965],[131.0825,30.7905],[130.946,30.6705],[130.9605,30.3965]]],[[[130.082,32.2295],[130.1685,32.542],[130.01,32.521],[130.082,32.2295]]],[[[129.387,34.3545],[129.452,34.686],[129.2685,34.37],[129.387,34.3545]]],[[[128.667,32.7835],[128.6565,32.629],[128.894,32.6515],[128.667,32.7835]]],[[[143.823,44.1175],[143.287,44.397],[142.7035,44.819],[141.937,45.51],[141.667,45.4005],[141.584,45.156],[141.782,44.7165],[141.645,44.0185],[141.397,43.642],[141.296,43.1995],[140.781,43.215],[140.3925,43.3035],[140.486,43.05],[140.115,42.7325],[139.892,42.649],[139.82,42.387],[140.108,41.913],[139.9965,41.576],[140.1475,41.4235],[140.385,41.519],[140.659,41.8155],[141.152,41.8055],[140.7345,42.116],[140.317,42.335],[140.479,42.559],[140.709,42.5555],[140.9865,42.342],[141.4075,42.5465],[141.8505,42.5795],[142.509,42.2585],[143.2365,42],[143.582,42.5985],[144.1975,42.9735],[144.6295,42.9475],[145.5045,43.175],[145.832,43.385],[145.3425,43.302],[145.1015,43.7655],[145.3425,44.3345],[144.799,43.9405],[144.482,43.9495],[143.823,44.1175]]],[[[131.1765,33.6025],[130.953,33.872],[130.7155,33.9275],[130.485,33.8355],[130.3665,33.634],[129.6605,33.365],[129.5815,33.2365],[129.8985,33.023],[129.992,32.851],[129.6785,33.0595],[129.8265,32.726],[129.7685,32.5715],[130.1755,32.851],[130.125,33.1045],[130.3805,33.0925],[130.64,32.6185],[130.4635,32.304],[130.1935,32.0905],[130.1865,31.7695],[130.323,31.601],[130.2005,31.292],[130.5895,31.179],[130.5285,31.4605],[130.6545,31.719],[130.791,31.2695],[130.6865,31.0145],[131.097,31.2555],[131.072,31.436],[131.3385,31.405],[131.4605,31.884],[131.7305,32.5925],[131.9755,32.844],[131.8965,33.254],[131.5365,33.2745],[131.709,33.502],[131.583,33.653],[131.1765,33.6025]]],[[[134.3585,34.257],[134.0745,34.358],[133.707,34.238],[133.581,34.0175],[133.1345,33.9275],[132.9905,34.089],[132.7855,33.9915],[132.6415,33.6895],[132.087,33.3405],[132.411,33.431],[132.512,33.2935],[132.494,32.917],[132.6415,32.7625],[132.9765,32.8425],[133.286,33.3595],[133.6315,33.5105],[133.959,33.448],[134.1825,33.247],[134.3765,33.608],[134.7405,33.8195],[134.636,34.226],[134.3585,34.257]]],[[[141.2275,41.373],[140.936,41.505],[140.799,41.1385],[141.199,41.243],[141.1195,40.882],[140.6805,40.894],[140.6265,41.196],[140.385,41.229],[140.281,40.8455],[139.9245,40.599],[140.0145,40.314],[139.9065,40.0225],[139.741,39.92],[140.054,39.75],[140.036,39.4115],[139.802,38.882],[139.579,38.599],[139.4025,38.1425],[138.884,37.844],[138.7075,37.561],[138.319,37.219],[137.5125,36.9515],[137.343,36.771],[137.0155,36.837],[136.9255,37.172],[137.336,37.4375],[137.3215,37.5225],[136.843,37.382],[136.7205,37.198],[136.699,36.7415],[136.0075,35.9895],[136.094,35.7675],[135.68,35.5035],[135.327,35.526],[135.176,35.7465],[134.456,35.6285],[134.2145,35.54],[133.376,35.4585],[133.268,35.5555],[132.9225,35.5105],[131.8565,34.726],[131.3525,34.4135],[131.0035,34.3925],[130.8885,34.2625],[130.917,33.976],[131.234,33.948],[131.7415,34.0525],[132.1445,33.839],[132.2385,34.2275],[132.422,34.3525],[132.656,34.247],[133.142,34.3025],[133.4445,34.4325],[133.97,34.528],[134.2075,34.698],[134.7405,34.766],[135.043,34.6305],[135.356,34.6545],[135.385,34.5],[135.1005,34.2885],[135.176,33.898],[135.453,33.554],[135.6945,33.4865],[135.9175,33.561],[136.3315,34.1775],[136.8535,34.325],[136.879,34.4345],[136.533,34.679],[136.6915,34.9845],[136.8535,35.059],[136.886,34.806],[137.275,34.773],[137.0625,34.5835],[137.545,34.6635],[138.189,34.5955],[138.578,35.087],[138.801,34.974],[138.7615,34.7],[138.8985,34.6285],[139.251,35.278],[139.4745,35.299],[139.6365,35.1425],[139.651,35.41],[139.8345,35.658],[140.0865,35.54],[139.827,35.297],[139.921,34.8995],[140.3565,35.1805],[140.457,35.5105],[140.875,35.724],[140.623,36.059],[140.6265,36.5035],[140.792,36.8475],[140.9685,37.002],[141.037,37.467],[140.929,37.9495],[141.109,38.3385],[141.469,38.4045],[141.6595,38.9755],[141.901,39.111],[141.991,39.7915],[141.7965,40.2915],[141.4615,40.611],[141.4005,41.097],[141.4545,41.4045],[141.2275,41.373]]],[[[128.2605,26.6535],[128.2565,26.8825],[128.048,26.643],[127.7275,26.435],[127.652,26.0945],[127.803,26.152],[127.868,26.4415],[128.2605,26.6535]]],[[[129.452,28.209],[129.6895,28.518],[129.164,28.2505],[129.452,28.209]]]]},"properties":{"name":"Japan"},"id":"JPN"},{"type":"Feature","geometry":{"type":"Polygon","coordinates":[[[70.9475,42.248],[70.8935,42.34],[71.2575,42.734],[71.8155,42.8225],[72.7515,42.6385],[73.493,42.4095],[73.421,42.5935],[73.5575,43.003],[74.2095,43.241],[75.048,42.904],[75.635,42.814],[75.79,42.9335],[76.51,42.918],[76.9455,42.972],[78.022,42.8575],[78.526,42.8645],[79.127,42.776],[79.4905,42.458],[79.9225,42.413],[80.2105,42.1905],[80.164,42.6665],[80.538,42.873],[80.3905,43.043],[80.7865,43.161],[80.495,43.892],[80.3545,44.097],[80.3365,44.439],[80.4555,44.746],[79.998,44.7965],[80.0595,45.0065],[80.855,45.13],[81.69,45.3485],[81.989,45.161],[82.4785,45.123],[82.583,45.4425],[82.3165,45.595],[83.004,47.034],[83.1915,47.187],[84.016,46.97],[84.6675,46.9715],[84.786,46.831],[85.4845,47.0635],[85.6575,47.2545],[85.5245,47.916],[85.751,48.385],[86.5505,48.529],[86.7195,48.6975],[86.752,49.008],[87.3245,49.086],[86.615,49.6105],[86.6115,49.7685],[86.1795,49.4995],[85.211,49.664],[84.988,50.062],[84.322,50.239],[83.944,50.7755],[83.357,50.994],[82.7595,50.8935],[82.493,50.7285],[81.467,50.7405],[81.388,50.956],[81.071,50.968],[81.1285,51.192],[80.8765,51.282],[80.448,51.183],[80.423,50.947],[79.9875,50.7755],[79.469,51.494],[78.4755,52.638],[77.705,53.3795],[76.5745,53.9415],[76.4235,54.152],[76.654,54.145],[76.8375,54.4415],[75.6565,54.1065],[75.052,53.827],[74.4505,53.6465],[74.3535,53.487],[73.86,53.6205],[73.3705,53.454],[73.3995,53.8115],[73.68,53.9295],[72.6215,54.1345],[72.4055,53.9645],[72.269,54.2715],[71.3365,54.1585],[71.0915,54.2125],[71.1855,54.5995],[70.739,55.3045],[70.181,55.162],[69.4935,55.3565],[68.9785,55.3895],[68.244,55.053],[67.6935,54.872],[66.221,54.6675],[65.4755,54.624],[65.159,54.3635],[64.4605,54.3845],[63.0745,54.105],[61.9295,53.947],[61.332,54.0495],[61.145,53.9645],[60.979,53.6225],[61.5335,53.5235],[61.2275,53.445],[61.199,53.2875],[62.016,53.1085],[61.973,52.9435],[61.0475,52.973],[60.803,52.744],[60.979,52.395],[60.6695,52.15],[60.065,51.9765],[60.4645,51.652],[61.3645,51.442],[61.584,51.23],[61.3895,50.8605],[60.943,50.6955],[60.288,50.704],[60.0035,50.8395],[59.813,50.5825],[59.525,50.4925],[59.453,50.621],[58.884,50.6935],[58.3585,51.0635],[57.84,51.091],[57.444,50.888],[57.012,51.065],[56.49,51.02],[55.799,50.6015],[55.543,50.6015],[54.643,51.0115],[54.6505,50.6605],[54.042,51.1155],[53.3365,51.482],[52.5695,51.482],[52.332,51.6815],[52.008,51.673],[51.6085,51.4835],[51.3455,51.475],[51.162,51.6465],[50.7945,51.73],[50.2475,51.289],[49.4985,51.0845],[49.3225,50.8515],[48.8075,50.6015],[48.624,50.612],[48.8435,50.013],[48.433,49.829],[47.706,50.3775],[47.328,50.2735],[47.2955,50.0585],[46.993,49.8535],[46.8025,49.3675],[47.0145,49.0985],[46.7015,48.805],[46.662,48.4125],[47.004,48.284],[47.094,47.9475],[47.292,47.7405],[47.4825,47.803],[48.109,47.746],[48.552,47.3205],[48.9585,46.774],[48.559,46.7565],[48.6095,46.567],[49.2325,46.3365],[49.3475,46.5185],[49.999,46.635],[50.4205,46.8795],[51.1765,47.1105],[51.6515,47.0185],[52.087,46.8395],[52.483,46.991],[52.915,46.9545],[53.1705,46.6695],[53.077,46.548],[53.1345,46.192],[52.7745,45.5725],[53.1995,45.331],[52.53,45.399],[51.4175,45.357],[51.0395,44.9805],[51.0575,44.812],[51.5435,44.531],[51.1765,44.5015],[50.8595,44.628],[50.4095,44.6245],[50.251,44.406],[50.8305,44.1925],[51.3025,43.4825],[51.295,43.1735],[51.6155,43.1575],[51.961,42.8505],[52.5985,42.76],[52.62,42.4285],[52.4615,42.1005],[52.494,41.781],[52.872,42.0605],[53.25,42.2065],[54.121,42.335],[54.9025,41.92],[55.248,41.458],[55.547,41.262],[55.979,41.3225],[55.975,43.1595],[55.975,44.9945],[58.5565,45.555],[61.008,44.3935],[61.159,44.168],[61.991,43.4925],[63.2075,43.628],[64.4425,43.5515],[64.907,43.715],[65.4975,43.3105],[65.8035,42.8765],[66.102,42.991],[66.0085,42.005],[66.498,41.9945],[66.6675,41.2705],[66.815,41.142],[67.9345,41.196],[68.1145,41.0295],[68.046,40.809],[68.291,40.656],[68.6005,40.6595],[68.5825,40.8765],[68.9855,41.2045],[69.065,41.366],[69.6625,41.6715],[70.0945,41.821],[70.415,42.078],[70.613,42.0555],[70.9475,42.248]]]},"properties":{"name":"Kazakhstan"},"id":"KAZ"},{"type":"Feature","geometry":{"type":"Polygon","coordinates":[[[33.9035,-1.003],[33.979,-1.003],[35.8365,-2.0375],[37.644,-3.046],[37.608,-3.461],[37.7985,-3.6745],[39.2205,-4.692],[39.4905,-4.4785],[39.818,-3.7855],[39.8615,-3.5775],[40.117,-3.251],[40.2215,-2.6885],[40.405,-2.5565],[40.6425,-2.539],[40.9235,-2.1935],[40.891,-2.0235],[41.388,-1.8675],[41.532,-1.6955],[41.521,-1.572],[40.9775,-0.871],[40.97,1.379],[40.963,2.8145],[41.341,3.202],[41.8845,3.978],[41.222,3.943],[40.765,4.273],[39.8435,3.851],[39.494,3.4555],[38.6085,3.5995],[38.0865,3.648],[36.906,4.412],[36.0815,4.45],[35.7645,4.8075],[35.7465,5.344],[35.268,5.4915],[33.9755,4.221],[34.166,3.813],[34.4435,3.6065],[34.447,3.1635],[34.742,2.818],[34.904,2.4795],[34.9655,1.643],[34.7855,1.3805],[34.789,1.2315],[34.483,1.042],[34.1625,0.605],[33.943,0.174],[33.9035,-1.003]]]},"properties":{"name":"Kenya"},"id":"KEN"},{"type":"Feature","geometry":{"type":"Polygon","coordinates":[[[70.9585,40.2395],[70.5155,39.9495],[70.451,40.0485],[69.9685,40.203],[69.306,39.9685],[69.299,39.524],[69.5975,39.5745],[70.6095,39.564],[70.7315,39.413],[71.4695,39.604],[71.8045,39.276],[72.042,39.3525],[72.2295,39.2085],[72.6395,39.3855],[73.2335,39.375],[73.6335,39.4495],[73.914,39.606],[73.8385,39.762],[73.9935,40.0435],[74.411,40.137],[74.843,40.3455],[74.8645,40.493],[75.2425,40.481],[75.5845,40.6055],[75.678,40.3055],[76.481,40.4495],[76.823,40.9825],[76.985,41.0395],[77.5825,40.993],[78.1225,41.076],[78.364,41.3715],[79.2925,41.783],[80.218,42.0325],[80.2105,42.1905],[79.9225,42.413],[79.4905,42.458],[79.127,42.776],[78.526,42.8645],[78.022,42.8575],[76.9455,42.972],[76.51,42.918],[75.79,42.9335],[75.635,42.814],[75.048,42.904],[74.2095,43.241],[73.5575,43.003],[73.421,42.5935],[73.493,42.4095],[72.7515,42.6385],[71.8155,42.8225],[71.2575,42.734],[70.8935,42.34],[70.9475,42.248],[71.2285,42.163],[70.8435,42.019],[70.181,41.571],[70.4725,41.413],[70.6455,41.46],[70.782,41.262],[71.4085,41.135],[71.664,41.5415],[71.88,41.1945],[72.1645,41.1735],[72.6575,40.8695],[73.1115,40.7865],[72.359,40.401],[72.132,40.439],[71.693,40.1525],[71.376,40.276],[70.9585,40.2395]],[[71.207,39.8925],[71.0125,39.8955],[70.9765,40.1335],[71.2285,40.0485],[71.207,39.8925]]]},"properties":{"name":"Kyrgyzstan"},"id":"KGZ"},{"type":"Feature","geometry":{"type":"Polygon","coordinates":[[[107.5205,14.7045],[107.11,14.4165],[106.8185,14.314],[106.5015,14.578],[106.354,14.4545],[105.9795,14.3435],[106.1235,14.0485],[105.904,13.925],[105.5335,14.156],[105.3495,14.109],[105.184,14.347],[105.0725,14.227],[104.777,14.4285],[104.41,14.3695],[103.8195,14.3625],[103.6,14.4215],[103.2005,14.333],[102.909,14.137],[102.545,13.585],[102.3185,13.5395],[102.329,13.288],[102.4625,13.0155],[102.4985,12.67],[102.754,12.427],[102.736,12.09],[102.934,11.7065],[103.125,11.46],[103.1535,10.913],[103.355,10.922],[103.5315,11.1475],[103.7225,10.8905],[103.5315,10.604],[103.661,10.5085],[103.9385,10.587],[104.2625,10.5415],[104.428,10.4115],[104.849,10.5345],[105.0615,10.7345],[105.022,10.887],[105.3135,10.8455],[105.3855,10.941],[105.7565,10.9895],[105.8535,10.863],[106.1635,10.795],[106.167,11.012],[105.8575,11.295],[105.85,11.6355],[106.005,11.7585],[106.4115,11.698],[106.4155,11.948],[106.93,12.078],[107.1605,12.2775],[107.3945,12.2605],[107.5565,12.54],[107.4735,13.031],[107.607,13.4375],[107.3295,14.1265],[107.5205,14.7045]]]},"properties":{"name":"Cambodia"},"id":"KHM"},{"type":"Feature","id":"KIR","properties":{"name":"Kiribati"},"geometry":{"type":"MultiPolygon","coordinates":[[[[172.969,3.129],[172.908,3.096],[172.8865,3.101],[172.962,3.148],[172.962,3.143],[172.969,3.129]]],[[[172.843,3.051],[172.771,3.0125],[172.7495,3.0335],[172.7785,3.0335],[172.8285,3.0715],[172.8865,3.0735],[172.879,3.0545],[172.843,3.051]]],[[[173.0195,1.846],[173.023,1.8215],[172.9655,1.886],[172.933,1.926],[172.933,1.943],[172.951,1.933],[172.969,1.912],[172.98,1.8965],[173.0195,1.846]]],[[[173.0305,1.7175],[172.9945,1.7125],[173.0195,1.728],[173.0265,1.747],[173.023,1.8095],[173.0375,1.8045],[173.041,1.7785],[173.0445,1.742],[173.0305,1.7175]]],[[[173.034,1.0125],[173.088,0.973],[173.0805,0.9465],[173.0625,0.9155],[172.9905,0.8355],[172.969,0.8425],[173.0375,0.9155],[173.0665,0.9625],[173.0265,0.999],[173.0085,0.99],[173.005,0.99],[172.9905,1.025],[173.005,1.025],[173.034,1.0125]]],[[[174.51,-0.8015],[174.4775,-0.829],[174.463,-0.805],[174.481,-0.7735],[174.4525,-0.647],[174.409,-0.6295],[174.3805,-0.5915],[174.3945,-0.5915],[174.438,-0.626],[174.474,-0.6415],[174.4955,-0.725],[174.51,-0.8015]]],[[[174.7725,-1.211],[174.78,-1.263],[174.7545,-1.256],[174.7475,-1.237],[174.7405,-1.185],[174.715,-1.133],[174.744,-1.147],[174.7655,-1.187],[174.7725,-1.211]]],[[[173.0375,1.3425],[173.0125,1.339],[173.0305,1.358],[173.142,1.3805],[173.1525,1.3875],[173.1705,1.3755],[173.1705,1.3635],[173.1635,1.358],[173.106,1.3565],[173.0625,1.346],[173.0375,1.3425]]],[[[169.5525,-0.8745],[169.542,-0.876],[169.524,-0.8655],[169.524,-0.8535],[169.5385,-0.8465],[169.5565,-0.857],[169.5525,-0.8745]]],[[[187.787,-4.511],[187.7905,-4.518],[187.805,-4.5165],[187.8195,-4.5145],[187.812,-4.5215],[187.7835,-4.525],[187.7725,-4.508],[187.787,-4.494],[187.8015,-4.492],[187.805,-4.4955],[187.8015,-4.499],[187.7975,-4.499],[187.787,-4.5025],[187.787,-4.511]]],[[[188.9135,-3.1345],[188.91,-3.1435],[188.903,-3.1365],[188.9065,-3.126],[188.9135,-3.1155],[188.9175,-3.1205],[188.9135,-3.1345]]],[[[188.766,-4.4625],[188.7555,-4.468],[188.7445,-4.466],[188.7375,-4.459],[188.7375,-4.4485],[188.748,-4.442],[188.759,-4.4435],[188.7695,-4.454],[188.766,-4.4625]]],[[[185.4865,-4.6745],[185.4975,-4.6885],[185.4975,-4.6955],[185.4935,-4.6935],[185.4755,-4.69],[185.472,-4.6815],[185.483,-4.6865],[185.49,-4.685],[185.4755,-4.6745],[185.4685,-4.666],[185.4575,-4.6625],[185.4575,-4.657],[185.4685,-4.659],[185.4865,-4.6745]]],[[[205.0455,-4.0875],[205.042,-4.0945],[205.0275,-4.086],[205.006,-4.0705],[204.984,-4.0545],[204.984,-4.0475],[205.013,-4.039],[205.049,-4.0305],[205.0565,-4.041],[205.049,-4.0565],[205.0455,-4.0875]]],[[[208.217,-11.4415],[208.21,-11.457],[208.192,-11.452],[208.1845,-11.431],[208.181,-11.41],[208.1885,-11.391],[208.1955,-11.393],[208.21,-11.4135],[208.217,-11.4415]]],[[[204.1345,-5.6275],[204.113,-5.631],[204.084,-5.631],[204.0735,-5.619],[204.07,-5.6085],[204.0805,-5.6065],[204.088,-5.61],[204.1275,-5.612],[204.138,-5.619],[204.1345,-5.6275]]],[[[202.6585,1.8565],[202.824,1.74],[202.752,1.7315],[202.5795,1.787],[202.421,1.9015],[202.468,1.9275],[202.493,1.886],[202.565,1.8475],[202.608,1.9275],[202.6335,1.9465],[202.5075,2.03],[202.558,2.025],[202.6765,1.9695],[202.6585,1.8565]]],[[[200.6605,3.924],[200.74,3.839],[200.7255,3.7975],[200.668,3.8005],[200.6425,3.8145],[200.686,3.8235],[200.693,3.839],[200.6715,3.863],[200.646,3.8805],[200.628,3.8805],[200.621,3.846],[200.592,3.8735],[200.61,3.8995],[200.632,3.917],[200.6605,3.924]]],[[[188.3015,-2.7665],[188.334,-2.7855],[188.3595,-2.8115],[188.3735,-2.8465],[188.37,-2.855],[188.352,-2.855],[188.3305,-2.8445],[188.3125,-2.829],[188.3055,-2.8255],[188.3015,-2.822],[188.3235,-2.824],[188.345,-2.8395],[188.363,-2.8465],[188.3595,-2.829],[188.3415,-2.798],[188.327,-2.7875],[188.3125,-2.7785],[188.2945,-2.7735],[188.28,-2.7785],[188.2765,-2.782],[188.273,-2.7735],[188.2765,-2.7685],[188.28,-2.7615],[188.3015,-2.7665]]]]}},{"type":"Feature","id":"KNA","properties":{"name":"Saint Kitts and Nevis"},"geometry":{"type":"MultiPolygon","coordinates":[[[[-62.531,17.121],[-62.581,17.1005],[-62.6245,17.13],[-62.6135,17.199],[-62.574,17.201],[-62.5345,17.1695],[-62.531,17.121]]],[[[-62.6315,17.239],[-62.657,17.2255],[-62.7035,17.286],[-62.7755,17.3035],[-62.8405,17.34],[-62.8405,17.347],[-62.8405,17.366],[-62.826,17.3865],[-62.7935,17.4025],[-62.7145,17.3535],[-62.675,17.291],[-62.639,17.2615],[-62.6315,17.239]]]]}},{"type":"Feature","geometry":{"type":"MultiPolygon","coordinates":[[[[126.633,37.7815],[126.5645,37.717],[126.7445,37.193],[126.957,36.9065],[126.579,37.019],[126.2155,36.8715],[126.1795,36.691],[126.489,36.6945],[126.5395,36.167],[126.6945,36.014],[126.716,35.769],[126.489,35.6475],[126.291,35.1545],[126.525,34.698],[126.266,34.674],[126.507,34.351],[126.7555,34.5125],[126.896,34.4395],[127.2485,34.7555],[127.173,34.5455],[127.3245,34.464],[127.479,34.625],[127.4035,34.823],[127.634,34.6895],[127.713,34.955],[128.037,35.023],[128.444,34.87],[128.5125,35.101],[128.9805,35.101],[129.2145,35.1825],[129.4195,35.4985],[129.5745,36.0505],[129.405,36.052],[129.4735,36.7415],[129.3365,37.2745],[128.6205,38.1755],[128.3755,38.623],[128.0405,38.309],[127.2955,38.3125],[127.011,38.2415],[126.6655,37.9165],[126.633,37.7815]]],[[[128.7425,34.799],[128.721,35.014],[128.4905,34.865],[128.7425,34.799]]],[[[126.327,33.2245],[126.8745,33.3405],[126.8995,33.516],[126.338,33.4605],[126.165,33.313],[126.327,33.2245]]]]},"properties":{"name":"South Korea"},"id":"KOR"},{"type":"Feature","id":"KWT","properties":{"name":"Kuwait"},"geometry":{"type":"MultiPolygon","coordinates":[[[[48.2745,29.624],[48.217,29.601],[48.181,29.6115],[48.1415,29.6655],[48.0805,29.799],[48.1165,29.8495],[48.1125,29.8705],[48.12,29.886],[48.138,29.8965],[48.1595,29.959],[48.1845,29.9795],[48.228,29.9365],[48.3465,29.7835],[48.3465,29.7195],[48.3395,29.695],[48.2745,29.624]]],[[[48.444,28.5425],[48.2675,28.5405],[48.048,28.537],[47.8715,28.5355],[47.67,28.5335],[47.5835,28.6275],[47.5545,28.7315],[47.5225,28.8375],[47.4325,28.99],[47.137,29.0265],[46.9825,29.0455],[46.723,29.075],[46.5325,29.096],[46.6945,29.259],[46.77,29.348],[46.9065,29.537],[46.975,29.6725],[47.0435,29.8235],[47.101,29.9395],[47.1155,29.9605],[47.148,30.0005],[47.2235,30.042],[47.3315,30.0805],[47.515,30.096],[47.6445,30.0975],[47.6735,30.096],[47.7525,30.077],[47.9795,29.983],[47.9725,29.9465],[48.0045,29.8355],[48.0765,29.716],[48.138,29.6185],[48.145,29.5715],[48.091,29.5785],[48.048,29.5975],[47.9685,29.617],[47.8175,29.4865],[47.724,29.417],[47.724,29.393],[47.8465,29.365],[47.9365,29.367],[47.9975,29.386],[48.0515,29.3545],[48.0875,29.275],[48.102,29.2105],[48.1845,28.9795],[48.253,28.9015],[48.3395,28.7625],[48.372,28.6915],[48.39,28.631],[48.444,28.5425]]]]}},{"type":"Feature","geometry":{"type":"Polygon","coordinates":[[[102.1275,22.3795],[101.6705,22.463],[101.523,22.2545],[101.735,21.8255],[101.728,21.1555],[101.224,21.2235],[101.1375,21.567],[100.756,21.312],[100.522,20.921],[100.565,20.8255],[100.2485,20.73],[100.1225,20.317],[100.3745,20.3395],[100.5435,20.088],[100.396,19.7565],[100.6265,19.4995],[100.965,19.6105],[101.213,19.548],[101.285,18.977],[101.051,18.4075],[101.1125,18.034],[100.907,17.5845],[101.105,17.4785],[101.6885,17.89],[101.775,18.034],[102.149,18.2045],[102.718,17.892],[103.053,18.029],[103.287,18.409],[103.4885,18.418],[104.05,18.2165],[104.428,17.699],[104.741,17.4615],[104.817,17.3],[104.752,16.647],[105.0475,16.161],[105.4075,15.9875],[105.4,15.8295],[105.6235,15.6995],[105.5115,15.361],[105.5475,14.932],[105.4755,14.531],[105.184,14.347],[105.3495,14.109],[105.5335,14.156],[105.904,13.925],[106.1235,14.0485],[105.9795,14.3435],[106.354,14.4545],[106.5015,14.578],[106.8185,14.314],[107.11,14.4165],[107.5205,14.7045],[107.481,14.9805],[107.6535,15.255],[107.3405,15.5605],[107.1895,15.838],[107.398,16.043],[106.7395,16.4525],[106.545,16.6505],[106.5015,16.9545],[105.6915,17.7375],[105.4575,18.154],[105.087,18.451],[105.148,18.6505],[104.716,18.8035],[103.895,19.3395],[104.0645,19.482],[104.032,19.675],[104.547,19.6105],[104.9285,20.0185],[104.619,20.3745],[104.367,20.442],[104.583,20.647],[104.0535,20.942],[103.636,20.6975],[103.103,20.8915],[102.851,21.2665],[102.9485,21.6815],[102.815,21.8065],[102.6965,21.6625],[102.581,21.904],[102.1275,22.3795]]]},"properties":{"name":"Laos"},"id":"LAO"},{"type":"Feature","id":"LBN","properties":{"name":"Lebanon"},"geometry":{"type":"Polygon","coordinates":[[[35.977,34.6285],[36.15,34.6285],[36.265,34.632],[36.2975,34.679],[36.384,34.658],[36.434,34.613],[36.3875,34.566],[36.326,34.514],[36.33,34.5],[36.3765,34.495],[36.456,34.4655],[36.506,34.4325],[36.5855,34.2205],[36.535,34.134],[36.456,34.0575],[36.4235,34.0505],[36.355,34.0105],[36.2975,33.9585],[36.2795,33.9255],[36.283,33.8945],[36.362,33.8545],[36.366,33.839],[36.348,33.8265],[36.283,33.8355],[36.2,33.839],[36.15,33.839],[36.092,33.832],[36.02,33.7835],[35.988,33.752],[35.97,33.733],[35.941,33.667],[35.9735,33.6235],[36.0275,33.5975],[36.0345,33.5855],[36.024,33.563],[35.966,33.535],[35.9265,33.5005],[35.916,33.4655],[35.869,33.4325],[35.84,33.415],[35.786,33.37],[35.736,33.332],[35.628,33.2745],[35.6025,33.24],[35.581,33.271],[35.534,33.2505],[35.4945,33.12],[35.412,33.075],[35.3075,33.08],[35.2245,33.0925],[35.1095,33.0835],[35.156,33.16],[35.203,33.259],[35.25,33.3925],[35.336,33.504],[35.5125,33.8805],[35.6135,34.0315],[35.6495,34.2485],[35.804,34.4375],[35.923,34.4935],[35.977,34.547],[35.977,34.6285]]]}},{"type":"Feature","geometry":{"type":"Polygon","coordinates":[[[-11.5075,6.9065],[-11.2915,6.6875],[-10.8485,6.4655],[-10.784,6.311],[-10.2765,6.0785],[-9.1315,5.054],[-8.2605,4.5905],[-7.544,4.351],[-7.5905,4.8215],[-7.4,5.5505],[-7.454,5.8405],[-7.796,5.976],[-7.8895,6.2345],[-8.2025,6.29],[-8.6025,6.507],[-8.3325,6.8025],[-8.2965,7.075],[-8.487,7.559],[-8.66,7.6875],[-8.8905,7.2625],[-9.117,7.2155],[-9.4625,7.415],[-9.369,7.7035],[-9.5165,8.3455],[-9.7685,8.535],[-10.064,8.4305],[-10.2835,8.4845],[-10.388,8.158],[-10.5715,8.0715],[-10.647,7.759],[-11.2665,7.233],[-11.5075,6.9065]]]},"properties":{"name":"Liberia"},"id":"LBR"},{"type":"Feature","geometry":{"type":"Polygon","coordinates":[[[9.5205,30.2295],[9.3115,30.115],[9.639,29.636],[9.8445,28.9675],[9.8155,28.5595],[9.9165,27.7855],[9.747,27.3305],[9.8945,26.848],[9.8585,26.553],[9.4915,26.334],[9.4485,26.0665],[9.999,25.3325],[10.028,25.051],[10.2545,24.591],[10.4385,24.48],[10.6865,24.551],[11.5075,24.315],[11.9685,23.5185],[13.4805,23.1795],[14.229,22.619],[14.978,22.9955],[15.9825,23.4455],[17.7535,22.572],[18.711,22.098],[20.6265,21.152],[22.063,20.442],[23.9815,19.496],[23.9815,19.996],[24.979,20.003],[24.979,21.996],[24.979,24.242],[24.979,26.037],[24.979,27.386],[24.979,29.181],[24.7015,30.202],[24.878,30.457],[24.975,30.7765],[24.853,31.3355],[25.1515,31.655],[25.0255,31.884],[24.6835,32.016],[24.129,32.009],[23.798,32.1585],[23.287,32.214],[23.107,32.332],[23.089,32.6185],[22.189,32.9185],[21.6345,32.938],[21.4255,32.799],[21.062,32.7765],[20.371,32.431],[20.1225,32.219],[19.928,31.818],[19.9605,31.556],[20.151,31.0785],[20.0145,30.801],[19.712,30.4885],[19.291,30.2885],[18.938,30.2905],[18.6715,30.4155],[18.189,30.7765],[17.3505,31.082],[16.7815,31.214],[16.123,31.2645],[15.705,31.426],[15.4965,31.6565],[15.3595,32.16],[15.176,32.391],[14.5135,32.511],[14.2365,32.681],[13.2825,32.9155],[12.753,32.8005],[12.2815,32.858],[11.504,33.1825],[11.4535,32.6425],[11.504,32.4135],[10.827,32.08],[10.4745,31.7365],[10.305,31.7055],[10.1145,31.464],[10.244,31.0315],[10.215,30.7835],[9.8945,30.3875],[9.5205,30.2295]]]},"properties":{"name":"Libya"},"id":"LBY"},{"type":"Feature","id":"LCA","properties":{"name":"Saint Lucia"},"geometry":{"type":"Polygon","coordinates":[[[-60.8965,13.8225],[-60.9505,13.717],[-61.062,13.783],[-61.073,13.866],[-61.062,13.9165],[-60.997,14.01],[-60.943,14.0725],[-60.907,14.0935],[-60.8855,14.012],[-60.8965,13.8225]]]}},{"type":"Feature","id":"LIE","properties":{"name":"Liechtenstein"},"geometry":{"type":"Polygon","coordinates":[[[9.5815,47.0565],[9.5025,47.062],[9.488,47.062],[9.4805,47.0965],[9.4845,47.173],[9.5275,47.2705],[9.5385,47.2545],[9.542,47.234],[9.5525,47.213],[9.5565,47.185],[9.5705,47.1575],[9.5995,47.1315],[9.6105,47.107],[9.596,47.076],[9.5815,47.0565]]]}},{"type":"Feature","geometry":{"type":"Polygon","coordinates":[[[79.984,9.8125],[80.0845,9.578],[80.0665,9.0955],[79.93,8.8995],[79.9405,8.691],[79.8075,8.0505],[79.7065,8.066],[79.793,7.585],[79.858,6.83],[80.0955,6.153],[80.268,6.009],[80.7255,5.9795],[81.3805,6.2415],[81.636,6.4255],[81.863,6.901],[81.874,7.2885],[81.665,7.783],[81.4345,8.118],[81.3735,8.4305],[80.711,9.3665],[80.254,9.797],[79.984,9.8125]]]},"properties":{"name":"Sri Lanka"},"id":"LKA"},{"type":"Feature","id":"LSO","properties":{"name":"Lesotho"},"geometry":{"type":"Polygon","coordinates":[[[28.7375,-30.1015],[28.6475,-30.126],[28.633,-30.1295],[28.5755,-30.1225],[28.4995,-30.1295],[28.4385,-30.1435],[28.3915,-30.147],[28.316,-30.218],[28.1755,-30.4105],[28.1395,-30.4505],[28.129,-30.5255],[28.0965,-30.5845],[28.057,-30.631],[28.0175,-30.6415],[27.902,-30.624],[27.7545,-30.6],[27.668,-30.5425],[27.589,-30.466],[27.5495,-30.4105],[27.506,-30.381],[27.4915,-30.364],[27.4305,-30.338],[27.409,-30.3255],[27.3875,-30.315],[27.3655,-30.2785],[27.3515,-30.2475],[27.355,-30.159],[27.3115,-30.105],[27.2395,-30.015],[27.193,-29.942],[27.1315,-29.8395],[27.092,-29.7545],[27.0525,-29.664],[27.056,-29.626],[27.0955,-29.6],[27.2075,-29.555],[27.2935,-29.52],[27.3585,-29.456],[27.4235,-29.3605],[27.4595,-29.303],[27.4915,-29.277],[27.5275,-29.2355],[27.589,-29.147],[27.661,-29.046],[27.7365,-28.9405],[27.83,-28.909],[27.9595,-28.8725],[28.0855,-28.7805],[28.2335,-28.7005],[28.471,-28.6155],[28.5825,-28.595],[28.6255,-28.581],[28.651,-28.5985],[28.6795,-28.647],[28.723,-28.687],[28.8165,-28.7595],[28.856,-28.7755],[28.9535,-28.8815],[29.0575,-28.954],[29.1765,-29.0375],[29.2595,-29.079],[29.3025,-29.0895],[29.335,-29.164],[29.371,-29.218],[29.3925,-29.27],[29.3855,-29.3205],[29.3495,-29.442],[29.2955,-29.567],[29.2485,-29.619],[29.1945,-29.652],[29.1405,-29.7005],[29.1225,-29.8015],[29.0975,-29.9195],[29.029,-29.968],[28.975,-29.999],[28.8995,-30.039],[28.7375,-30.1015]]]}},{"type":"Feature","geometry":{"type":"Polygon","coordinates":[[[22.765,54.3565],[23.3695,54.2005],[23.485,53.94],[24.7665,53.9745],[24.824,54.119],[25.5475,54.3325],[25.861,54.919],[26.293,55.1395],[26.6025,55.131],[26.761,55.294],[26.4585,55.3425],[26.5955,55.6675],[26.282,55.7505],[25.5875,56.131],[25.069,56.2005],[24.903,56.398],[24.122,56.2645],[22.8765,56.3965],[22.0845,56.407],[21.0475,56.07],[21.235,55.2645],[22.0735,55.063],[22.567,55.0595],[22.8295,54.839],[22.6785,54.494],[22.765,54.3565]]]},"properties":{"name":"Lithuania"},"id":"LTU"},{"type":"Feature","id":"LUX","properties":{"name":"Luxembourg"},"geometry":{"type":"Polygon","coordinates":[[[6.1185,50.121],[6.1075,50.0945],[6.111,50.034],[6.14,49.975],[6.2045,49.916],[6.255,49.8725],[6.3235,49.838],[6.4425,49.805],[6.489,49.798],[6.4925,49.7545],[6.4855,49.7075],[6.446,49.6815],[6.4065,49.645],[6.3775,49.6],[6.3485,49.513],[6.345,49.4525],[6.2765,49.4765],[6.2405,49.494],[6.1795,49.4995],[6.1185,49.4855],[6.075,49.454],[6.0105,49.4455],[5.96,49.454],[5.9275,49.4765],[5.9025,49.4905],[5.823,49.5045],[5.7905,49.5375],[5.816,49.553],[5.8375,49.579],[5.8555,49.612],[5.8805,49.645],[5.805,49.732],[5.787,49.7595],[5.726,49.8085],[5.726,49.8325],[5.7405,49.857],[5.7365,49.876],[5.744,49.9195],[5.787,49.961],[5.816,50.013],[5.8665,50.0825],[5.978,50.1675],[6.0535,50.154],[6.0895,50.154],[6.111,50.1245],[6.1185,50.121]]]}},{"type":"Feature","geometry":{"type":"Polygon","coordinates":[[[26.5955,55.6675],[27.0525,55.8305],[27.578,55.7995],[28.147,56.143],[28.1035,56.5455],[27.805,56.867],[27.6395,56.846],[27.8375,57.247],[27.3515,57.5285],[26.966,57.61],[26.534,57.532],[25.9905,57.8375],[25.112,58.063],[24.3235,57.8705],[24.403,57.325],[24.2805,57.1725],[23.647,56.971],[23.287,57.089],[23.1355,57.3235],[22.556,57.7245],[21.728,57.5715],[21.458,57.3215],[21.35,57.018],[21.073,56.8235],[21.0475,56.07],[22.0845,56.407],[22.8765,56.3965],[24.122,56.2645],[24.903,56.398],[25.069,56.2005],[25.5875,56.131],[26.282,55.7505],[26.5955,55.6675]]]},"properties":{"name":"Latvia"},"id":"LVA"},{"type":"Feature","id":"MAC","properties":{"name":"Macau"},"geometry":{"type":"Polygon","coordinates":[[[113.4785,22.1955],[113.482,22.218],[113.493,22.2425],[113.5255,22.246],[113.547,22.223],[113.547,22.2215],[113.5,22.2025],[113.4855,22.197],[113.4785,22.1955]]]}},{"type":"Feature","id":"MAF","properties":{"name":"Saint Martin"},"geometry":{"type":"Polygon","coordinates":[[[-63.0095,18.069],[-63.125,18.069],[-63.114,18.0915],[-63.0635,18.116],[-63.024,18.1125],[-63.0095,18.1035],[-63.0095,18.069]]]}},{"type":"Feature","geometry":{"type":"Polygon","coordinates":[[[-2.2195,35.1045],[-2.8385,35.1285],[-2.972,35.4065],[-3.206,35.24],[-3.692,35.2795],[-4.329,35.1615],[-4.8365,35.2815],[-5.337,35.745],[-5.2795,35.903],[-5.924,35.7865],[-6.3525,34.776],[-6.8995,33.969],[-7.562,33.641],[-8.3,33.3735],[-8.595,33.188],[-9.2465,32.5735],[-9.3475,32.087],[-9.675,31.7105],[-9.8085,31.424],[-9.8765,30.7175],[-9.6535,30.4485],[-9.668,30.11],[-9.8515,29.8095],[-10.485,29.065],[-11.0825,28.714],[-11.432,28.3825],[-11.9865,28.129],[-12.9475,27.914],[-13.178,27.6515],[-13.5775,26.735],[-14.4125,26.254],[-14.5245,25.926],[-14.7945,25.4035],[-14.8555,24.8725],[-15.039,24.5495],[-15.1905,24.4785],[-15.5865,24.072],[-15.8995,23.8445],[-15.806,23.749],[-16.209,23.098],[-16.3605,22.5945],[-16.515,22.3345],[-16.6845,22.2735],[-16.929,21.9005],[-17.005,21.421],[-16.731,21.47],[-15.752,21.4905],[-14.841,21.4505],[-14.672,21.6],[-14.6325,21.8605],[-14.222,22.31],[-14.042,23.341],[-13.8905,23.692],[-13.311,23.982],[-13.0625,24.4],[-12.4325,24.8305],[-12.3105,25.11],[-12.0295,26.0305],[-11.72,26.105],[-11.3385,26.6325],[-11.3925,26.8825],[-10.9245,27.011],[-10.55,26.9905],[-10.251,26.86],[-9.7365,26.86],[-9.4125,27.089],[-8.793,27.1205],[-8.8185,27.657],[-8.685,27.657],[-8.66,28.7195],[-7.6845,29.3495],[-7.094,29.6255],[-6.6365,29.568],[-6.5,29.8095],[-5.7765,29.8685],[-5.4485,29.957],[-5.1785,30.1655],[-4.97,30.466],[-4.322,30.6985],[-3.987,30.9135],[-3.7025,30.945],[-3.6235,31.0665],[-3.832,31.1985],[-3.825,31.662],[-3.0185,31.8335],[-2.932,32.042],[-2.45,32.1305],[-1.276,32.089],[-1.24,32.337],[-1.064,32.469],[-1.51,32.877],[-1.6795,33.318],[-1.7335,34.467],[-1.7945,34.752],[-2.2195,35.1045]]]},"properties":{"name":"Morocco"},"id":"MAR"},{"type":"Feature","id":"MCO","properties":{"name":"Monaco"},"geometry":{"type":"Polygon","coordinates":[[[7.4395,43.7495],[7.3785,43.7325],[7.382,43.753],[7.3965,43.7655],[7.4145,43.7705],[7.436,43.762],[7.4395,43.7495]]]}},{"type":"Feature","geometry":{"type":"Polygon","coordinates":[[[26.6205,48.26],[26.9805,48.1555],[27.337,47.64],[27.8555,47.114],[28.0715,46.9785],[28.2405,46.64],[28.1,45.9735],[28.2115,45.451],[28.4995,45.517],[28.4925,45.666],[28.946,46.05],[28.928,46.425],[29.1475,46.5275],[29.839,46.35],[30.1305,46.423],[29.9255,46.5395],[29.8785,46.8295],[29.5725,46.9645],[29.551,47.246],[29.1585,47.456],[29.2125,47.732],[29.0935,47.975],[28.7735,48.119],[28.4635,48.0915],[27.5495,48.4785],[27.229,48.371],[26.8475,48.3865],[26.6205,48.26]]]},"properties":{"name":"Moldova"},"id":"MDA"},{"type":"Feature","geometry":{"type":"Polygon","coordinates":[[[49.5385,-12.4325],[49.207,-12.08],[48.901,-12.4585],[48.786,-12.471],[48.919,-12.839],[48.7965,-13.2675],[48.4045,-13.5385],[48.2565,-13.719],[48.0405,-13.596],[47.8965,-13.731],[47.994,-13.9605],[47.7745,-14.37],[47.7745,-14.6375],[47.526,-14.9915],[47.4395,-14.7035],[47.094,-15.1495],[47.029,-15.4515],[46.8815,-15.2295],[46.4745,-15.514],[46.3305,-15.7135],[46.4425,-15.896],[46.1905,-15.7465],[45.7005,-15.8145],[45.6,-15.993],[45.222,-15.95],[44.9085,-16.1735],[44.4765,-16.217],[44.426,-16.2885],[44.419,-16.4115],[44.437,-16.6215],[44.4225,-16.703],[43.98,-17.3925],[44.041,-18.288],[44.232,-18.7415],[44.239,-19.0745],[44.448,-19.4285],[44.4045,-19.9215],[44.239,-20.38],[43.9115,-20.866],[43.8575,-21.076],[43.501,-21.3555],[43.267,-22.05],[43.2635,-22.3835],[43.3965,-22.887],[43.5695,-23.0815],[43.7205,-23.529],[43.645,-23.7425],[43.688,-24.357],[43.85,-24.538],[44.034,-24.996],[44.347,-25.225],[44.8115,-25.3345],[45.114,-25.543],[45.5065,-25.564],[46.158,-25.2305],[46.7305,-25.1505],[47.0365,-24.9785],[47.1765,-24.788],[47.371,-24.2185],[47.5585,-23.8745],[47.9325,-22.394],[48.3505,-21.3485],[48.606,-20.458],[49.0595,-19.1195],[49.362,-18.337],[49.495,-17.67],[49.4375,-17.3475],[49.5385,-17.033],[49.7685,-16.8145],[49.7325,-16.703],[49.812,-16.6025],[49.8405,-16.486],[49.83,-16.2555],[49.711,-16.0765],[49.65,-15.568],[49.891,-15.4585],[50.0205,-15.802],[50.208,-15.96],[50.4815,-15.3855],[50.442,-15.1495],[50.2365,-14.733],[50.1755,-14.04],[49.938,-13.0715],[49.5385,-12.4325]]]},"properties":{"name":"Madagascar"},"id":"MDG"},{"type":"Feature","id":"MDV","properties":{"name":"Maldives"},"geometry":{"type":"MultiPolygon","coordinates":[[[[73.4175,3.2315],[73.3955,3.2295],[73.3815,3.247],[73.385,3.2715],[73.403,3.2885],[73.428,3.2905],[73.4425,3.2745],[73.4355,3.2505],[73.4175,3.2315]]],[[[73.511,4.1655],[73.4965,4.155],[73.4785,4.1585],[73.4715,4.1705],[73.482,4.188],[73.493,4.2105],[73.5035,4.2345],[73.518,4.247],[73.529,4.2435],[73.529,4.2295],[73.5215,4.2105],[73.518,4.186],[73.511,4.1655]]]]}},{"type":"Feature","geometry":{"type":"MultiPolygon","coordinates":[[[[-117.129,32.5335],[-116.848,31.997],[-116.6215,31.851],[-116.661,31.5645],[-116.3335,31.2035],[-116.2975,30.971],[-116.0635,30.8045],[-115.995,30.4135],[-115.815,30.3045],[-115.808,29.9605],[-115.6745,29.7555],[-115.167,29.4275],[-114.994,29.384],[-114.1445,28.605],[-114.0475,28.426],[-114.184,28.013],[-114.1375,27.671],[-114.2995,27.872],[-114.5695,27.7835],[-115.0375,27.8425],[-114.994,27.737],[-114.5405,27.431],[-114.447,27.2175],[-113.842,26.966],[-113.5975,26.721],[-113.2735,26.7905],[-113.1545,26.947],[-113.0215,26.584],[-112.6575,26.3165],[-112.377,26.2145],[-112.1755,25.912],[-112.0565,25.4885],[-112.1285,25.0425],[-112.071,24.8395],[-111.4195,24.329],[-111.0375,24.105],[-110.631,23.737],[-110.361,23.605],[-110.181,23.341],[-110.0875,23.006],[-109.9215,22.8865],[-109.4575,23.2145],[-109.4215,23.48],[-109.677,23.6625],[-109.7095,23.803],[-110.0225,24.1745],[-110.2635,24.3445],[-110.368,24.1],[-110.6595,24.341],[-110.6775,24.789],[-110.8935,25.145],[-111.034,25.527],[-111.2935,25.789],[-111.333,26.1255],[-111.5705,26.7075],[-111.7935,26.879],[-111.862,26.678],[-112.0025,27.079],[-112.1895,27.1865],[-112.33,27.523],[-112.7335,27.8255],[-112.87,28.424],[-113.0935,28.511],[-113.205,28.799],[-113.5,28.926],[-113.547,29.103],[-113.8275,29.44],[-114.5515,30.023],[-114.76,30.959],[-114.8825,31.1565],[-114.789,31.648],[-114.933,31.9015],[-114.148,31.5075],[-113.9465,31.629],[-113.6335,31.4675],[-113.6225,31.346],[-113.0465,31.179],[-113.1115,30.794],[-112.8235,30.301],[-112.737,29.985],[-112.222,29.2695],[-112.161,29.0195],[-111.6785,28.471],[-111.4735,28.3845],[-111.1205,27.9675],[-110.53,27.8635],[-110.6165,27.6535],[-110.476,27.322],[-110.278,27.162],[-109.9435,27.079],[-109.756,26.702],[-109.4825,26.711],[-109.2775,26.5335],[-109.198,26.3045],[-109.425,26.032],[-109.3855,25.7265],[-109.198,25.593],[-108.885,25.7335],[-109.029,25.48],[-108.7515,25.4245],[-108.0355,25.0355],[-108.208,24.975],[-107.9525,24.6155],[-107.5135,24.4885],[-107.5275,24.36],[-107.7655,24.4715],[-107.085,24.0165],[-106.5665,23.449],[-106.401,23.1955],[-105.7925,22.6275],[-105.645,22.3275],[-105.6485,21.989],[-105.4325,21.619],[-105.2095,21.4905],[-105.238,21.119],[-105.4935,20.777],[-105.2595,20.579],[-105.67,20.385],[-105.483,19.977],[-104.939,19.31],[-104.4065,19.0915],[-103.913,18.8295],[-103.4415,18.326],[-102.7,18.062],[-101.847,17.923],[-101.602,17.6525],[-100.846,17.201],[-100.025,16.9195],[-99.6905,16.72],[-98.7615,16.5345],[-98.5205,16.305],[-98.139,16.206],[-97.7535,15.9665],[-97.185,15.9095],[-96.5115,15.6525],[-96.213,15.6925],[-95.464,15.9755],[-95.133,16.1765],[-94.787,16.229],[-95.021,16.2775],[-94.8985,16.418],[-94.661,16.2025],[-94.0025,16.0185],[-94.427,16.227],[-94.373,16.2845],[-93.916,16.0535],[-92.8105,15.1385],[-92.2345,14.545],[-92.0765,15.0745],[-92.188,15.321],[-91.738,16.071],[-90.4455,16.0725],[-90.4165,16.39],[-90.6325,16.51],[-90.712,16.708],[-90.9745,16.8675],[-91.4105,17.2565],[-90.9925,17.253],[-90.989,17.817],[-89.1605,17.8155],[-89.135,17.97],[-88.8075,17.965],[-88.523,18.4455],[-88.2965,18.4715],[-88.0335,18.8395],[-88.055,18.524],[-87.8535,18.2685],[-87.7635,18.4455],[-87.5005,19.2875],[-87.6555,19.258],[-87.425,19.5825],[-87.688,19.6365],[-87.4325,19.8985],[-87.4685,20.102],[-87.22,20.508],[-86.8635,20.8845],[-86.7735,21.1505],[-86.824,21.421],[-87.13,21.621],[-87.2525,21.447],[-88.1305,21.6155],[-88.4655,21.5685],[-88.8795,21.414],[-89.819,21.2755],[-90.352,21.0095],[-90.485,20.5565],[-90.5065,19.9125],[-90.694,19.7305],[-90.7405,19.352],[-90.9565,19.152],[-91.4355,18.89],[-91.2735,18.6245],[-91.5325,18.456],[-91.8025,18.47],[-91.9755,18.7165],[-92.71,18.6125],[-92.8865,18.468],[-93.5525,18.43],[-94.1895,18.1955],[-94.546,18.175],[-94.798,18.515],[-95.183,18.701],[-95.8205,18.7545],[-95.986,19.0535],[-96.2885,19.343],[-96.4575,19.869],[-97.12,20.6155],[-97.6385,21.6035],[-97.858,22.624],[-97.7465,22.942],[-97.7645,23.3065],[-97.667,24.3895],[-97.509,25.0145],[-97.2245,25.586],[-97.145,25.961],[-97.3575,25.8705],[-97.8005,26.0425],[-98.2755,26.112],[-99.107,26.447],[-99.2295,26.761],[-99.4565,27.056],[-99.507,27.5475],[-99.755,27.73],[-100.295,28.327],[-100.331,28.5025],[-100.659,29.0685],[-101.303,29.634],[-101.5695,29.8095],[-102.268,29.872],[-102.7325,29.6445],[-102.891,29.216],[-103.258,29.0005],[-104.111,29.386],[-104.5035,29.6775],[-104.68,30.134],[-104.979,30.6465],[-105.274,30.8075],[-106.257,31.544],[-106.455,31.7695],[-108.2115,31.78],[-108.2155,31.3305],[-109.2735,31.327],[-111.0415,31.325],[-112.4635,31.768],[-114.8355,32.509],[-114.724,32.7155],[-117.129,32.5335]]],[[[-86.939,20.303],[-86.7555,20.5515],[-86.9285,20.5515],[-86.939,20.303]]],[[[-113.1545,29.0525],[-113.2015,29.3025],[-113.5865,29.5735],[-113.5795,29.4135],[-113.1545,29.0525]]],[[[-115.1705,28.07],[-115.196,28.3285],[-115.354,28.105],[-115.1705,28.07]]],[[[-112.204,29.006],[-112.2835,29.24],[-112.4705,29.167],[-112.5135,28.848],[-112.2795,28.7695],[-112.204,29.006]]],[[[-112.0565,24.546],[-112.197,24.886],[-112.2975,24.789],[-112.0565,24.546]]]]},"properties":{"name":"Mexico"},"id":"MEX"},{"type":"Feature","id":"MHL","properties":{"name":"Marshall Islands"},"geometry":{"type":"MultiPolygon","coordinates":[[[[169.6355,5.83],[169.614,5.8005],[169.5925,5.8025],[169.614,5.825],[169.6285,5.856],[169.65,5.9445],[169.7005,5.9775],[169.7365,6.014],[169.7255,5.976],[169.6715,5.936],[169.6355,5.83]]],[[[168.829,7.309],[168.8145,7.2935],[168.7175,7.3025],[168.6745,7.3215],[168.678,7.337],[168.757,7.323],[168.829,7.309]]],[[[171.576,7.049],[171.6155,7.026],[171.6875,7.028],[171.756,6.9725],[171.7305,6.976],[171.6945,7],[171.6585,7.0105],[171.6155,7.007],[171.594,7.016],[171.576,7.049]]],[[[171.1005,7.139],[171.2265,7.087],[171.3925,7.1115],[171.367,7.0955],[171.306,7.082],[171.2625,7.068],[171.234,7.068],[171.2015,7.073],[171.097,7.1095],[171.036,7.1565],[171.0505,7.172],[171.1005,7.139]]],[[[166.8885,11.1525],[166.8635,11.146],[166.8455,11.1525],[166.86,11.1665],[166.8885,11.1685],[166.8995,11.165],[166.8885,11.1525]]]]}},{"type":"Feature","id":"MKD","properties":{"name":"North Macedonia"},"geometry":{"type":"Polygon","coordinates":[[[21.5625,42.248],[21.62,42.243],[21.739,42.267],[21.8145,42.3035],[21.854,42.309],[21.9045,42.3225],[21.9765,42.321],[22.052,42.3055],[22.1455,42.3245],[22.239,42.3575],[22.279,42.3505],[22.3185,42.321],[22.3435,42.314],[22.4985,42.1645],[22.581,42.1055],[22.682,42.059],[22.797,42.026],[22.837,41.993],[22.909,41.835],[22.945,41.776],[22.9915,41.7565],[23.0025,41.7395],[23.006,41.717],[22.952,41.6055],[22.9305,41.3555],[22.916,41.3365],[22.8585,41.3365],[22.783,41.3315],[22.754,41.3125],[22.725,41.1785],[22.603,41.1405],[22.495,41.118],[22.401,41.123],[22.239,41.1545],[22.185,41.158],[22.1385,41.1405],[21.9945,41.132],[21.9295,41.1075],[21.7785,40.951],[21.627,40.8955],[21.577,40.8695],[21.458,40.9045],[21.404,40.908],[21.325,40.868],[21.1485,40.8625],[21.1015,40.8555],[20.965,40.8505],[20.9575,40.8715],[20.9325,40.9025],[20.871,40.918],[20.7415,40.906],[20.709,40.9285],[20.655,41.0625],[20.6155,41.083],[20.569,41.1285],[20.4895,41.2725],[20.486,41.3365],[20.493,41.392],[20.45,41.5205],[20.475,41.5535],[20.515,41.5745],[20.515,41.6265],[20.504,41.7065],[20.5545,41.8625],[20.565,41.873],[20.5795,41.866],[20.695,41.854],[20.7235,41.873],[20.745,41.9045],[20.749,42.019],[20.7775,42.071],[21.0585,42.1715],[21.141,42.175],[21.206,42.128],[21.2565,42.0985],[21.285,42.1005],[21.296,42.13],[21.332,42.187],[21.3895,42.22],[21.5625,42.248]]]}},{"type":"Feature","geometry":{"type":"Polygon","coordinates":[[[-11.3885,12.4045],[-11.504,12.198],[-11.306,12.0155],[-10.9315,12.2045],[-10.676,11.899],[-10.467,12.139],[-10.2765,12.2135],[-9.819,12.0435],[-9.3585,12.255],[-9.3945,12.465],[-9.0415,12.4025],[-8.8185,11.922],[-8.822,11.6735],[-8.408,11.387],[-8.6635,11.0365],[-8.336,10.9915],[-8.2675,10.486],[-8.0085,10.321],[-7.9905,10.163],[-7.6625,10.427],[-7.497,10.439],[-7.364,10.2585],[-6.9645,10.198],[-6.95,10.342],[-6.6945,10.349],[-6.6545,10.656],[-6.4065,10.573],[-6.2625,10.724],[-6.2405,10.2795],[-6.0355,10.1945],[-5.8445,10.389],[-5.5245,10.4255],[-5.456,10.771],[-5.492,11.0415],[-5.301,11.2065],[-5.229,11.5225],[-5.2865,11.828],[-5.1065,11.967],[-4.797,12.033],[-4.43,12.3385],[-4.48,12.6715],[-4.228,12.793],[-4.329,13.1195],[-4.052,13.3815],[-3.854,13.373],[-3.5765,13.1945],[-3.303,13.281],[-3.1985,13.6735],[-2.918,13.6805],[-2.8745,13.951],[-2.457,14.274],[-2.115,14.168],[-1.9745,14.4565],[-1.694,14.5085],[-1.0495,14.819],[-0.7615,15.0485],[-0.236,15.0585],[0.218,14.911],[0.2285,14.963],[0.9485,14.9825],[1.3015,15.272],[3.0005,15.3415],[3.062,15.427],[3.5045,15.3555],[3.519,15.4825],[3.8755,15.755],[4.1815,16.581],[4.2355,16.996],[4.228,19.1435],[3.4,18.989],[3.105,19.1505],[3.256,19.411],[3.202,19.7895],[2.8675,19.956],[2.4065,20.0635],[2.2195,20.2475],[1.6865,20.378],[1.611,20.555],[1.1645,20.817],[1.1465,21.1015],[0.016,21.8395],[-0.9665,22.482],[-2.6045,23.553],[-3.584,24.1955],[-4.822,24.9955],[-6.5935,24.994],[-6.482,24.02],[-6.3125,22.5285],[-6.0825,20.5395],[-5.913,19.048],[-5.769,17.805],[-5.6285,16.569],[-5.3585,16.2825],[-5.5135,15.496],[-7.7635,15.496],[-9.1785,15.496],[-9.9415,15.373],[-10.6975,15.4235],[-10.8955,15.1505],[-11.504,15.637],[-11.7595,15.425],[-11.871,14.9945],[-12.105,14.7445],[-12.2815,14.8085],[-12.2275,14.458],[-12.0185,14.2065],[-11.961,13.875],[-12.0545,13.6335],[-11.8315,13.316],[-11.6335,13.3695],[-11.3885,12.9425],[-11.45,12.531],[-11.3885,12.4045]]]},"properties":{"name":"Mali"},"id":"MLI"},{"type":"Feature","id":"MLT","properties":{"name":"Malta"},"geometry":{"type":"MultiPolygon","coordinates":[[[[14.5675,35.8525],[14.5315,35.8195],[14.438,35.8215],[14.3515,35.8715],[14.3515,35.9775],[14.4485,35.9565],[14.5385,35.8855],[14.5675,35.8525]]],[[[14.312,36.028],[14.2545,36.0125],[14.193,36.042],[14.1785,36.061],[14.2615,36.0765],[14.3045,36.0625],[14.319,36.0365],[14.312,36.028]]]]}},{"type":"Feature","geometry":{"type":"MultiPolygon","coordinates":[[[[100.1225,20.317],[100.2485,20.73],[100.565,20.8255],[100.522,20.921],[100.756,21.312],[101.1375,21.567],[101.08,21.756],[100.533,21.4575],[100.216,21.463],[99.9785,21.7025],[99.917,22.029],[99.1935,22.126],[99.3375,22.4975],[99.3845,22.8255],[99.507,22.9595],[99.341,23.0965],[98.8625,23.192],[98.8335,23.624],[98.6825,23.841],[98.8335,24.091],[98.0165,24.065],[97.631,23.8865],[97.667,24.3795],[97.5305,24.492],[97.5845,24.775],[97.739,24.8705],[97.8185,25.2525],[97.919,25.237],[98.171,25.5945],[98.333,25.5875],[98.625,25.827],[98.74,26.7855],[98.65,27.572],[98.297,27.5495],[98.099,28.143],[97.66,28.5005],[97.5375,28.511],[97.3215,28.2175],[97.336,27.938],[96.9615,27.6985],[96.9005,27.44],[97.037,27.1015],[96.6665,27.339],[96.0615,27.2175],[95.907,27.046],[95.129,26.598],[95.061,26.4745],[95.133,26.0405],[94.9925,25.77],[94.6215,25.4105],[94.553,25.244],[94.708,25.0495],[94.294,24.322],[94.1285,23.876],[93.682,24.006],[93.3075,24.0215],[93.4155,23.6815],[93.365,23.133],[93.1635,23.032],[93.077,22.718],[93.1635,22.3605],[92.9655,22.0045],[92.6885,22.131],[92.573,21.9785],[92.6305,21.3065],[92.332,21.4405],[92.1805,21.2925],[92.3245,20.791],[92.7245,20.296],[92.71,20.5635],[92.89,20.3395],[92.8825,20.152],[93.0665,20.378],[93.0015,20.074],[93.131,19.859],[93.1565,20.041],[93.3615,20.0585],[93.9985,19.4405],[93.826,19.239],[93.4945,19.369],[93.707,19.027],[93.9305,18.9005],[94.0455,19.2875],[94.0925,18.8485],[94.4305,18.201],[94.589,17.569],[94.355,16.64],[94.2725,16.517],[94.2255,16.017],[94.4415,16.095],[94.7185,16.399],[94.661,15.904],[94.8485,16.0325],[94.942,15.819],[95.176,15.826],[95.3345,16.0325],[95.3885,15.7235],[95.68,15.977],[95.763,16.17],[96.623,16.564],[96.9075,17.031],[96.969,17.3175],[97.1775,17.062],[97.3755,16.522],[97.725,16.569],[97.635,16.458],[97.5845,16.0185],[97.7105,15.8765],[97.811,14.859],[98.099,14.161],[98.1495,13.6475],[98.247,13.734],[98.5745,13.1615],[98.697,12.2255],[98.6355,11.7375],[98.877,11.7205],[98.74,11.592],[98.675,10.986],[98.4665,10.6755],[98.5635,10.0345],[98.704,10.191],[98.758,10.6615],[99.19,11.106],[99.615,11.781],[99.4635,12.191],[99.406,12.5485],[99.219,12.7395],[99.107,13.104],[99.1755,13.2325],[99.136,13.717],[98.9345,14.05],[98.571,14.359],[98.247,14.814],[98.193,15.2045],[98.5635,15.404],[98.5925,16.05],[98.819,16.18],[98.837,16.418],[98.6895,16.305],[98.477,16.732],[98.4375,16.9755],[97.793,17.682],[97.631,18.291],[97.4835,18.4945],[97.7535,18.621],[97.707,18.9315],[97.804,19.1295],[97.8185,19.4595],[98.0165,19.7495],[98.2395,19.6905],[98.9165,19.7735],[99.021,20.041],[99.503,20.1885],[99.46,20.362],[99.64,20.3205],[99.892,20.4245],[100.1225,20.317]]],[[[98.553,11.7445],[98.3765,11.7915],[98.5275,11.538],[98.553,11.7445]]],[[[98.4125,12.599],[98.3115,12.6785],[98.315,12.3365],[98.4125,12.599]]],[[[94.4775,15.946],[94.6,16.206],[94.3875,15.9945],[94.4775,15.946]]],[[[93.689,18.6835],[93.743,18.866],[93.4875,18.8675],[93.689,18.6835]]],[[[93.7145,19.5585],[93.7575,19.326],[93.9445,19.428],[93.7145,19.5585]]]]},"properties":{"name":"Myanmar"},"id":"MMR"},{"type":"Feature","id":"MNE","properties":{"name":"Montenegro"},"geometry":{"type":"Polygon","coordinates":[[[19.1935,43.5325],[19.19,43.5205],[19.197,43.486],[19.219,43.4495],[19.298,43.4145],[19.413,43.3435],[19.55,43.2115],[19.615,43.1735],[19.6725,43.1645],[19.7805,43.109],[19.8595,43.097],[19.9425,43.0815],[20.169,42.9685],[20.27,42.9355],[20.3385,42.892],[20.349,42.852],[20.3455,42.828],[20.216,42.7985],[20.191,42.755],[20.1295,42.76],[20.054,42.76],[20.029,42.7325],[20.065,42.6855],[20.09,42.6315],[20.072,42.557],[20.065,42.5465],[20.047,42.55],[19.939,42.5065],[19.8595,42.486],[19.7875,42.4755],[19.755,42.4965],[19.737,42.526],[19.741,42.6075],[19.7265,42.635],[19.705,42.6475],[19.6545,42.628],[19.597,42.5655],[19.543,42.493],[19.4635,42.4145],[19.399,42.342],[19.3305,42.2495],[19.28,42.1735],[19.3305,42.13],[19.363,42.069],[19.352,42.024],[19.363,41.998],[19.345,41.918],[19.341,41.8695],[19.1865,41.9495],[19.1215,42.0605],[18.895,42.2495],[18.632,42.378],[18.6175,42.399],[18.632,42.4235],[18.6465,42.4425],[18.5925,42.444],[18.553,42.4285],[18.517,42.434],[18.477,42.4805],[18.4375,42.5225],[18.4375,42.5605],[18.4555,42.564],[18.481,42.5795],[18.535,42.6195],[18.5455,42.642],[18.542,42.6735],[18.4665,42.7775],[18.4555,42.8435],[18.445,42.9685],[18.459,42.998],[18.488,43.012],[18.625,43.0275],[18.621,43.1245],[18.6285,43.154],[18.657,43.194],[18.675,43.2305],[18.751,43.2845],[18.8515,43.347],[18.895,43.3485],[18.9345,43.34],[18.9775,43.286],[19.028,43.293],[19.035,43.3575],[18.974,43.4425],[18.9415,43.496],[18.9525,43.5275],[18.974,43.543],[19.028,43.5325],[19.0785,43.517],[19.1145,43.5275],[19.165,43.536],[19.1935,43.5325]]]}},{"type":"Feature","geometry":{"type":"Polygon","coordinates":[[[87.814,49.1625],[87.742,48.8815],[88.0265,48.7355],[87.9795,48.555],[88.516,48.385],[88.577,48.22],[89.0485,48.003],[89.56,48.0045],[89.7795,47.8275],[90.028,47.878],[90.3125,47.6765],[90.496,47.286],[90.8705,46.9545],[91.0325,46.529],[90.91,46.2705],[91.0035,46.036],[90.7085,45.7305],[90.6615,45.5255],[90.8775,45.1955],[91.583,45.076],[92.4255,45.0085],[92.789,45.036],[93.6565,44.9005],[93.959,44.675],[94.2005,44.6455],[94.7115,44.3505],[95.349,44.2775],[95.356,44.0065],[95.525,43.9545],[95.914,43.2065],[96.299,42.9285],[96.3855,42.72],[97.2065,42.7895],[99.467,42.5675],[99.982,42.677],[101.7135,42.465],[101.973,42.215],[103.0745,42.0065],[103.7115,41.7515],[104.4965,41.8765],[104.4965,41.6595],[104.9825,41.5955],[105.1985,41.7375],[106.7715,42.288],[108.172,42.4475],[108.687,42.4165],[109.443,42.4565],[110.4005,42.774],[111.009,43.3415],[111.549,43.496],[111.934,43.7115],[111.837,43.9355],[111.4015,44.3675],[111.621,44.8275],[111.898,45.064],[112.413,45.0585],[112.5965,44.918],[113.5865,44.746],[114.0295,44.9425],[114.519,45.364],[115.682,45.458],[116.24,45.7965],[116.2145,45.8865],[116.564,46.2895],[116.859,46.3885],[117.334,46.3625],[117.406,46.5705],[117.6725,46.522],[118.31,46.7165],[118.8425,46.76],[119.163,46.6385],[119.7065,46.6055],[119.8975,46.857],[119.71,47.1505],[118.76,47.758],[118.497,47.984],[117.77,47.987],[117.352,47.652],[116.762,47.869],[116.2325,47.859],[115.898,47.687],[115.5595,47.9455],[115.5235,48.1315],[115.786,48.2475],[115.9555,48.6885],[116.6825,49.824],[116.1355,50.0115],[115.718,49.881],[115.275,49.949],[114.742,50.2335],[114.2955,50.2735],[113.1655,49.798],[113.0575,49.6155],[112.078,49.4245],[111.3365,49.355],[110.829,49.166],[110.199,49.171],[109.2375,49.3345],[108.615,49.322],[108.0355,49.595],[107.949,49.9245],[107.2325,49.989],[106.7105,50.3115],[106.2175,50.305],[105.382,50.473],[104.4675,50.3065],[104.1795,50.1695],[103.6325,50.138],[102.682,50.3865],[102.2895,50.5845],[102.113,51.3535],[101.3825,51.4525],[100.468,51.7265],[99.921,51.756],[98.895,52.117],[98.639,51.801],[98.351,51.718],[97.948,51.348],[97.8255,50.9855],[98.031,50.645],[98.279,50.534],[98.103,50.0775],[97.21,49.73],[96.987,49.883],[96.3135,49.9005],[95.853,50.013],[95.111,49.935],[94.6145,50.0235],[94.355,50.2215],[94.2505,50.5565],[93.1025,50.6035],[92.9405,50.7785],[92.627,50.6885],[92.3535,50.864],[92.1915,50.7005],[91.8025,50.6935],[91.342,50.4695],[90.6545,50.223],[90.0065,50.0685],[89.6425,49.904],[89.6535,49.718],[89.009,49.4735],[88.192,49.4525],[88.1165,49.2565],[87.814,49.1625]]]},"properties":{"name":"Mongolia"},"id":"MNG"},{"type":"Feature","id":"MNP","properties":{"name":"Northern Mariana Islands"},"geometry":{"type":"MultiPolygon","coordinates":[[[[145.7095,18.7635],[145.6775,18.725],[145.652,18.753],[145.645,18.807],[145.6915,18.8015],[145.706,18.791],[145.7095,18.7635]]],[[[145.7135,16.34],[145.6915,16.333],[145.6595,16.3365],[145.6375,16.352],[145.6305,16.378],[145.6955,16.38],[145.7205,16.359],[145.7135,16.34]]],[[[145.2635,14.1575],[145.2165,14.111],[145.1805,14.1215],[145.159,14.137],[145.1515,14.163],[145.231,14.189],[145.267,14.1805],[145.2635,14.1575]]],[[[145.778,18.0795],[145.7275,18.057],[145.789,18.156],[145.807,18.173],[145.8355,18.1365],[145.778,18.0795]]],[[[145.753,15.1335],[145.7495,15.1075],[145.699,15.1145],[145.6845,15.1245],[145.7135,15.215],[145.7855,15.2565],[145.8215,15.2655],[145.789,15.222],[145.7815,15.175],[145.753,15.1335]]],[[[145.663,14.97],[145.6195,14.92],[145.591,14.998],[145.5875,15.031],[145.6235,15.0605],[145.6485,15.0585],[145.663,14.97]]]]}},{"type":"Feature","geometry":{"type":"Polygon","coordinates":[[[31.286,-22.4025],[31.531,-23.279],[31.5455,-23.4825],[31.801,-23.892],[31.9845,-24.4615],[31.9845,-25.6315],[31.9485,-25.958],[32.06,-26.0185],[32.114,-26.8395],[32.8845,-26.85],[32.9565,-26.083],[32.8485,-26.2685],[32.5895,-26.0045],[32.791,-25.6435],[33.349,-25.2615],[33.835,-25.0675],[34.609,-24.821],[35.156,-24.5415],[35.437,-24.1715],[35.5415,-23.8245],[35.372,-23.798],[35.574,-22.963],[35.491,-22.6575],[35.4945,-22.1245],[35.383,-22.4545],[35.268,-21.651],[35.1275,-21.3955],[34.9835,-20.807],[34.699,-20.4045],[34.7565,-19.823],[34.9475,-19.8125],[35.365,-19.4945],[35.653,-19.163],[36.1245,-18.842],[36.326,-18.7935],[36.8985,-18.1285],[36.938,-17.993],[37.244,-17.7395],[38.144,-17.243],[39.084,-16.9725],[39.242,-16.7915],[39.624,-16.58],[39.764,-16.469],[39.8435,-16.436],[39.7895,-16.295],[39.984,-16.226],[40.11,-15.9795],[40.56,-15.474],[40.6175,-15.115],[40.8335,-14.792],[40.819,-14.467],[40.646,-14.5385],[40.7145,-14.214],[40.603,-14.167],[40.5455,-13.462],[40.567,-12.9845],[40.4375,-12.983],[40.5815,-12.6355],[40.488,-12.4915],[40.531,-12.004],[40.4015,-11.332],[40.5455,-11.0665],[40.61,-10.662],[40.4625,-10.464],[39.9875,-10.8215],[39.3215,-11.122],[38.796,-11.2295],[38.4935,-11.4135],[38.1765,-11.278],[37.885,-11.3165],[37.831,-11.4815],[37.374,-11.7105],[36.8735,-11.5715],[36.517,-11.7155],[36.193,-11.6705],[36.0815,-11.537],[35.786,-11.4535],[35.6315,-11.582],[34.958,-11.5785],[34.6595,-11.589],[34.3605,-12.2105],[34.483,-12.667],[34.562,-13.3595],[34.85,-13.516],[35.246,-13.896],[35.8475,-14.6705],[35.894,-14.8925],[35.754,-16.059],[35.358,-16.16],[35.293,-16.2465],[35.185,-16.5055],[35.167,-16.561],[35.282,-16.8075],[35.2895,-17.0975],[35.124,-17.127],[35.113,-16.8995],[34.933,-16.7605],[34.76,-16.568],[34.6125,-16.4325],[34.5295,-16.3195],[34.3965,-16.2],[34.249,-15.8875],[34.5405,-15.297],[34.5045,-14.5975],[34.3315,-14.408],[33.637,-14.568],[33.2015,-14.014],[31.729,-14.4965],[30.674,-14.8195],[30.2315,-14.99],[30.397,-15.6425],[30.4365,-15.995],[31.2355,-16.0245],[31.6895,-16.2135],[31.9415,-16.429],[32.2435,-16.448],[32.4525,-16.5155],[32.636,-16.5885],[32.7405,-16.677],[32.9495,-16.712],[32.8775,-16.8835],[32.971,-17.252],[32.953,-17.7655],[32.996,-18.3125],[32.899,-18.689],[32.7225,-18.828],[32.827,-19.059],[32.7765,-19.389],[33.007,-19.873],[32.672,-20.5155],[32.4775,-20.7135],[32.3695,-21.335],[31.43,-22.2985],[31.286,-22.4025]]]},"properties":{"name":"Mozambique"},"id":"MOZ"},{"type":"Feature","geometry":{"type":"Polygon","coordinates":[[[-12.2815,14.8085],[-12.105,14.7445],[-11.871,14.9945],[-11.7595,15.425],[-11.504,15.637],[-10.8955,15.1505],[-10.6975,15.4235],[-9.9415,15.373],[-9.1785,15.496],[-7.7635,15.496],[-5.5135,15.496],[-5.3585,16.2825],[-5.6285,16.569],[-5.769,17.805],[-5.913,19.048],[-6.0825,20.5395],[-6.3125,22.5285],[-6.482,24.02],[-6.5935,24.994],[-4.822,24.9955],[-6.8025,26.1795],[-8.685,27.2855],[-8.6815,25.9955],[-10.5605,25.9955],[-12.015,25.9955],[-12.015,24.3795],[-12.0225,23.468],[-12.62,23.272],[-13.0305,23.001],[-13.167,22.7525],[-13.106,22.56],[-13.016,21.3345],[-13.8545,21.3325],[-15.691,21.331],[-16.965,21.329],[-17.048,20.8065],[-16.875,21.086],[-16.623,20.635],[-16.429,20.652],[-16.209,20.2285],[-16.285,19.7875],[-16.515,19.3625],[-16.213,19.003],[-16.087,18.522],[-16.029,17.8885],[-16.0795,17.5465],[-16.465,16.602],[-16.537,16.286],[-16.537,15.838],[-16.4395,16.2045],[-16.238,16.531],[-15.77,16.4855],[-15.122,16.604],[-14.9925,16.6765],[-14.535,16.656],[-14.301,16.5795],[-13.869,16.149],[-13.556,16.1435],[-13.347,15.9735],[-13.257,15.701],[-12.9945,15.505],[-12.8575,15.2425],[-12.2815,14.8085]]]},"properties":{"name":"Mauritania"},"id":"MRT"},{"type":"Feature","id":"MSR","properties":{"name":"Montserrat"},"geometry":{"type":"Polygon","coordinates":[[[-62.149,16.741],[-62.153,16.682],[-62.221,16.699],[-62.225,16.7515],[-62.1925,16.805],[-62.1745,16.8105],[-62.149,16.741]]]}},{"type":"Feature","id":"MUS","properties":{"name":"Mauritius"},"geometry":{"type":"Polygon","coordinates":[[[57.653,-20.484],[57.523,-20.5135],[57.383,-20.5035],[57.329,-20.4495],[57.318,-20.427],[57.365,-20.406],[57.361,-20.3385],[57.3865,-20.229],[57.415,-20.184],[57.487,-20.144],[57.516,-20.0555],[57.577,-19.9965],[57.6565,-19.9895],[57.7355,-20.099],[57.793,-20.2135],[57.7825,-20.326],[57.725,-20.3695],[57.707,-20.4355],[57.653,-20.484]]]}},{"type":"Feature","geometry":{"type":"Polygon","coordinates":[[[33.2015,-14.014],[33.637,-14.568],[34.3315,-14.408],[34.5045,-14.5975],[34.5405,-15.297],[34.249,-15.8875],[34.3965,-16.2],[34.5295,-16.3195],[34.6125,-16.4325],[34.76,-16.568],[34.933,-16.7605],[35.113,-16.8995],[35.124,-17.127],[35.2895,-17.0975],[35.282,-16.8075],[35.167,-16.561],[35.185,-16.5055],[35.293,-16.2465],[35.358,-16.16],[35.754,-16.059],[35.894,-14.8925],[35.8475,-14.6705],[35.246,-13.896],[34.85,-13.516],[34.562,-13.3595],[34.483,-12.667],[34.3605,-12.2105],[34.6595,-11.589],[34.958,-11.5785],[34.598,-11.037],[34.663,-10.7105],[34.5835,-10.525],[34.5225,-10.03],[34.321,-9.7315],[33.997,-9.4955],[33.943,-9.6725],[33.421,-9.608],[32.9205,-9.407],[32.996,-9.622],[33.194,-9.6255],[33.3525,-9.8615],[33.313,-10.0385],[33.529,-10.235],[33.6585,-10.5905],[33.2625,-10.893],[33.3815,-11.1585],[33.2265,-11.535],[33.302,-11.8875],[33.2515,-12.113],[33.3995,-12.49],[33.0215,-12.6305],[32.9675,-13.224],[32.672,-13.6095],[33.0105,-14.0245],[33.2015,-14.014]]]},"properties":{"name":"Malawi"},"id":"MWI"},{"type":"Feature","geometry":{"type":"MultiPolygon","coordinates":[[[[100.119,6.441],[100.342,5.9845],[100.353,5.587],[100.475,5.0435],[100.6155,4.6515],[100.6155,4.3735],[100.7955,4.023],[100.7165,3.9655],[101.2995,3.254],[101.296,2.886],[101.519,2.6845],[101.782,2.5735],[102.1455,2.249],[102.549,2.042],[102.729,1.8565],[103.355,1.5455],[103.481,1.3285],[103.6935,1.45],[103.9925,1.4555],[103.9815,1.624],[104.176,1.365],[104.2805,1.4155],[104.219,1.7225],[103.8125,2.5805],[103.438,2.9325],[103.4525,3.521],[103.3625,3.7695],[103.4705,4.3925],[103.4165,4.851],[103.197,5.2625],[102.981,5.5245],[102.5345,5.863],[102.34,6.172],[102.1025,6.2415],[101.872,5.825],[101.649,5.7955],[101.555,5.908],[101.2565,5.79],[101.1125,5.6375],[100.983,5.771],[101.0765,5.957],[101.055,6.2435],[100.875,6.245],[100.792,6.4255],[100.3455,6.5505],[100.1765,6.672],[100.119,6.441]]],[[[117.5755,4.1705],[117.741,4.337],[118.0075,4.2505],[118.5475,4.379],[118.594,4.4605],[118.184,4.8285],[118.2595,4.988],[118.6735,4.964],[119.1305,5.101],[119.2495,5.198],[119.224,5.4135],[118.958,5.429],[118.594,5.5925],[118.4575,5.764],[118.1155,5.863],[118.004,6.054],[117.6185,5.941],[117.6475,6.474],[117.2945,6.6775],[117.129,6.969],[116.787,6.606],[116.834,6.9515],[116.751,6.9775],[116.4955,6.521],[116.139,6.1285],[116.06,5.882],[115.797,5.5365],[115.6025,5.6025],[115.419,5.4135],[115.556,5.094],[115.376,4.9325],[115.142,4.8995],[115.3255,4.3805],[115.106,4.391],[115.0265,4.8995],[114.7455,4.7175],[114.8395,4.3925],[114.609,4.0245],[114.2235,4.478],[113.9825,4.5455],[113.925,4.2435],[113.446,3.74],[113.043,3.2055],[112.737,3.07],[111.729,2.8545],[111.4445,2.634],[111.4445,2.3805],[111.243,2.436],[111.268,2.1395],[111.153,1.7385],[111.045,1.634],[111.099,1.4015],[110.35,1.7195],[109.983,1.7175],[109.72,1.858],[109.63,2.0285],[109.54,1.8965],[109.6555,1.615],[110.314,0.9955],[110.505,0.8615],[110.937,1.018],[111.286,1.044],[111.7685,0.999],[112.078,1.143],[112.186,1.44],[112.4775,1.5595],[112.942,1.5665],[113.007,1.4345],[113.6225,1.2365],[113.9035,1.4345],[114.544,1.4675],[114.7025,1.851],[114.832,1.9795],[114.7855,2.2505],[115.1525,2.4935],[115.088,2.8405],[115.246,3.0265],[115.455,3.035],[115.5665,3.4465],[115.57,3.9395],[115.678,4.193],[115.898,4.3495],[116.416,4.3075],[116.5135,4.37],[117.1,4.337],[117.5755,4.1705]]],[[[99.849,6.4655],[99.647,6.4185],[99.7445,6.264],[99.849,6.4655]]]]},"properties":{"name":"Malaysia"},"id":"MYS"},{"type":"Feature","geometry":{"type":"Polygon","coordinates":[[[23.3805,-17.6405],[21.4185,-18],[21.1125,-17.9565],[20.745,-18.019],[20.3925,-17.887],[19.9135,-17.882],[18.956,-17.804],[18.7185,-17.703],[18.398,-17.3995],[16.915,-17.3905],[15.7665,-17.389],[13.9375,-17.389],[13.4045,-17.007],[13.1025,-16.967],[12.548,-17.212],[12.015,-17.1685],[11.7415,-17.25],[11.7775,-18.0015],[12.0945,-18.5415],[12.458,-18.927],[13.041,-20.0275],[13.167,-20.184],[13.4515,-20.9165],[13.8405,-21.4735],[13.9735,-21.767],[14.3225,-22.1905],[14.5245,-22.703],[14.402,-22.9685],[14.474,-23.281],[14.5025,-24.2025],[14.8375,-25.0325],[14.8445,-25.725],[14.967,-26.319],[15.1615,-26.6],[15.133,-26.7875],[15.3415,-27.3865],[15.7195,-27.9665],[16.447,-28.6175],[16.724,-28.475],[16.933,-28.069],[17.055,-28.0305],[17.3865,-28.3535],[17.4475,-28.699],[18.3115,-28.8865],[18.5995,-28.855],[19.2475,-28.902],[19.273,-28.777],[19.6725,-28.5045],[19.982,-28.4505],[19.982,-26.975],[19.982,-24.7775],[19.9785,-23.675],[19.9785,-21.9995],[20.972,-21.9995],[20.979,-20.5605],[20.9755,-18.3195],[22.0125,-18.198],[23.0995,-18.0105],[23.2975,-18.028],[23.582,-18.453],[24.3595,-17.9775],[24.529,-18.052],[24.9105,-17.821],[25.2595,-17.7935],[24.932,-17.5435],[24.273,-17.481],[23.3805,-17.6405]]]},"properties":{"name":"Namibia"},"id":"NAM"},{"type":"Feature","id":"NCL","properties":{"name":"New Caledonia"},"geometry":{"type":"MultiPolygon","coordinates":[[[[164.203,-20.2465],[164.3145,-20.309],[164.437,-20.283],[164.588,-20.382],[164.977,-20.6805],[165.1105,-20.7445],[165.193,-20.769],[165.2505,-20.8175],[165.3085,-20.887],[165.3805,-20.9355],[165.4125,-20.9805],[165.42,-21.043],[165.4485,-21.0815],[165.582,-21.1805],[165.661,-21.267],[165.7765,-21.3125],[165.823,-21.3645],[165.8845,-21.3885],[165.949,-21.4425],[166.057,-21.484],[166.302,-21.637],[166.4925,-21.7825],[166.5865,-21.873],[166.6905,-21.953],[166.8205,-22.017],[166.9425,-22.09],[167.004,-22.262],[166.9715,-22.3225],[166.8995,-22.354],[166.8345,-22.3555],[166.7735,-22.3765],[166.572,-22.2655],[166.5215,-22.2495],[166.4675,-22.2565],[166.4385,-22.2325],[166.417,-22.196],[166.291,-22.154],[166.176,-22.09],[166.1435,-22.045],[166.1255,-21.9895],[166.0965,-21.9565],[165.9345,-21.9075],[165.823,-21.854],[165.744,-21.7775],[165.6215,-21.7235],[165.427,-21.6145],[165.33,-21.5795],[165.2435,-21.526],[165.0095,-21.326],[164.9265,-21.2895],[164.8545,-21.201],[164.6565,-20.993],[164.5595,-20.906],[164.455,-20.8295],[164.376,-20.7395],[164.3145,-20.6335],[164.1705,-20.4805],[164.1525,-20.415],[164.16,-20.349],[164.124,-20.3055],[164.066,-20.2795],[164.0375,-20.234],[164.041,-20.1735],[164.059,-20.142],[164.203,-20.2465]]],[[[167.544,-22.623],[167.5115,-22.661],[167.472,-22.6525],[167.443,-22.6385],[167.4215,-22.618],[167.443,-22.5415],[167.5295,-22.5795],[167.544,-22.623]]],[[[159.9515,-19.3125],[159.937,-19.333],[159.93,-19.1735],[159.9585,-19.1145],[159.9765,-19.238],[159.9515,-19.3125]]],[[[168.012,-21.4305],[168.0585,-21.4475],[168.138,-21.446],[168.12,-21.616],[168.0045,-21.644],[167.965,-21.642],[167.94,-21.6055],[167.875,-21.5815],[167.8785,-21.524],[167.814,-21.392],[167.9255,-21.373],[167.9865,-21.3385],[167.9865,-21.3695],[167.994,-21.408],[168.012,-21.4305]]],[[[166.5465,-20.6995],[166.4925,-20.708],[166.5575,-20.618],[166.561,-20.5605],[166.5865,-20.451],[166.5825,-20.413],[166.626,-20.418],[166.669,-20.4495],[166.6185,-20.4775],[166.6005,-20.526],[166.6005,-20.585],[166.6225,-20.597],[166.59,-20.6615],[166.5465,-20.6995]]],[[[167.4,-21.1615],[167.346,-21.168],[167.274,-21.097],[167.1335,-21.0605],[167.0725,-20.998],[167.0325,-20.9235],[167.112,-20.9045],[167.191,-20.8035],[167.137,-20.7655],[167.0435,-20.76],[167.0545,-20.7205],[167.2055,-20.6735],[167.2705,-20.701],[167.299,-20.7325],[167.292,-20.892],[167.3605,-20.9425],[167.4325,-21.0555],[167.4285,-21.0865],[167.4,-21.1615]]]]}},{"type":"Feature","id":"NCYPRUS","properties":{"name":"Northern Cyprus"},"geometry":{"type":"Polygon","coordinates":[[[34.004,35.0645],[33.9645,35.0575],[33.9035,35.0855],[33.8675,35.094],[33.8315,35.068],[33.7915,35.049],[33.7555,35.04],[33.727,35.0365],[33.6765,35.0175],[33.6155,35.023],[33.5255,35.0385],[33.475,35],[33.464,35.0055],[33.457,35.101],[33.4245,35.141],[33.385,35.1635],[33.3275,35.153],[33.248,35.1565],[33.1905,35.174],[33.079,35.146],[32.9855,35.1165],[32.9205,35.087],[32.87,35.0885],[32.7835,35.1165],[32.719,35.146],[32.7115,35.1705],[32.773,35.16],[32.881,35.1805],[32.9275,35.278],[32.942,35.391],[33.122,35.358],[33.3095,35.342],[33.4605,35.335],[33.608,35.3545],[34.0615,35.474],[34.1915,35.5455],[34.274,35.5695],[34.411,35.6285],[34.555,35.6615],[34.465,35.594],[33.943,35.292],[33.907,35.2015],[33.932,35.141],[34.004,35.0645]]]}},{"type":"Feature","geometry":{"type":"Polygon","coordinates":[[[13.6065,13.7045],[13.448,14.38],[13.808,14.9665],[14.3695,15.7495],[15.475,16.9075],[15.597,18.3365],[15.734,19.904],[15.95,20.303],[15.5865,20.7335],[15.608,20.954],[15.183,21.5235],[15.1725,21.923],[14.978,22.9955],[14.229,22.619],[13.4805,23.1795],[11.9685,23.5185],[10.9315,22.907],[9.38,21.9905],[7.4825,20.8725],[5.8375,19.4785],[5.7475,19.4335],[4.228,19.1435],[4.2355,16.996],[4.1815,16.581],[3.8755,15.755],[3.519,15.4825],[3.5045,15.3555],[3.062,15.427],[3.0005,15.3415],[1.3015,15.272],[0.9485,14.9825],[0.2285,14.963],[0.218,14.911],[0.164,14.498],[0.3835,14.2465],[0.3545,14.1385],[0.6175,13.703],[0.9775,13.552],[1.2005,13.3575],[0.988,13.3645],[0.988,13.0415],[1.564,12.6355],[2.104,12.701],[2.205,12.413],[2.0575,12.3575],[2.3885,11.8975],[2.367,12.222],[2.878,12.368],[3.5945,11.696],[3.663,11.762],[3.645,12.5295],[3.9475,12.776],[4.088,13.0555],[4.149,13.458],[4.4225,13.6475],[4.822,13.76],[5.2435,13.7565],[5.492,13.873],[6.3845,13.604],[6.806,13.1075],[7.058,13],[7.7885,13.3385],[8.0945,13.2915],[8.75,12.908],[9.2,12.821],[9.6175,12.8105],[9.9305,13.135],[10.1865,13.2705],[10.9605,13.3715],[11.4105,13.354],[11.99,13.1925],[12.1195,13.09],[12.4615,13.0935],[12.656,13.326],[13.3255,13.6715],[13.6065,13.7045]]]},"properties":{"name":"Niger"},"id":"NER"},{"type":"Feature","id":"NFK","properties":{"name":"Norfolk Island"},"geometry":{"type":"Polygon","coordinates":[[[167.94,-29.0185],[167.9615,-29.029],[167.9795,-29.034],[167.9905,-29.0425],[167.9905,-29.0585],[167.9795,-29.0755],[167.9685,-29.0825],[167.965,-29.086],[167.9615,-29.088],[167.9615,-29.093],[167.9615,-29.0965],[167.9545,-29.0825],[167.9435,-29.072],[167.9325,-29.072],[167.9255,-29.0825],[167.922,-29.0825],[167.9185,-29.072],[167.9145,-29.062],[167.911,-29.053],[167.9145,-29.0445],[167.9255,-29.036],[167.9255,-29.029],[167.9185,-29.0255],[167.9075,-29.029],[167.922,-29.013],[167.94,-29.0185]]]}},{"type":"Feature","geometry":{"type":"Polygon","coordinates":[[[13.6065,13.7045],[13.3255,13.6715],[12.656,13.326],[12.4615,13.0935],[12.1195,13.09],[11.99,13.1925],[11.4105,13.354],[10.9605,13.3715],[10.1865,13.2705],[9.9305,13.135],[9.6175,12.8105],[9.2,12.821],[8.75,12.908],[8.0945,13.2915],[7.7885,13.3385],[7.058,13],[6.806,13.1075],[6.3845,13.604],[5.492,13.873],[5.2435,13.7565],[4.822,13.76],[4.4225,13.6475],[4.149,13.458],[4.088,13.0555],[3.9475,12.776],[3.645,12.5295],[3.663,11.762],[3.5945,11.696],[3.4865,11.396],[3.717,11.08],[3.836,10.6075],[3.645,10.4095],[3.5585,9.908],[3.3245,9.778],[3.1375,9.4515],[3.044,9.0835],[2.774,9.0485],[2.6875,7.8735],[2.752,7.3945],[2.774,6.712],[2.7055,6.37],[3.3355,6.396],[3.429,6.5245],[3.753,6.5835],[3.4865,6.408],[4.1275,6.4115],[4.43,6.349],[4.862,6.0265],[5.1715,5.6025],[5.3875,5.4015],[5.384,5.129],[5.589,4.648],[6.075,4.2905],[7.0145,4.398],[7.2845,4.547],[7.7995,4.523],[8.2925,4.5575],[8.253,4.924],[8.5555,4.7555],[8.8005,5.198],[8.9335,5.7815],[9.0595,6.009],[9.6605,6.5315],[9.7795,6.7605],[10.143,6.9965],[10.2045,6.891],[10.4815,6.891],[10.6075,7.0625],[11.0325,6.698],[11.1545,6.4375],[11.5505,6.698],[11.5795,6.889],[11.8605,7.1165],[11.7665,7.2725],[12.015,7.5905],[12.2345,8.283],[12.404,8.5955],[12.584,8.6235],[12.807,8.887],[12.9295,9.427],[13.1745,9.54],[13.2715,10.0365],[13.4155,10.172],[13.5345,10.606],[13.8905,11.1405],[14.5605,11.493],[14.6285,12.1095],[14.5205,12.2985],[14.1965,12.3835],[14.0635,13.078],[13.6065,13.7045]]]},"properties":{"name":"Nigeria"},"id":"NGA"},{"type":"Feature","geometry":{"type":"Polygon","coordinates":[[[-83.159,14.993],[-83.537,14.977],[-83.868,14.795],[-84.538,14.6335],[-84.862,14.8105],[-84.984,14.753],[-85.373,14.2235],[-85.787,13.8455],[-86.039,14.05],[-86.3305,13.7705],[-86.734,13.7635],[-86.7125,13.314],[-86.9175,13.224],[-87.058,12.991],[-87.3385,12.979],[-87.544,13.0395],[-87.6665,12.9045],[-86.7555,12.156],[-86.4675,11.7375],[-85.96,11.3315],[-85.744,11.0625],[-85.5855,11.189],[-84.9085,10.946],[-84.7,11.052],[-84.347,10.979],[-84.167,10.781],[-83.8105,10.743],[-83.6415,10.9165],[-83.868,11.3005],[-83.652,11.6425],[-83.8285,11.861],[-83.681,12.024],[-83.652,12.2865],[-83.753,12.5015],[-83.5765,12.6665],[-83.512,12.4115],[-83.566,13.321],[-83.411,13.9965],[-83.188,14.34],[-83.303,14.802],[-83.159,14.993]]]},"properties":{"name":"Nicaragua"},"id":"NIC"},{"type":"Feature","id":"NIU","properties":{"name":"Niue"},"geometry":{"type":"Polygon","coordinates":[[[-169.8045,-19.0835],[-169.9055,-19.137],[-169.9485,-19.073],[-169.909,-18.9895],[-169.8625,-18.9685],[-169.8335,-18.965],[-169.794,-19.0435],[-169.8045,-19.0835]]]}},{"type":"Feature","geometry":{"type":"MultiPolygon","coordinates":[[[[5.9925,50.751],[5.895,50.9835],[6.129,51.147],[6.194,51.489],[5.949,51.763],[6.741,51.9105],[6.723,52.0805],[7.0365,52.381],[6.7485,52.4645],[6.7485,52.6345],[7.0145,52.633],[7.191,52.999],[7.1985,53.282],[6.8165,53.442],[6.0605,53.407],[5.5315,53.268],[5.3585,53.0965],[4.678,52.81],[4.484,52.31],[3.9475,51.81],[4.1815,51.6105],[3.4505,51.541],[3.8215,51.409],[4.2245,51.3865],[4.7575,51.4905],[5.8265,51.126],[5.6395,50.843],[5.9925,50.751]]],[[[4.2245,51.3865],[3.35,51.3775],[3.9005,51.2075],[4.2245,51.3865]]]]},"properties":{"name":"Netherlands"},"id":"NLD"},{"type":"Feature","geometry":{"type":"MultiPolygon","coordinates":[[[[20.623,69.0365],[21.62,69.2705],[21.991,69.0415],[22.081,68.993],[22.3005,68.8555],[22.412,68.7205],[23.323,68.649],[23.8555,68.8055],[24.943,68.5935],[25.7495,68.9895],[25.7675,69.076],[25.7495,69.2305],[26.012,69.6525],[26.527,69.9145],[27.11,69.9045],[27.8915,70.0625],[28.4135,69.8225],[29.1405,69.6715],[29.335,69.4735],[28.8455,69.177],[28.964,69.0225],[29.389,69.2985],[29.9935,69.392],[30.2275,69.6335],[30.8615,69.538],[30.8685,69.783],[29.6375,69.7795],[29.6015,69.977],[28.7805,70.1455],[29.9255,70.097],[30.944,70.274],[30.595,70.524],[30.2135,70.543],[29.101,70.861],[28.6075,70.76],[28.165,70.288],[28.3915,70.9755],[28.1435,71.043],[27.596,71.0915],[27.3335,70.996],[27.236,70.9475],[27.5565,70.828],[26.5845,70.4095],[26.7355,70.854],[26.5055,70.913],[25.0435,70.109],[25.274,70.552],[25.7675,70.854],[25.2635,70.8435],[25.0435,70.9285],[24.831,70.979],[24.7665,71.0085],[24.6585,71.0015],[24.4425,70.892],[24.2625,70.826],[24.421,70.703],[23.3805,70.248],[23.258,69.993],[22.6855,70.3745],[21.357,70.234],[21.8935,70.005],[21.933,69.814],[21.433,70.0135],[20.623,69.9145],[20.486,69.5415],[20.389,69.868],[20.0685,69.8835],[19.64,69.4235],[19.723,69.781],[19.197,69.748],[18.625,69.434],[18.2935,69.4755],[18.103,69.156],[17.703,69.1005],[17.545,69.0015],[17.491,68.8785],[17.39,68.8],[16.652,68.6265],[16.5835,68.467],[17.552,68.427],[16.389,68.3885],[16.2595,67.887],[16.0075,68.229],[15.05,67.9565],[14.78,67.675],[15.3055,67.7655],[15.464,67.4515],[14.9635,67.5745],[14.4485,67.2985],[15.435,67.2465],[14.1105,67.1195],[13.2105,66.6405],[13.1205,66.231],[13.9735,66.3195],[13.6745,66.1805],[12.7855,66.1005],[12.818,65.953],[12.3465,65.63],[12.159,65.179],[11.4895,64.976],[11.349,64.9065],[11.5255,64.745],[10.5645,64.4185],[9.614,63.7955],[9.9235,63.521],[10.935,63.771],[11.306,64.0485],[11.3705,63.8055],[10.7265,63.625],[10.7585,63.462],[9.9775,63.396],[9.6965,63.625],[8.8435,63.646],[8.397,63.535],[8.5805,63.3125],[8.102,63.0905],[7.5725,63.099],[7.0075,62.9585],[6.7805,62.7015],[8.0445,62.771],[7.6915,62.5855],[6.7445,62.6375],[6.273,62.5835],[5.1425,62.16],[5.1605,61.957],[6.1325,61.8525],[6.0175,61.7865],[4.984,61.9015],[4.9265,61.7105],[5.337,61.4845],[5.0025,61.4345],[5.3265,61.108],[6.6585,61.207],[7.544,61.1775],[7.04,61.0905],[5.985,61.1165],[5.0095,61.0385],[5.049,60.707],[5.2435,60.57],[5.1105,59.667],[5.4955,59.825],[6.1545,60.346],[6.806,60.5005],[6.525,60.153],[6.518,60.4085],[6.14,60.233],[5.7295,59.863],[6.212,59.832],[5.7725,59.66],[5.474,59.714],[5.186,59.4535],[5.1715,59.162],[5.3625,59.167],[6.2805,59.535],[5.9525,59.299],[5.888,59.061],[6.1005,58.87],[5.6105,59.0125],[5.517,58.726],[5.708,58.523],[6.3885,58.268],[6.554,58.124],[7.4645,58.0215],[8.1665,58.1445],[8.523,58.301],[9.6965,59.009],[10.179,59.009],[10.568,59.587],[10.8345,59.1845],[11.3885,59.037],[11.6445,58.926],[11.799,59.2905],[11.6805,59.5925],[11.9325,59.863],[12.4865,60.1065],[12.5875,60.45],[12.296,61.002],[12.6845,61.047],[12.879,61.3525],[12.1555,61.721],[12.303,62.285],[12.116,62.592],[12.2165,63],[12.0005,63.292],[12.1735,63.5955],[12.663,63.941],[13.3005,64.075],[13.959,64.014],[14.1425,64.1735],[14.078,64.4635],[13.6495,64.5815],[14.114,64.9465],[14.3515,65.17],[14.481,65.302],[14.636,65.8455],[14.5425,66.13],[15.4855,66.3055],[15.4245,66.4895],[16.4035,67.0555],[16.1265,67.4255],[16.587,67.6285],[16.785,67.8955],[17.325,68.104],[17.9155,67.965],[18.38,68.5625],[19.971,68.356],[20.3205,68.7535],[20.3385,68.899],[20.281,68.934],[20.115,69.0205],[20.623,69.0365]]],[[[23.4415,70.8155],[21.9945,70.6575],[22.358,70.5155],[23.067,70.5935],[23.4415,70.8155]]],[[[25.5875,71.142],[25.3135,71.0345],[25.483,71.019],[25.5835,70.9615],[25.76,70.9545],[26.0015,70.9755],[26.1345,70.996],[25.5875,71.142]]],[[[23.6145,70.55],[22.941,70.444],[23.161,70.2825],[23.6145,70.55]]],[[[13.8725,68.2655],[13.538,68.25],[13.2285,67.9945],[13.779,68.106],[13.8725,68.2655]]],[[[15.2085,68.9425],[15.176,68.9805],[15.129,69.0035],[15.1005,69.0085],[15.039,69],[15.039,68.894],[14.8735,68.913],[14.8015,68.7915],[14.553,68.8195],[14.5205,68.6335],[15.223,68.616],[15.2085,68.9425]]],[[[19.255,70.0655],[19.2115,70.248],[18.3475,69.767],[18.2755,69.536],[18.783,69.5795],[19.593,69.97],[19.255,70.0655]]],[[[17.5015,69.597],[17.001,69.3625],[17.1595,69.026],[17.487,69.196],[17.9515,69.1975],[18.0055,69.505],[17.5015,69.597]]],[[[15.759,68.5605],[15.9285,68.7325],[15.907,68.908],[15.835,68.96],[15.813,69.024],[16.1155,69.217],[15.8925,69.2775],[15.482,69.043],[15.439,68.979],[15.4425,68.92],[15.565,68.873],[15.4135,68.616],[15.097,68.441],[14.5855,68.401],[14.258,68.191],[15.338,68.3785],[15.914,68.3885],[16.519,68.6335],[16.328,68.8765],[15.759,68.5605]]],[[[-8.955,70.84],[-8.6345,70.9405],[-8.3035,70.9805],[-8.001,71.0415],[-8.343,71.1405],[-8.5195,71.031],[-8.966,70.9165],[-8.955,70.84]]],[[[21.609,78.5965],[20.3635,78.515],[21.2095,78.006],[21.6525,77.923],[21.051,77.4405],[22.7325,77.539],[22.801,77.2755],[24.903,77.756],[23.1175,77.9925],[23.4525,78.1505],[22.3005,78.2285],[22.045,78.5775],[21.609,78.5965]]],[[[20.8965,80.249],[19.615,80.4625],[19.7515,80.2265],[17.9155,80.143],[18.855,80.0375],[18.254,79.9295],[18.9415,79.737],[20.785,79.749],[19.676,79.591],[20.8605,79.3985],[22.8655,79.4125],[22.905,79.23],[23.949,79.1935],[25.6415,79.4035],[27.2,79.907],[26.8615,80.1605],[25.8355,80.1745],[24.2985,80.36],[23.114,80.1865],[23.3155,80.4245],[22.4515,80.402],[22.2895,80.0495],[20.8965,80.249]]],[[[16.785,79.907],[16.094,80.008],[15.817,79.6815],[16.2955,78.982],[14.5925,79.7995],[13.9555,79.3395],[13.3325,79.5755],[13.6925,79.8605],[12.2885,79.7125],[10.8665,79.796],[10.737,79.52],[11.2085,79.1295],[11.5795,79.284],[12.2745,78.9035],[11.547,78.9835],[11.774,78.716],[13.149,78.237],[14.6395,78.414],[14.4665,78.6745],[15.385,78.772],[15.417,78.473],[16.7815,78.664],[16.778,78.35],[13.682,78.029],[13.79,77.8535],[14.6035,77.7665],[16.8535,77.9105],[17.0335,77.798],[14.9205,77.6885],[14.0705,77.5635],[14.366,77.2335],[16.699,76.579],[17.0625,76.659],[17.1525,77.0495],[17.847,77.4975],[18.229,77.522],[18.4375,78.0255],[19.7695,78.6225],[21.3895,78.7405],[20.162,79.145],[19.089,79.157],[17.955,79.704],[16.785,79.907]]],[[[11.252,78.6105],[10.557,78.9035],[11.1225,78.463],[11.9645,78.225],[11.252,78.6105]]]]},"properties":{"name":"Norway"},"id":"NOR"},{"type":"Feature","geometry":{"type":"Polygon","coordinates":[[[88.109,27.8705],[87.6845,27.822],[87.1405,27.839],[86.554,28.0855],[86.41,27.9295],[86.0785,28.084],[85.9525,27.9275],[85.679,28.2765],[85.121,28.3165],[85.1605,28.5925],[84.714,28.596],[84.228,28.912],[84.102,29.2195],[83.9365,29.28],[83.584,29.183],[83.1555,29.6135],[82.853,29.683],[82.158,30.115],[82.043,30.327],[81.6435,30.3875],[81.4165,30.3375],[81.2545,30.0925],[81.01,30.1635],[80.549,29.9],[80.254,29.424],[80.07,28.8305],[80.4195,28.6115],[80.5165,28.6655],[81.168,28.3355],[81.312,28.176],[81.852,27.867],[81.989,27.914],[82.45,27.6725],[82.6765,27.6745],[82.734,27.52],[83.2885,27.3705],[83.447,27.466],[83.8285,27.3775],[84.0915,27.492],[84.61,27.2995],[84.6855,27.0405],[85.294,26.7405],[85.5675,26.839],[85.7365,26.6395],[86.0065,26.65],[86.7015,26.435],[87.0145,26.5565],[87.2885,26.36],[88.055,26.4295],[88.163,26.7245],[87.983,27.1345],[88.1485,27.749],[88.109,27.8705]]]},"properties":{"name":"Nepal"},"id":"NPL"},{"type":"Feature","id":"NRU","properties":{"name":"Nauru"},"geometry":{"type":"Polygon","coordinates":[[[166.957,-0.5165],[166.939,-0.5515],[166.9175,-0.546],[166.9065,-0.5235],[166.914,-0.4995],[166.939,-0.489],[166.957,-0.4975],[166.957,-0.5165]]]}},{"type":"Feature","geometry":{"type":"MultiPolygon","coordinates":[[[[173.1165,-41.28],[172.987,-40.8475],[172.7675,-40.773],[172.6415,-40.5175],[172.2745,-40.759],[172.141,-40.9465],[172.0115,-41.4445],[171.8315,-41.655],[171.486,-41.7955],[171.252,-42.4015],[171.0285,-42.6965],[169.8585,-43.4255],[168.8075,-43.9915],[168.3685,-44.0815],[167.0255,-45.1235],[167.155,-45.4115],[166.9105,-45.3075],[166.734,-45.5435],[166.9535,-45.75],[166.5145,-45.8125],[166.651,-46.0415],[166.9175,-45.9565],[166.7305,-46.198],[167.3675,-46.2415],[167.6805,-46.1925],[167.8425,-46.3665],[168.1885,-46.363],[168.3825,-46.606],[169.099,-46.63],[169.686,-46.552],[170.4205,-45.941],[170.7765,-45.8715],[170.701,-45.684],[171.133,-44.9775],[171.2305,-44.521],[171.4425,-44.1355],[172.1805,-43.896],[172.7495,-43.8125],[173.0665,-43.875],[173.0735,-43.6755],[172.807,-43.6215],[172.735,-43.3545],[172.89,-43.1235],[173.221,-42.976],[173.545,-42.5175],[174.283,-41.74],[174.0925,-41.5055],[174.301,-41.0195],[173.7395,-40.988],[173.232,-41.285],[173.1165,-41.28]]],[[[168.145,-46.863],[167.785,-46.6995],[167.7995,-46.906],[167.5225,-47.2585],[168.2425,-47.0695],[168.145,-46.863]]],[[[173.268,-34.9345],[172.9655,-34.5355],[173.0445,-34.4295],[172.7065,-34.4555],[173.1925,-35.0165],[173.1165,-35.2055],[173.9445,-36.176],[173.916,-36.018],[174.2545,-36.249],[174.391,-36.24],[174.402,-36.6015],[174.1895,-36.492],[174.474,-36.9415],[174.7835,-36.9435],[174.9275,-37.0855],[174.5855,-37.098],[174.9275,-37.8045],[174.715,-38.226],[174.5965,-38.785],[174.3985,-38.962],[173.8045,-39.169],[173.934,-39.509],[174.3515,-39.6425],[174.5675,-39.813],[175.0105,-39.952],[175.255,-40.2885],[175.1615,-40.622],[174.636,-41.29],[174.8735,-41.278],[174.906,-41.4325],[175.165,-41.417],[175.309,-41.6115],[175.9825,-41.214],[176.3855,-40.667],[176.843,-40.1585],[177.109,-39.674],[176.9545,-39.3665],[177.408,-39.082],[177.786,-39.1115],[177.9085,-39.24],[177.977,-38.7225],[178.2685,-38.551],[178.3945,-37.9605],[178.535,-37.6915],[178.009,-37.5545],[177.336,-37.99],[176.771,-37.8895],[176.0365,-37.601],[175.878,-36.957],[175.4605,-36.4765],[175.5685,-37.1585],[175.385,-37.207],[175.2985,-36.9935],[174.7225,-36.841],[174.8015,-36.3095],[174.391,-35.773],[174.582,-35.7855],[174.319,-35.247],[173.844,-35.0265],[173.268,-34.9345]]],[[[166.2225,-50.762],[166.1005,-50.5395],[165.9705,-50.819],[166.2225,-50.762]]],[[[183.823,-43.7395],[183.4345,-43.717],[183.1535,-43.825],[183.4775,-43.901],[183.402,-44.1075],[183.665,-44.0485],[183.618,-43.8665],[183.823,-43.7395]]]]},"properties":{"name":"New Zealand"},"id":"NZL"},{"type":"Feature","geometry":{"type":"MultiPolygon","coordinates":[[[[58.722,20.218],[58.9525,20.5165],[58.884,20.68],[58.643,20.338],[58.722,20.218]]],[[[53.0845,16.649],[53.61,16.76],[54.067,17.005],[54.5675,17.031],[54.7725,16.965],[55.0645,17.0395],[55.295,17.3815],[55.255,17.5865],[55.4785,17.8435],[56.2705,17.951],[56.551,18.166],[56.6555,18.588],[56.825,18.753],[57.1775,18.902],[57.811,19.017],[57.714,19.607],[57.8615,20.244],[58.103,20.5705],[58.211,20.4245],[58.4735,20.4075],[58.895,21.112],[59.37,21.4995],[59.7985,22.2195],[59.8235,22.5095],[59.5355,22.579],[59.0315,23.131],[58.7725,23.5165],[58.578,23.6435],[57.6095,23.803],[57.221,23.923],[56.911,24.15],[56.641,24.4695],[56.389,24.98],[56.065,24.7385],[56.0005,24.954],[55.795,24.869],[55.759,24.242],[55.986,24.0635],[55.4675,23.942],[55.507,23.725],[55.201,23.034],[55.187,22.704],[55.6405,22.001],[54.978,19.996],[53.8405,19.6155],[51.979,18.996],[52.728,17.3],[52.8,17.2685],[53.0845,16.649]]],[[[56.299,25.65],[56.375,25.8045],[56.429,26.327],[56.0795,26.063],[56.166,26.0475],[56.1445,25.69],[56.299,25.65]]]]},"properties":{"name":"Oman"},"id":"OMN"},{"type":"Feature","geometry":{"type":"Polygon","coordinates":[[[76.7655,35.6615],[76.553,35.8875],[76.146,35.8285],[75.905,36.0885],[75.9735,36.382],[75.84,36.6495],[75.4225,36.738],[75.347,36.9135],[74.5405,37.0225],[74.0005,36.823],[73.77,36.889],[72.6215,36.83],[72.1575,36.7015],[71.772,36.4325],[71.621,36.436],[71.1855,36.042],[71.3435,35.9395],[71.5705,35.547],[71.621,35.1825],[70.9655,34.5295],[71.0955,34.37],[71.052,34.049],[70.415,33.95],[69.9935,34.0525],[69.8675,33.898],[70.134,33.62],[70.26,33.2885],[69.9215,33.113],[69.5005,33.0195],[69.407,32.6825],[69.2415,32.4345],[69.281,31.936],[68.8705,31.634],[68.597,31.8025],[68.1615,31.8025],[67.578,31.5075],[67.7365,31.344],[67.2865,31.2175],[66.923,31.306],[66.3975,30.912],[66.2855,30.608],[66.3075,30.3215],[66.1775,29.8355],[65.094,29.5595],[64.5215,29.565],[64.1005,29.391],[63.5675,29.499],[62.477,29.4085],[60.8425,29.858],[61.3175,29.372],[61.6235,28.792],[61.89,28.5455],[62.3545,28.4155],[62.563,28.235],[62.7505,28.2525],[62.8115,27.497],[62.754,27.2665],[63.168,27.2525],[63.305,27.124],[63.168,26.6655],[62.441,26.5615],[62.239,26.3565],[61.8685,26.242],[61.6705,25.768],[61.5875,25.202],[61.7425,25.138],[62.315,25.1345],[62.574,25.2545],[63.492,25.211],[63.557,25.353],[64.151,25.334],[64.6585,25.185],[64.777,25.308],[65.681,25.355],[66.2355,25.4645],[66.4295,25.5755],[66.6995,25.2265],[66.7035,24.86],[67.1715,24.756],[67.308,24.1745],[67.668,23.8115],[67.859,23.902],[68.1145,23.7525],[68.165,23.857],[68.723,23.9645],[68.7265,24.2665],[69.558,24.2735],[69.7165,24.1725],[70.548,24.4175],[70.7175,24.2385],[71.045,24.4],[71.0485,24.6885],[70.6525,25.4225],[70.649,25.6675],[70.2635,25.7075],[70.0765,26.072],[70.1555,26.471],[69.7345,26.6275],[69.4715,26.8045],[69.569,27.1745],[69.8965,27.473],[70.145,27.8495],[70.404,28.025],[70.8755,27.714],[71.1855,27.832],[71.8695,27.9625],[72.341,28.7525],[72.9025,29.0285],[73.1295,29.3635],[73.3815,29.9345],[73.8095,30.0925],[73.8995,30.4345],[74.339,30.893],[74.634,31.035],[74.519,31.186],[74.5945,31.4655],[74.5115,31.712],[74.7385,31.9485],[75.2535,32.141],[75.3325,32.28],[74.987,32.462],[74.6595,32.5195],[74.663,32.7575],[74.3535,32.7695],[74.303,32.9915],[73.9935,33.2415],[74.1515,33.507],[74.0005,33.7885],[74.2455,33.99],[73.95,34.0195],[73.8095,34.325],[73.961,34.653],[74.2995,34.766],[75.1885,34.639],[75.7105,34.5035],[76.042,34.6705],[76.596,34.7365],[76.9995,34.9915],[77.05,35.1095],[76.7655,35.6615]]]},"properties":{"name":"Pakistan"},"id":"PAK"},{"type":"Feature","geometry":{"type":"MultiPolygon","coordinates":[[[[-77.374,8.658],[-78.083,9.236],[-78.504,9.4065],[-78.9325,9.429],[-79.0155,9.5105],[-79.577,9.5975],[-80.128,9.21],[-80.675,9.0225],[-80.837,8.887],[-81.3555,8.7815],[-81.546,8.8265],[-81.8955,9.1405],[-81.78,8.9565],[-82.079,8.934],[-82.2445,9.0315],[-82.3705,9.429],[-82.565,9.5765],[-82.8025,9.592],[-82.9395,9.4495],[-82.9395,9.061],[-82.727,8.9165],[-82.918,8.7395],[-82.86,8.453],[-83.022,8.316],[-82.878,8.0715],[-82.8675,8.2465],[-82.68,8.3215],[-82.234,8.311],[-82.158,8.1945],[-81.726,8.1375],[-81.503,7.7205],[-81.2185,7.6215],[-81.1575,7.8545],[-81.035,7.712],[-80.844,7.2205],[-80.4375,7.2745],[-80.286,7.4255],[-80.0125,7.5],[-80.074,7.667],[-80.459,8.0765],[-80.369,8.2885],[-80.124,8.349],[-79.75,8.5955],[-79.6885,8.851],[-79.44,9.0055],[-79.0875,8.9965],[-78.1155,8.3805],[-78.4215,8.061],[-78.1695,7.5435],[-77.8995,7.2295],[-77.705,7.691],[-77.5395,7.566],[-77.352,7.705],[-77.212,8.033],[-77.478,8.4985],[-77.374,8.658]]],[[[-81.604,7.3335],[-81.73,7.6215],[-81.852,7.4535],[-81.604,7.3335]]]]},"properties":{"name":"Panama"},"id":"PAN"},{"type":"Feature","id":"PCN","properties":{"name":"Pitcairn Islands"},"geometry":{"type":"Polygon","coordinates":[[[-128.289,-24.397],[-128.3,-24.413],[-128.3215,-24.399],[-128.343,-24.371],[-128.3505,-24.34],[-128.3285,-24.3225],[-128.3035,-24.333],[-128.289,-24.364],[-128.289,-24.397]]]}},{"type":"Feature","geometry":{"type":"Polygon","coordinates":[[[-69.965,-4.235],[-70.3395,-3.815],[-70.7355,-3.782],[-70.073,-2.751],[-70.0945,-2.659],[-70.9155,-2.218],[-71.3975,-2.3345],[-71.754,-2.152],[-71.9845,-2.3275],[-72.395,-2.428],[-72.6255,-2.3515],[-72.888,-2.409],[-73.1545,-2.2785],[-73.1975,-1.831],[-73.4965,-1.6935],[-73.493,-1.5375],[-73.6655,-1.2495],[-74.2455,-0.97],[-74.418,-0.581],[-74.8035,-0.2005],[-75.138,-0.0495],[-75.286,-0.107],[-75.6315,-0.1575],[-75.264,-0.555],[-75.25,-0.9525],[-75.408,-0.9245],[-75.57,-1.5305],[-76.0885,-2.133],[-76.679,-2.5635],[-77.86,-2.982],[-78.184,-3.35],[-78.346,-3.3965],[-78.4215,-3.777],[-78.6805,-4.3255],[-78.688,-4.5615],[-78.8605,-4.666],[-79.0765,-4.9905],[-79.332,-4.928],[-79.638,-4.4555],[-79.7965,-4.4765],[-80.1385,-4.296],[-80.3835,-4.4645],[-80.488,-4.393],[-80.3545,-4.209],[-80.5095,-4.0705],[-80.178,-3.8775],[-80.326,-3.388],[-80.7975,-3.732],[-81.2835,-4.322],[-81.3375,-4.669],[-81.107,-5.0285],[-81.168,-5.1675],[-80.9415,-5.4745],[-80.884,-5.7595],[-81.0925,-5.813],[-81.143,-6.0565],[-80.812,-6.282],[-80.11,-6.65],[-79.7605,-7.0665],[-79.379,-7.8355],[-79.012,-8.2105],[-78.7635,-8.617],[-78.756,-8.74],[-78.4465,-9.3705],[-78.1875,-10.089],[-77.7375,-10.837],[-77.633,-11.2885],[-77.219,-11.6635],[-77.154,-12.061],[-76.834,-12.3495],[-76.5025,-12.9845],[-76.2255,-13.372],[-76.258,-13.8025],[-76.3765,-13.863],[-75.934,-14.634],[-75.534,-14.8995],[-75.106,-15.4115],[-74.148,-15.9135],[-73.824,-16.153],[-73.3995,-16.304],[-73.2625,-16.389],[-72.9565,-16.521],[-72.7945,-16.6145],[-72.467,-16.7085],[-72.1105,-17.002],[-71.531,-17.295],[-71.3365,-17.6825],[-70.9405,-17.9325],[-70.4185,-18.3455],[-69.9255,-18.2065],[-69.803,-17.8995],[-69.8535,-17.703],[-69.5115,-17.505],[-69.6265,-17.1995],[-69.4395,-17.0885],[-69.0215,-16.6425],[-69.0395,-16.5435],[-69.0325,-16.476],[-69.0075,-16.434],[-68.856,-16.3545],[-68.9135,-16.2625],[-69.216,-16.1495],[-69.4175,-15.6025],[-69.173,-15.2365],[-69.3745,-14.9635],[-69.234,-14.5975],[-68.8815,-14.198],[-69.0755,-13.6825],[-68.982,-13.497],[-68.9785,-12.8805],[-68.687,-12.502],[-69.5795,-10.952],[-69.9615,-10.9295],[-70.3935,-11.0595],[-70.6415,-11.011],[-70.638,-9.8235],[-70.541,-9.438],[-71.2395,-9.966],[-72.1825,-10.004],[-72.3805,-9.511],[-72.8125,-9.41],[-73.2085,-9.412],[-72.971,-9.1205],[-72.9745,-8.9935],[-73.5505,-8.346],[-73.7775,-7.9365],[-73.7195,-7.782],[-74.0005,-7.556],[-73.9645,-7.379],[-73.7485,-7.3355],[-73.7595,-6.905],[-73.1365,-6.466],[-73.2375,-6.098],[-72.978,-5.6345],[-72.888,-5.1225],[-72.6975,-5.067],[-71.844,-4.5045],[-70.973,-4.35],[-70.8,-4.1725],[-70.404,-4.15],[-70.2385,-4.301],[-69.965,-4.235]]]},"properties":{"name":"Peru"},"id":"PER"},{"type":"Feature","geometry":{"type":"MultiPolygon","coordinates":[[[[121.1,18.616],[120.5995,18.508],[120.358,17.6385],[120.423,17.439],[120.4085,16.956],[120.304,16.529],[120.3905,16.222],[120.16,16.048],[119.829,16.326],[119.768,16.0085],[119.89,15.838],[119.9335,15.43],[120.081,14.8505],[120.25,14.793],[120.4375,14.453],[120.5885,14.4825],[120.585,14.8815],[120.9415,14.6455],[120.9235,14.493],[120.6175,14.187],[120.6355,13.8055],[120.8405,13.885],[121.204,13.6405],[121.7765,13.9375],[122.072,13.788],[122.4065,13.493],[122.5145,13.26],[122.6765,13.2535],[122.468,13.887],[122.594,13.908],[122.896,13.592],[123.1625,13.4425],[123.31,13.045],[123.627,12.9115],[123.9185,12.941],[123.879,12.689],[124.059,12.5675],[124.142,13.0365],[123.7855,13.111],[123.818,13.269],[123.548,13.6455],[123.8575,13.8],[123.321,14.0625],[123.231,13.748],[123.058,13.788],[123.0725,13.96],[122.8565,14.2515],[122.4895,14.3225],[122.2015,14.1475],[122.288,13.9965],[122.079,13.9475],[121.766,14.168],[121.647,14.4805],[121.694,14.7375],[121.3915,15.3245],[121.6075,15.67],[121.5965,15.9335],[121.7875,16.078],[122.1365,16.1855],[122.518,17.1245],[122.2375,17.4355],[122.151,17.6645],[122.18,18.0635],[122.2985,18.4025],[122.1475,18.4875],[121.845,18.2945],[121.1,18.616]]],[[[117.3125,8.4395],[117.9895,8.877],[118.1335,9.101],[118.436,9.2555],[118.774,9.7675],[118.7815,9.9165],[119.192,10.061],[119.368,10.328],[119.685,10.552],[119.5265,10.953],[119.5015,11.347],[119.26,10.8455],[119.224,10.4775],[119.0225,10.354],[118.533,9.7935],[118.0255,9.269],[117.885,9.2415],[117.3485,8.7135],[117.3125,8.4395]]],[[[122.4965,11.6145],[121.964,11.8975],[121.892,11.7915],[122.104,11.6425],[122.05,11.097],[121.964,10.8715],[121.989,10.4585],[122.198,10.623],[122.77,10.8245],[122.8025,10.9895],[123.076,11.196],[123.159,11.5365],[122.4965,11.6145]]],[[[123.13,9.0645],[123.321,9.2725],[123.148,9.606],[123.1625,9.8645],[123.566,10.781],[123.512,10.9235],[123.256,10.9945],[122.9825,10.887],[122.817,10.5035],[122.8565,10.087],[122.4715,9.962],[122.41,9.6945],[122.5615,9.4825],[122.8675,9.3195],[122.9935,9.059],[123.13,9.0645]]],[[[124.574,11.3435],[124.329,11.5345],[124.444,10.9235],[124.664,10.962],[124.797,10.6825],[124.779,10.1685],[125.0275,10.033],[124.988,10.368],[125.1425,10.189],[125.2545,10.264],[125.1895,10.585],[125.013,10.7865],[125.0455,11.1355],[124.93,11.373],[124.574,11.3435]]],[[[125.24,12.5275],[125.15,12.573],[124.5665,12.526],[124.293,12.5695],[124.444,12.1525],[124.678,12.0205],[124.8835,11.776],[124.916,11.559],[125.2325,11.146],[125.7045,11.165],[125.492,11.5935],[125.456,11.953],[125.535,12.191],[125.319,12.321],[125.24,12.5275]]],[[[120.704,13.479],[120.4015,13.517],[120.5095,13.26],[120.765,12.9705],[120.776,12.79],[120.963,12.446],[121.2365,12.2185],[121.395,12.3],[121.539,12.6385],[121.521,13.132],[121.204,13.432],[120.704,13.479]]],[[[126.0065,9.321],[125.877,9.514],[125.5205,9.7585],[125.4125,9.6685],[125.535,9.1405],[125.499,9.014],[125.211,9.028],[125.1425,8.868],[124.869,8.9725],[124.732,8.5625],[124.4515,8.606],[124.1995,8.2295],[123.753,8.0575],[123.879,8.1895],[123.85,8.4325],[123.681,8.62],[123.436,8.703],[123.148,8.5155],[122.9105,8.1565],[122.338,8.028],[122.133,7.811],[122.0465,7.363],[121.924,7.2],[121.964,6.969],[122.144,6.95],[122.4965,7.672],[122.792,7.7225],[122.842,7.5295],[123.098,7.7],[123.3895,7.408],[123.494,7.8075],[123.6665,7.818],[123.969,7.665],[124.2065,7.396],[123.987,6.863],[124.077,6.4045],[124.214,6.233],[124.635,5.9985],[125.0345,5.87],[125.2685,6.033],[125.2865,5.632],[125.456,5.6635],[125.6685,5.9795],[125.589,6.4655],[125.402,6.7955],[125.823,7.3335],[126.0785,6.733],[126.1905,6.3095],[126.194,6.8525],[126.4385,7.0125],[126.5825,7.2485],[126.572,7.677],[126.435,7.8335],[126.4605,8.203],[126.3665,8.4845],[126.14,8.627],[126.32,8.8455],[126.194,9.276],[126.0065,9.321]]],[[[123.3715,9.4495],[123.494,9.5885],[123.699,10.1285],[123.951,10.316],[124.052,10.585],[124.0375,11.274],[123.71,10.474],[123.386,9.967],[123.3715,9.4495]]],[[[121.161,6.075],[120.898,6.007],[120.9305,5.896],[121.3915,6.002],[121.161,6.075]]],[[[120.099,12.1685],[119.8975,12.314],[120.009,12.0085],[120.315,12.012],[120.2285,12.2205],[120.099,12.1685]]],[[[120.038,11.703],[120.034,11.9165],[119.8615,11.9545],[120.038,11.703]]],[[[122.648,10.472],[122.673,10.7395],[122.536,10.6075],[122.648,10.472]]],[[[124.5955,9.7865],[124.5775,10.026],[124.174,10.1355],[123.818,9.8175],[123.9365,9.6235],[124.3615,9.63],[124.5955,9.7865]]],[[[120.25,5.257],[120.207,5.3405],[119.829,5.134],[119.9585,5.08],[120.25,5.257]]],[[[122.0935,6.429],[122.288,6.639],[122.0575,6.7415],[121.809,6.613],[121.96,6.415],[122.0935,6.429]]],[[[126.0605,9.7655],[126.1725,9.8005],[126.075,10.059],[126.0605,9.7655]]],[[[125.69,9.915],[125.6685,10.441],[125.4955,10.118],[125.69,9.915]]],[[[121.9135,13.5395],[121.8305,13.328],[122.0035,13.2045],[122.115,13.4635],[121.9135,13.5395]]],[[[122.0935,12.354],[122.144,12.6525],[121.942,12.3855],[122.014,12.106],[122.0935,12.354]]],[[[122.655,12.309],[122.6045,12.491],[122.4245,12.4545],[122.655,12.309]]],[[[123.2815,12.854],[123.044,13.1125],[122.95,13.059],[123.368,12.701],[123.2815,12.854]]],[[[123.717,12.288],[123.2345,12.583],[123.267,12.3955],[123.159,11.925],[123.418,12.1945],[123.53,12.196],[124.0445,11.7515],[124.041,11.967],[123.717,12.288]]],[[[124.354,13.6315],[124.4155,13.8715],[124.2245,14.078],[124.0375,13.663],[124.174,13.531],[124.354,13.6315]]],[[[122.032,15.005],[121.8415,15.038],[121.924,14.8],[122.032,15.005]]],[[[124.61,11.493],[124.5125,11.6875],[124.3615,11.6665],[124.61,11.493]]]]},"properties":{"name":"Philippines"},"id":"PHL"},{"type":"Feature","id":"PLW","properties":{"name":"Palau"},"geometry":{"type":"MultiPolygon","coordinates":[[[[131.1725,3.0265],[131.151,3.0215],[131.1365,3.0245],[131.1365,3.0385],[131.151,3.0545],[131.1725,3.061],[131.187,3.056],[131.187,3.042],[131.1725,3.0265]]],[[[134.5965,7.382],[134.535,7.3615],[134.5065,7.4375],[134.517,7.526],[134.5565,7.594],[134.6,7.6165],[134.607,7.6235],[134.6505,7.712],[134.661,7.6635],[134.6325,7.502],[134.6,7.4375],[134.5965,7.382]]]]}},{"type":"Feature","geometry":{"type":"MultiPolygon","coordinates":[[[[152.9675,-4.756],[153.133,-4.3535],[153.0175,-4.105],[152.179,-3.4105],[151.477,-2.942],[150.8255,-2.572],[150.8255,-2.7125],[151.5775,-3.1535],[151.9735,-3.454],[152.1935,-3.506],[152.6,-3.9955],[152.6795,-4.499],[152.8915,-4.8325],[152.9675,-4.756]]],[[[151.916,-4.296],[151.592,-4.2005],[151.5525,-4.3465],[151.6715,-4.883],[151.3255,-4.961],[151.1385,-5.1135],[150.9515,-5.4245],[150.2995,-5.5355],[150.1055,-5.4295],[150.044,-5.0355],[149.9615,-5.447],[149.8315,-5.5235],[149.245,-5.5735],[149,-5.485],[148.345,-5.544],[148.4025,-5.7645],[148.8095,-5.9155],[149.126,-6.1275],[149.4825,-6.124],[149.6515,-6.2905],[150.4295,-6.277],[151.2285,-5.919],[151.5165,-5.553],[151.8655,-5.565],[152.143,-5.3565],[152.0135,-5.0045],[152.258,-4.954],[152.3985,-4.7315],[152.4055,-4.341],[152.1175,-4.2125],[151.916,-4.296]]],[[[140.9755,-9.1185],[141.134,-9.221],[141.404,-9.15],[141.62,-9.2105],[142.2285,-9.1705],[142.646,-9.3285],[143.366,-8.9605],[143.391,-8.8025],[143.1105,-8.4745],[142.707,-8.2715],[143.096,-8.3115],[143.6145,-8.2005],[143.553,-7.985],[143.942,-7.945],[143.7225,-7.499],[143.899,-7.674],[144.2265,-7.7645],[144.511,-7.5665],[144.8635,-7.631],[144.921,-7.7765],[146.0335,-8.077],[146.185,-8.247],[146.696,-9.025],[146.9625,-9.0595],[147.0165,-9.3875],[147.409,-9.674],[147.553,-9.912],[147.769,-10.07],[148.3845,-10.186],[148.712,-10.167],[148.9355,-10.2555],[149.7525,-10.353],[150.0155,-10.577],[150.3215,-10.655],[150.649,-10.518],[150.4475,-10.308],[150.667,-10.2575],[149.875,-10.0125],[149.7595,-9.806],[149.972,-9.66],[149.4755,-9.589],[149.2015,-9.407],[149.2485,-9.0715],[149.0975,-9.016],[148.5825,-9.051],[148.453,-8.695],[148.2475,-8.5545],[148.1255,-8.103],[147.7255,-7.8755],[147.1895,-7.3775],[146.9625,-6.9295],[147.121,-6.721],[147.812,-6.704],[147.8015,-6.315],[147.3765,-5.9505],[147.0345,-5.919],[146.4045,-5.617],[145.7455,-5.402],[145.7675,-4.8235],[145.3355,-4.3845],[145.087,-4.35],[144.525,-3.855],[144.014,-3.784],[143.51,-3.4315],[142.905,-3.3205],[142.2105,-3.0845],[141.1845,-2.6275],[140.972,-2.6105],[140.9755,-4.0235],[140.9755,-6.346],[140.864,-6.7405],[140.9755,-6.905],[140.9755,-9.1185]]],[[[148.0245,-5.827],[148.0535,-5.612],[147.794,-5.492],[147.7795,-5.6275],[148.0245,-5.827]]],[[[149.767,-1.553],[149.5795,-1.3535],[149.5475,-1.4715],[149.767,-1.553]]],[[[151.081,-10.0195],[150.775,-9.709],[150.9585,-10.0925],[151.232,-10.195],[151.297,-9.957],[151.081,-10.0195]]],[[[150.3465,-9.4935],[150.3215,-9.2645],[150.109,-9.3615],[150.3465,-9.4935]]],[[[151.106,-8.733],[151.117,-8.419],[151.0055,-8.523],[151.106,-8.733]]],[[[147.175,-5.4315],[147.1315,-5.19],[147.0055,-5.3065],[147.175,-5.4315]]],[[[147.067,-1.9595],[146.6565,-1.973],[146.545,-2.2095],[146.7465,-2.1485],[147.2075,-2.1815],[147.4015,-2.0255],[147.067,-1.9595]]],[[[150.4365,-2.6625],[150.4295,-2.4695],[150.2275,-2.3845],[149.9615,-2.473],[150.1665,-2.6605],[150.4365,-2.6625]]],[[[150.53,-9.346],[150.4365,-9.624],[150.8935,-9.667],[150.7895,-9.417],[150.53,-9.346]]],[[[152.6325,-8.959],[152.5135,-9.009],[152.719,-9.167],[152.9675,-9.209],[152.809,-8.9675],[152.6325,-8.959]]],[[[153.536,-11.476],[153.205,-11.3235],[153.3775,-11.5595],[153.7595,-11.587],[153.536,-11.476]]],[[[155.959,-6.6865],[155.822,-6.381],[155.466,-6.145],[155.095,-5.6205],[154.7275,-5.445],[154.7815,-5.971],[155.203,-6.308],[155.21,-6.5265],[155.3435,-6.721],[155.718,-6.8635],[155.959,-6.6865]]],[[[154.6485,-5.433],[154.7275,-5.218],[154.634,-5.0145],[154.5405,-5.11],[154.6485,-5.433]]]]},"properties":{"name":"Papua New Guinea"},"id":"PNG"},{"type":"Feature","geometry":{"type":"Polygon","coordinates":[[[23.6035,51.5185],[23.654,52.041],[23.197,52.256],[23.409,52.5165],[23.845,52.664],[23.888,53.027],[23.485,53.94],[23.3695,54.2005],[22.765,54.3565],[20.209,54.421],[19.604,54.459],[18.9775,54.3495],[18.668,54.4315],[18.3225,54.8375],[17.2605,54.73],[16.5585,54.5545],[16.1875,54.2905],[14.211,53.9505],[14.2145,53.8705],[14.5565,53.8235],[14.582,53.6395],[14.258,53.73],[14.4165,53.284],[14.1285,52.8775],[14.618,52.5285],[14.553,52.36],[14.751,52.0825],[14.6,51.8325],[14.726,51.5235],[15.0175,51.2525],[14.8085,50.8585],[14.9925,51.015],[15.356,50.8115],[16.0075,50.612],[16.418,50.574],[16.209,50.4245],[16.681,50.098],[16.9905,50.237],[16.879,50.4265],[17.415,50.2545],[17.876,49.9715],[18.027,50.0355],[18.5635,49.8795],[18.8335,49.5115],[19.1505,49.4005],[19.442,49.598],[19.773,49.3725],[19.755,49.204],[20.0575,49.1815],[20.162,49.317],[20.6155,49.3915],[20.947,49.317],[21.08,49.4175],[21.638,49.4125],[22.0195,49.2095],[22.538,49.072],[22.808,49.02],[22.6495,49.539],[23.035,49.8985],[23.7115,50.3775],[23.9745,50.4105],[24.104,50.8445],[23.665,51.31],[23.6035,51.5185]]]},"properties":{"name":"Poland"},"id":"POL"},{"type":"Feature","id":"PRI","properties":{"name":"Puerto Rico"},"geometry":{"type":"MultiPolygon","coordinates":[[[[-66.131,18.4455],[-66.0985,18.425],[-66.0695,18.4285],[-66.0915,18.468],[-66.0695,18.468],[-65.879,18.444],[-65.7565,18.4025],[-65.6305,18.3815],[-65.6195,18.2425],[-65.717,18.187],[-65.7815,18.128],[-65.8355,18.057],[-65.9725,17.975],[-66.1345,17.949],[-66.246,17.9475],[-66.2855,17.949],[-66.3255,17.965],[-66.408,17.951],[-66.5125,17.9875],[-66.599,17.9785],[-66.7715,17.9875],[-66.8365,17.9545],[-66.9015,17.9475],[-66.9625,17.9545],[-67.013,17.9685],[-67.1425,17.9665],[-67.1965,17.9945],[-67.175,18.1525],[-67.1715,18.2235],[-67.2035,18.284],[-67.2395,18.3205],[-67.265,18.364],[-67.2145,18.3935],[-67.1715,18.435],[-67.157,18.4995],[-67.1135,18.515],[-67.0595,18.522],[-66.8115,18.4925],[-66.1885,18.475],[-66.1525,18.47],[-66.131,18.4455]]],[[[-65.4255,18.1055],[-65.5045,18.1],[-65.555,18.107],[-65.573,18.1365],[-65.4755,18.1645],[-65.3675,18.161],[-65.303,18.1435],[-65.2955,18.133],[-65.4255,18.1055]]],[[[-67.8735,18.0605],[-67.8805,18.0585],[-67.8915,18.0605],[-67.895,18.062],[-67.902,18.0725],[-67.931,18.0865],[-67.938,18.1],[-67.931,18.116],[-67.92,18.121],[-67.8625,18.123],[-67.8555,18.121],[-67.8445,18.1105],[-67.8445,18.1035],[-67.848,18.0965],[-67.859,18.0795],[-67.8625,18.076],[-67.866,18.0705],[-67.8695,18.062],[-67.8735,18.0605]]]]}},{"type":"Feature","geometry":{"type":"Polygon","coordinates":[[[128.3755,38.623],[127.785,39.0835],[127.3965,39.2085],[127.5475,39.4615],[127.569,39.781],[127.965,39.9965],[128.3035,40.0365],[128.703,40.3175],[129.11,40.491],[129.3405,40.7255],[129.7075,40.8575],[129.758,41.7115],[130.0675,42.045],[130.4565,42.302],[130.6865,42.302],[130.5285,42.536],[130.2475,42.7445],[130.2405,42.892],[129.8985,42.998],[129.7185,42.4755],[129.315,42.413],[128.9225,42.038],[128.0445,41.9875],[128.2925,41.5625],[128.1485,41.387],[127.1805,41.531],[126.903,41.781],[126.6005,41.6405],[126.489,41.3575],[125.9885,40.9045],[125.7295,40.866],[125.4165,40.6595],[124.8905,40.46],[124.3865,40.104],[124.3615,40.0035],[124.6385,39.6145],[124.7755,39.7585],[125.3625,39.526],[125.409,39.288],[125.157,38.8715],[125.3085,38.665],[125.067,38.5575],[124.876,38.2325],[124.6925,38.1285],[125.247,38.0575],[124.988,37.9325],[125.312,37.844],[125.3585,37.724],[125.769,37.986],[126.1185,37.743],[126.3705,37.8785],[126.633,37.7815],[126.6655,37.9165],[127.011,38.2415],[127.2955,38.3125],[128.0405,38.309],[128.3755,38.623]]]},"properties":{"name":"North Korea"},"id":"PRK"},{"type":"Feature","geometry":{"type":"MultiPolygon","coordinates":[[[[-17.192,32.8685],[-17.1705,32.7225],[-16.839,32.648],[-16.6915,32.7575],[-17.192,32.8685]]],[[[-8.7785,41.9405],[-8.8795,41.8315],[-8.6565,41.0295],[-8.8865,40.1785],[-8.8365,40.116],[-9.1495,39.5435],[-9.3765,39.3385],[-9.4735,38.731],[-9.135,38.743],[-9.2145,38.448],[-8.8795,38.446],[-8.804,38.184],[-8.8795,37.9585],[-8.8145,37.4305],[-8.9985,37.033],[-8.5985,37.1215],[-7.8355,37.0055],[-7.407,37.179],[-7.5045,37.585],[-7.184,38.007],[-7.022,38.045],[-7.3425,38.4565],[-7.281,38.715],[-6.9965,39.057],[-7.173,39.1355],[-7.5365,39.6615],[-7.0365,39.7135],[-6.896,40.0225],[-7.0145,40.208],[-6.8095,40.3435],[-6.9285,41.0085],[-6.212,41.533],[-6.543,41.6715],[-6.6185,41.9425],[-7.148,41.9805],[-7.4035,41.833],[-8.2245,41.8955],[-8.2135,42.1335],[-8.7785,41.9405]]],[[[-28.147,38.453],[-28.5105,38.554],[-28.453,38.408],[-28.147,38.453]]],[[[-25.6485,37.8405],[-25.735,37.762],[-25.2525,37.7345],[-25.1805,37.8385],[-25.6485,37.8405]]]]},"properties":{"name":"Portugal"},"id":"PRT"},{"type":"Feature","geometry":{"type":"Polygon","coordinates":[[[-58.1605,-20.165],[-58.1785,-19.8175],[-59.089,-19.2865],[-60.007,-19.297],[-61.757,-19.6455],[-61.915,-20.0555],[-62.275,-20.5625],[-62.275,-21.066],[-62.6495,-22.234],[-62.214,-22.6125],[-61.9295,-23.0585],[-61.2095,-23.557],[-61.033,-23.755],[-60.504,-23.963],[-59.892,-24.0935],[-59.1865,-24.562],[-58.3655,-24.9595],[-58.135,-24.977],[-57.822,-25.1365],[-57.57,-25.534],[-57.7535,-25.6975],[-57.8905,-26.0065],[-58.2035,-26.3815],[-58.193,-26.6295],[-58.643,-27.1955],[-58.603,-27.3135],[-58.1675,-27.2735],[-57.39,-27.43],[-56.371,-27.5375],[-56.069,-27.3085],[-55.7915,-27.416],[-55.565,-27.1505],[-55.1365,-26.9315],[-54.8265,-26.652],[-54.679,-26.3085],[-54.6145,-25.576],[-54.474,-25.22],[-54.2435,-24.0465],[-54.625,-23.812],[-55.194,-24.017],[-55.417,-23.951],[-55.655,-22.8105],[-55.619,-22.6715],[-55.849,-22.307],[-56.191,-22.281],[-56.3965,-22.0935],[-56.634,-22.234],[-56.9365,-22.2705],[-57.955,-22.109],[-57.829,-20.998],[-58.002,-20.465],[-58.1605,-20.165]]]},"properties":{"name":"Paraguay"},"id":"PRY"},{"type":"Feature","id":"PSE","properties":{"name":"Palestine"},"geometry":{"type":"MultiPolygon","coordinates":[[[[34.4755,31.5855],[34.5225,31.542],[34.526,31.5265],[34.3495,31.3635],[34.3495,31.292],[34.2455,31.209],[34.213,31.292],[34.1985,31.3235],[34.3855,31.483],[34.4755,31.5855]]],[[[35.552,32.396],[35.574,32.238],[35.534,32.103],[35.5305,31.985],[35.5595,31.766],[35.498,31.6725],[35.466,31.563],[35.4515,31.4795],[35.408,31.483],[35.275,31.4225],[35.102,31.3665],[34.9075,31.351],[34.879,31.3685],[34.8715,31.396],[34.9295,31.537],[34.951,31.603],[35.034,31.674],[35.1525,31.735],[35.203,31.7505],[35.1995,31.7765],[35.1275,31.8165],[35.052,31.837],[34.9835,31.8165],[34.9615,31.8235],[34.9545,31.8405],[34.9795,31.8665],[34.9905,31.9135],[34.9795,31.9915],[34.9725,32.087],[34.9545,32.16],[34.9975,32.2815],[35.012,32.339],[35.066,32.4605],[35.192,32.535],[35.304,32.5125],[35.3615,32.5075],[35.3865,32.4935],[35.401,32.45],[35.484,32.4015],[35.552,32.396]]]]}},{"type":"Feature","id":"PYF","properties":{"name":"French Polynesia"},"geometry":{"type":"MultiPolygon","coordinates":[[[[-151.466,-16.658],[-151.484,-16.665],[-151.5055,-16.6475],[-151.513,-16.62],[-151.5055,-16.5745],[-151.459,-16.604],[-151.4375,-16.6235],[-151.466,-16.658]]],[[[-149.8135,-17.545],[-149.846,-17.571],[-149.8855,-17.552],[-149.9035,-17.528],[-149.911,-17.502],[-149.9035,-17.469],[-149.81,-17.474],[-149.7815,-17.488],[-149.8135,-17.545]]],[[[-151.4085,-16.8785],[-151.448,-16.8785],[-151.484,-16.863],[-151.477,-16.7605],[-151.466,-16.7395],[-151.412,-16.7745],[-151.3655,-16.8645],[-151.4085,-16.8785]]],[[[-149.3205,-17.689],[-149.1765,-17.736],[-149.1515,-17.8125],[-149.18,-17.863],[-149.2555,-17.8505],[-149.2915,-17.823],[-149.342,-17.7325],[-149.4825,-17.7535],[-149.5795,-17.7345],[-149.6335,-17.618],[-149.6335,-17.5645],[-149.612,-17.5315],[-149.5075,-17.4965],[-149.378,-17.5225],[-149.3315,-17.5885],[-149.3205,-17.689]]],[[[-139.0245,-9.695],[-138.873,-9.747],[-138.8265,-9.742],[-138.873,-9.792],[-139.0245,-9.82],[-139.075,-9.846],[-139.1325,-9.8285],[-139.165,-9.7695],[-139.0245,-9.695]]],[[[-139.0605,-9.931],[-139.1325,-10.009],[-139.136,-9.926],[-139.107,-9.9155],[-139.082,-9.9155],[-139.0605,-9.931]]],[[[-138.65,-10.516],[-138.686,-10.5315],[-138.6895,-10.426],[-138.643,-10.4465],[-138.625,-10.4625],[-138.632,-10.492],[-138.65,-10.516]]],[[[-140.072,-8.9105],[-140.169,-8.9345],[-140.216,-8.9295],[-140.252,-8.848],[-140.241,-8.7975],[-140.223,-8.782],[-140.0575,-8.801],[-140.043,-8.839],[-140.047,-8.874],[-140.072,-8.9105]]],[[[-140.0755,-9.426],[-140.097,-9.445],[-140.137,-9.384],[-140.144,-9.36],[-140.072,-9.3285],[-140.0325,-9.3445],[-140.0755,-9.426]]],[[[-140.81,-17.856],[-140.803,-17.875],[-140.8425,-17.8735],[-140.853,-17.8665],[-140.8495,-17.8315],[-140.8245,-17.788],[-140.803,-17.7515],[-140.763,-17.717],[-140.6875,-17.684],[-140.648,-17.67],[-140.637,-17.679],[-140.6515,-17.6825],[-140.7775,-17.7535],[-140.8135,-17.804],[-140.8315,-17.8385],[-140.828,-17.849],[-140.81,-17.856]]],[[[-139.557,-8.94],[-139.622,-8.9485],[-139.633,-8.898],[-139.611,-8.872],[-139.5825,-8.86],[-139.5355,-8.8755],[-139.507,-8.8965],[-139.5105,-8.9155],[-139.557,-8.94]]],[[[-140.684,-18.38],[-140.673,-18.4165],[-140.695,-18.3995],[-140.774,-18.3645],[-140.781,-18.335],[-140.684,-18.38]]],[[[-140.8315,-18.189],[-140.8245,-18.217],[-140.8605,-18.198],[-140.8965,-18.1475],[-140.9575,-18.085],[-140.972,-18.059],[-140.925,-18.0835],[-140.893,-18.12],[-140.8315,-18.189]]],[[[-136.2955,-18.545],[-136.3135,-18.566],[-136.317,-18.545],[-136.3425,-18.5345],[-136.382,-18.514],[-136.436,-18.4895],[-136.465,-18.4845],[-136.479,-18.4705],[-136.4575,-18.4635],[-136.425,-18.474],[-136.382,-18.4965],[-136.328,-18.519],[-136.2955,-18.545]]],[[[-136.9725,-18.342],[-136.9725,-18.361],[-137.066,-18.2655],[-137.03,-18.2725],[-136.9725,-18.342]]],[[[-138.506,-20.8575],[-138.535,-20.8765],[-138.524,-20.8505],[-138.5455,-20.795],[-138.567,-20.7865],[-138.5455,-20.7705],[-138.513,-20.814],[-138.506,-20.8575]]],[[[-142.513,-16.0955],[-142.531,-16.1075],[-142.5055,-16.028],[-142.4805,-16.0175],[-142.513,-16.0955]]],[[[-143.4415,-16.62],[-143.3875,-16.6685],[-143.4595,-16.6355],[-143.5495,-16.6215],[-143.517,-16.613],[-143.463,-16.613],[-143.4415,-16.62]]],[[[-143.571,-16.6355],[-143.611,-16.6405],[-143.708,-16.5815],[-143.6685,-16.5815],[-143.6145,-16.618],[-143.571,-16.6355]]],[[[-145.051,-15.856],[-145.058,-15.901],[-145.076,-15.858],[-145.1375,-15.7885],[-145.1625,-15.757],[-145.1335,-15.7625],[-145.051,-15.856]]],[[[-145.4865,-16.33],[-145.483,-16.3475],[-145.5045,-16.3455],[-145.5405,-16.295],[-145.555,-16.252],[-145.5765,-16.2015],[-145.609,-16.165],[-145.6125,-16.132],[-145.6125,-16.08],[-145.5765,-16.16],[-145.544,-16.224],[-145.5155,-16.278],[-145.4865,-16.33]]]]}},{"type":"Feature","id":"QAT","properties":{"name":"Qatar"},"geometry":{"type":"Polygon","coordinates":[[[51.2665,24.6065],[51.1765,24.586],[51.0935,24.565],[51.0215,24.565],[50.9675,24.574],[50.928,24.5945],[50.856,24.6795],[50.8055,24.789],[50.8345,24.85],[50.845,24.888],[50.7765,25.178],[50.755,25.4],[50.7625,25.445],[50.802,25.4975],[50.8705,25.612],[50.9025,25.7245],[51.0035,25.9815],[51.108,26.0805],[51.2625,26.1535],[51.3885,26.011],[51.5435,25.902],[51.5725,25.7805],[51.5255,25.6815],[51.486,25.525],[51.511,25.452],[51.5185,25.3895],[51.5615,25.284],[51.601,25.1485],[51.6085,25.053],[51.5865,24.9645],[51.5325,24.8915],[51.4285,24.6675],[51.396,24.645],[51.2665,24.6065]]]}},{"type":"Feature","geometry":{"type":"Polygon","coordinates":[[[28.2115,45.451],[28.1,45.9735],[28.2405,46.64],[28.0715,46.9785],[27.8555,47.114],[27.337,47.64],[26.9805,48.1555],[26.6205,48.26],[26.3075,48.204],[26.1635,47.9925],[25.465,47.911],[24.8925,47.718],[24.579,47.9315],[24.176,47.9055],[23.409,47.9905],[23.139,48.088],[22.8765,47.9475],[22.61,47.767],[22.2895,47.7285],[21.0405,46.2425],[20.241,46.109],[20.774,45.7495],[20.774,45.484],[21.433,45.1925],[21.357,44.8625],[22.0915,44.5415],[22.4985,44.706],[22.7215,44.6055],[22.495,44.4355],[22.7035,44.2375],[23.024,44.0465],[22.9195,43.8345],[23.2255,43.8745],[24.2265,43.7635],[24.4315,43.795],[25.4975,43.6715],[25.8175,43.767],[26.2175,44.0065],[27.0885,44.168],[27.427,44.0205],[27.884,43.9875],[28.0495,43.8225],[28.586,43.7425],[28.6435,44.2965],[28.982,44.9925],[29.047,44.7585],[29.558,44.8435],[29.7055,45.26],[29.2235,45.4025],[28.7625,45.234],[28.2115,45.451]]]},"properties":{"name":"Romania"},"id":"ROU"},{"type":"Feature","geometry":{"type":"MultiPolygon","coordinates":[[[[137.1775,55.0995],[136.713,54.9555],[137.055,54.926],[137.1775,55.0995]]],[[[130.6865,42.302],[130.8345,42.5225],[130.7085,42.656],[131.1585,42.6265],[131.7955,43.255],[131.8675,43.095],[132.3105,43.314],[132.303,42.8835],[132.71,42.8765],[133.16,42.6975],[133.7105,42.8295],[135.133,43.5255],[135.482,43.8345],[135.8745,44.373],[136.141,44.489],[136.803,45.1715],[137.685,45.819],[138.337,46.543],[138.585,47.0565],[139.003,47.383],[139.3735,47.8865],[140,48.324],[140.169,48.5235],[140.5185,49.5965],[140.475,50.546],[140.6875,51.232],[140.9325,51.6205],[141.368,51.921],[141.487,52.178],[141.17,52.369],[141.2565,52.8395],[140.875,53.039],[141.181,53.0145],[141.4005,53.185],[141.0045,53.494],[140.3455,53.8135],[140.18,54.051],[139.7085,54.277],[139.3195,54.1935],[138.697,54.32],[138.661,53.7455],[138.2505,53.5235],[138.571,53.8185],[137.739,53.56],[137.221,53.579],[137.8365,53.947],[137.3395,54.0995],[137.667,54.2835],[137.095,54.129],[137.156,53.822],[136.7205,53.8045],[136.796,54.6205],[135.853,54.584],[135.259,54.7315],[135.2625,54.9435],[136.177,55.353],[137.6925,56.1395],[138.661,56.966],[139.4455,57.3305],[140.0035,57.688],[140.4465,57.813],[140.684,58.2125],[140.9865,58.417],[141.753,58.745],[142.027,59.0005],[142.581,59.24],[143.193,59.37],[144.482,59.3755],[145.555,59.4135],[145.933,59.1985],[146.275,59.221],[146.444,59.431],[147.5135,59.268],[148.2585,59.4135],[148.4925,59.2625],[148.9135,59.2835],[148.7985,59.5315],[149.641,59.771],[150.667,59.556],[151.484,59.5245],[151.7975,59.3235],[152.2615,59.2245],[151.1205,59.082],[151.3255,58.8755],[152.089,58.91],[152.402,59.0265],[152.881,58.9395],[153.3595,59.214],[154.0115,59.075],[154.4575,59.2155],[155.16,59.1895],[155.167,59.36],[154.5835,59.5405],[154.148,59.528],[154.292,59.8335],[154.9725,60.377],[155.8545,60.7765],[156.056,60.995],[156.6285,61.273],[156.679,61.481],[157.471,61.799],[158.0685,61.7535],[159.0765,61.922],[159.552,61.719],[160.182,61.903],[160.3185,61.7935],[159.883,61.292],[159.7895,60.957],[160.38,61.0245],[160.1745,60.639],[160.765,60.754],[161.0385,60.962],[162.392,61.6615],[162.8565,61.705],[162.9935,61.5435],[163.256,61.7],[163.008,61.792],[163.332,62.5505],[164.257,62.6965],[165.3985,62.4935],[165.1245,62.4115],[164.599,62.4705],[164.2065,62.292],[164.0195,61.7105],[163.8035,61.462],[164.005,61.344],[163.555,61.0265],[163.71,60.917],[162.972,60.7835],[162.0035,60.4205],[161.755,60.153],[160.855,59.627],[160.549,59.5475],[159.847,59.127],[159.5915,58.8045],[159.037,58.424],[158.209,58.025],[157.6655,58.0195],[157.4495,57.799],[156.7905,57.749],[156.978,57.466],[156.7295,57.1515],[155.984,56.695],[155.718,56.072],[155.556,55.348],[155.6205,54.8655],[155.905,53.928],[156.0995,53.006],[156.366,52.5095],[156.542,51.3115],[156.7475,50.9695],[157.201,51.2125],[158.1045,51.81],[158.4645,52.3045],[158.6085,52.874],[159.584,53.237],[160.0235,53.1295],[159.8435,53.784],[160.074,54.19],[160.772,54.5405],[161.1285,54.598],[161.726,54.5335],[162.104,54.7525],[161.73,55.3585],[161.7765,55.655],[162.086,56.089],[162.529,56.261],[162.673,56.49],[162.9755,56.4485],[162.63,56.2315],[163.0475,56.044],[163.3355,56.2335],[163.256,56.688],[162.8025,56.8115],[162.781,57.358],[163.188,57.6375],[163.2275,57.7905],[162.72,57.9465],[162.468,57.766],[162.0395,57.919],[161.96,58.077],[162.14,58.4465],[163.004,59.0195],[163.274,59.3025],[163.411,59.8355],[163.782,60.0405],[164.376,60.0575],[165.0205,59.8615],[165.085,60.0995],[166.3525,60.4845],[166.1365,59.9795],[166.3305,59.872],[166.9645,60.3075],[168.138,60.5735],[169.225,60.596],[169.6175,60.438],[169.981,60.0665],[170.352,59.9655],[170.6075,60.4345],[170.9495,60.523],[172.393,61.061],[172.3965,61.167],[173.131,61.4065],[173.6245,61.7155],[174.5135,61.823],[174.715,61.948],[177.293,62.599],[178.02,62.547],[179.1215,62.3195],[179.5715,62.6875],[179.2585,63.009],[179.334,63.1895],[178.794,63.54],[178.65,63.9655],[178.229,64.3645],[177.9515,64.2225],[177.433,64.4445],[177.3865,64.7745],[176.731,64.625],[176.0615,64.96],[177.0695,64.7865],[177.1775,65.014],[177.75,64.717],[178.5205,64.6025],[179.449,64.8215],[179.827,65.035],[180,65.068],[180.295,65.1875],[180.648,65.5175],[180.216,66.0175],[180.893,66.3455],[181.0835,66.1805],[181.4725,66.401],[181.253,66.014],[181.6885,65.4845],[182.513,65.5035],[182.945,65.613],[183.906,65.4705],[184.079,65.3525],[184.169,65.106],[184.14,65.054],[184.147,65.0105],[184.6045,64.802],[184.9645,64.8145],[185.681,64.637],[185.9975,64.45],[186.9915,64.297],[187.0525,64.507],[187.5995,64.4135],[187.0995,64.6285],[187.002,64.877],[187.787,65.0485],[187.776,65.1285],[187.715,65.205],[187.337,65.2485],[187.6895,65.276],[187.769,65.455],[187.218,65.6805],[188.093,65.4965],[188.946,65.5505],[188.55,65.7935],[189.335,65.6215],[189.5975,65.929],[190.2205,66.1425],[189.756,66.17],[188.64,66.677],[188.2045,66.932],[186.7715,66.9685],[186.3215,67.144],[185.5515,67.1025],[185.994,66.7795],[185.7675,66.632],[186.2245,66.434],[185.976,66.229],[185.915,66.474],[185.634,66.349],[185.076,66.623],[185.2275,66.7845],[185.0615,67.0935],[185.1515,67.349],[184.7665,67.446],[184.655,67.6785],[181.307,68.5465],[181.127,68.7535],[180,68.984],[179.867,69.012],[178.848,69.387],[176.9255,69.6455],[175.752,69.9045],[174.787,69.8555],[173.7325,69.8905],[173.2785,69.8245],[172.5585,69.9685],[170.485,70.1075],[170.503,69.8575],[170.161,69.6265],[170.5825,69.583],[170.9965,69.045],[170.539,68.826],[169.6105,68.7865],[169.416,68.92],[169.3115,69.0795],[168.3035,69.2705],[168.1485,69.578],[167.6265,69.741],[166.885,69.5],[164.5125,69.609],[164.16,69.7185],[162.374,69.649],[161.5355,69.38],[161.4815,69.201],[161.564,69.064],[161.564,68.9045],[161.366,68.8225],[161.1035,68.5625],[161.341,68.9045],[161.3085,68.9825],[161.1395,69.038],[161.035,69.099],[160.909,69.6055],[159.8325,69.7845],[160.0055,70.3105],[159.728,70.649],[159.35,70.7915],[158.702,70.9355],[158.036,71.0395],[155.894,71.095],[155.03,71.0345],[154.4145,70.9735],[153.7955,70.88],[152.51,70.835],[151.7615,70.9825],[152.0925,71.024],[151.5815,71.286],[150.9695,71.38],[150.242,71.267],[150.667,71.4545],[150.062,71.51],[150.026,71.5205],[149.911,71.5815],[149.857,71.602],[149.497,71.6645],[148.9675,71.6905],[149.0505,71.7965],[149.882,71.8435],[149.5005,72.1645],[148.4025,72.312],[147.434,72.3415],[145.8035,71.746],[145.1875,71.696],[145.1265,71.9265],[145.7565,71.9405],[145.7095,72.206],[146.2315,72.137],[146.5955,72.3015],[144.169,72.2585],[144.777,72.3815],[146.2355,72.3505],[146.2535,72.4425],[143.517,72.6975],[142.063,72.72],[140.709,72.89],[141.08,72.5865],[139.6005,72.496],[139.1755,72.163],[140.133,72.2095],[139.64,71.998],[139.694,71.701],[139.939,71.557],[139.9855,71.491],[139.208,71.444],[139.0065,71.555],[138.6715,71.635],[138.117,71.5655],[138.049,71.5255],[137.995,71.463],[137.9265,71.43],[137.919,71.3835],[138.315,71.326],[137.8435,71.227],[137.941,71.1335],[137.3145,71.359],[137.1165,71.4165],[136.407,71.571],[135.885,71.63],[135.5575,71.611],[135.3595,71.543],[135.021,71.5155],[134.7045,71.387],[133.4265,71.491],[133.131,71.6075],[132.7675,71.7985],[132.6525,71.9265],[132.2275,71.642],[132.098,71.484],[132.0045,71.3505],[132.0365,71.2445],[131.907,71.203],[131.7705,71.102],[131.5615,70.9005],[131.1585,70.743],[130.28,70.9475],[130.0245,71.0655],[129.7615,71.1195],[129.3905,71.404],[129.225,71.5085],[129.135,71.5935],[129.459,71.739],[129.2105,71.9165],[128.912,71.755],[127.8425,72.3085],[127.803,72.4335],[128.9335,72.0795],[129.4125,72.3155],[129.117,72.4855],[128.4185,72.5345],[129.2505,72.7045],[128.5985,72.8955],[128.8905,73.1905],[127.742,73.482],[127.0325,73.548],[126.554,73.3345],[126.255,73.548],[125.618,73.5205],[124.3865,73.7545],[123.3065,73.5325],[123.6235,73.194],[123.159,72.9545],[120.9955,72.937],[119.75,72.9785],[118.4285,73.246],[118.45,73.59],[117.309,73.5985],[115.336,73.7025],[113.511,73.5045],[113.5575,73.232],[113.158,73.4595],[113.4175,73.647],[112.8375,73.9615],[112.7945,73.746],[112.1465,73.7095],[110.26,74.017],[109.7525,73.7215],[110.8685,73.7305],[109.857,73.472],[107.751,73.173],[106.4765,73.14],[105.7095,72.8365],[106.1885,73.3085],[106.678,73.331],[107.272,73.621],[108.201,73.694],[109.0755,74.0325],[109.81,74.1695],[109.839,74.3225],[111.8695,74.741],[112.924,75.015],[113.727,75.451],[112.9565,75.5725],[112.629,75.836],[113.619,75.593],[113.2735,76.251],[112.798,76.1295],[112.618,76.383],[111.1135,76.7235],[108.028,76.718],[107.625,76.51],[106.4155,76.5115],[107.4305,76.9265],[106.941,77.034],[105.7135,77.001],[105.645,77.1],[104.201,77.1015],[106.059,77.39],[105.7095,77.5255],[104.014,77.73],[103.132,77.626],[100.99,76.9905],[100.8425,76.5255],[98.805,76.4805],[99.8235,76.1365],[98.661,76.2425],[96.497,75.892],[95.655,75.892],[96.076,76.0825],[94.5745,76.152],[92.9725,76.076],[92.89,75.909],[93.5485,75.8535],[91.4785,75.6505],[90.1865,75.5915],[87.67,75.1295],[86.651,74.682],[86.201,74.8155],[85.7905,74.6455],[87.2305,74.364],[86.183,74.423],[87.209,73.878],[87.5725,73.8105],[87.119,73.616],[85.8265,73.4925],[87.029,73.824],[86.59,73.8935],[83.544,73.666],[81.816,73.6595],[80.5815,73.569],[80.5095,73.0865],[80.8405,72.949],[80.826,72.4875],[82.1835,72.2375],[82.644,71.925],[83.1985,71.8745],[83.573,71.595],[83.5515,71.543],[83.53,71.5135],[83.458,71.4665],[83.267,71.2755],[83.152,71.104],[83.3355,70.9895],[83.58,70.7655],[83.735,70.5465],[83.0725,70.2775],[82.9215,70.4075],[83.0115,70.8955],[82.594,70.8905],[82.259,70.543],[82.3345,70.807],[82.3165,70.88],[82.2375,70.998],[82.324,71.26],[82.918,71.42],[82.9755,71.451],[83.105,71.562],[83.166,71.602],[83.2345,71.668],[82.986,71.748],[81.51,71.746],[80.7615,72.09],[79.422,72.3815],[78.4825,72.3955],[77.471,72.1925],[78.234,71.953],[77.55,71.8415],[76.87,72.0325],[76.031,71.911],[76.312,71.595],[76.434,71.5515],[76.87,71.446],[77.482,71.312],[78.2125,71.267],[78.587,70.9945],[78.0685,70.986],[77.59,71.168],[76.11,71.2185],[75.3325,71.3415],[75.2785,71.43],[75.419,71.4945],[75.4695,71.5345],[75.502,71.654],[75.246,71.814],[75.743,72.2965],[75.3685,72.7965],[74.7855,72.812],[75.0985,72.4215],[74.9905,72.1455],[73.673,71.845],[73.086,71.444],[73.5075,71.2635],[73.7305,71.069],[74.31,70.654],[74.3425,70.578],[73.8315,70.175],[73.5615,69.7065],[73.979,69.1145],[74.814,69.09],[75.419,69.2395],[76.002,69.236],[76.6465,69.118],[77.327,68.958],[77.651,68.9025],[77.9965,68.2605],[77.6655,68.191],[77.59,67.7515],[78.922,67.5885],[77.676,67.59],[77.176,67.7775],[77.237,68.4705],[76.4595,68.979],[75.124,68.861],[74.58,68.7515],[74.393,68.42],[74.742,68.073],[74.771,67.7655],[74.076,67.415],[73.7915,66.9945],[72.4165,66.5605],[72.323,66.3315],[71.916,66.2465],[71.1455,66.3665],[70.3395,66.342],[69.1945,66.578],[69.0145,66.788],[69.8785,66.8455],[70.3825,66.6025],[70.9405,66.5485],[71.5525,66.7605],[71.3655,66.962],[71.8475,67.007],[72.593,67.5865],[73.151,67.8645],[73.14,68.182],[73.547,68.5745],[72.6795,68.875],[72.5785,68.9685],[72.528,69.0795],[72.6145,69.484],[72.4705,70.276],[72.701,70.458],[72.7335,70.8225],[72.7045,70.963],[72.582,71.1505],[71.8655,71.458],[71.8835,71.512],[71.9125,71.5485],[72.2795,71.696],[72.6255,72.0795],[72.8125,72.6905],[71.4985,72.9145],[69.6445,72.897],[69.3925,72.956],[69.0395,72.6695],[68.6075,72.0135],[68.2695,71.682],[67.9595,71.5485],[67.542,71.413],[66.9195,71.2825],[66.6385,71.0815],[66.8475,71.064],[66.7575,70.9615],[66.6675,70.9005],[66.822,70.7965],[67.2865,70.7395],[67.146,70.22],[66.804,69.6595],[67.0635,69.694],[68.0065,69.4805],[68.118,69.236],[68.3555,69.0675],[68.543,68.967],[69.1405,68.951],[68.831,68.5675],[68.37,68.314],[67.7295,68.5135],[67.002,68.873],[66.4155,68.9475],[66.365,68.9615],[66.084,69.0365],[65.814,69.076],[65.735,69.132],[65.033,69.2705],[64.1905,69.5345],[63.3625,69.675],[61.771,69.7635],[61.015,69.852],[60.169,69.59],[60.666,69.111],[60.857,69.1455],[60.9325,68.986],[60.4895,68.729],[59.8955,68.7065],[59.8955,68.4215],[59.1,68.4445],[59.37,68.7375],[59.111,68.8955],[59.0605,68.972],[59.057,69.007],[58.92,69.0035],[58.355,68.9165],[58.236,68.833],[58.175,68.8905],[57.127,68.5535],[56.0435,68.649],[55.417,68.5675],[54.8625,68.2015],[53.2605,68.267],[53.9305,68.4355],[53.8005,68.9965],[52.3425,68.6075],[52.7245,68.484],[52.321,68.34],[51.9935,68.538],[50.838,68.3505],[49.1565,67.8695],[48.8795,67.731],[47.875,67.585],[47.6555,66.9755],[46.4925,66.8005],[45.985,66.8525],[45.564,67.1855],[44.941,67.3505],[44.941,67.4775],[45.528,67.757],[46.6905,67.849],[46.6835,67.9705],[45.8915,68.479],[45.078,68.578],[44.048,68.5485],[43.404,68.609],[44.1705,68.3265],[44.2245,67.9965],[43.782,67.255],[44.293,67.099],[44.4875,66.672],[44.0985,66.2345],[44.106,66.0085],[43.2345,66.415],[42.212,66.519],[41.474,66.1235],[40.693,65.9635],[39.818,65.5975],[39.7965,65.349],[40.142,65.0625],[40.2825,64.9985],[40.4445,64.778],[40.0595,64.771],[39.757,64.5765],[38.011,64.8785],[37.5285,65.1075],[36.884,65.172],[36.787,64.988],[36.528,64.8475],[37.183,64.408],[37.9535,64.3195],[38.072,64.026],[37.442,63.8125],[36.366,64.0035],[35.646,64.3785],[35.034,64.441],[34.868,64.561],[34.8035,64.986],[34.67,65.1685],[34.4075,65.396],[34.7855,65.8645],[34.112,66.2255],[33.3595,66.33],[33.655,66.4425],[33.2155,66.531],[31.8945,67.1615],[32.9315,67.0865],[33.151,66.8435],[34.825,66.611],[35.5125,66.396],[37.2945,66.2255],[38.396,66.064],[39.289,66.132],[40.52,66.446],[41.19,66.8265],[41.359,67.21],[41.132,67.2675],[40.9665,67.7135],[40.38,67.8315],[39.746,68.163],[39.57,68.071],[38.832,68.3245],[38.4285,68.356],[37.73,68.6925],[36.618,69.0035],[35.858,69.1925],[33.6835,69.3105],[33.3275,69.1525],[33.385,69.444],[32.377,69.479],[32.1755,69.6735],[32.996,69.6265],[32.942,69.7515],[31.9845,69.953],[31.4515,69.689],[30.8685,69.783],[30.8615,69.538],[30.2275,69.6335],[29.9935,69.392],[29.389,69.2985],[28.964,69.0225],[28.8995,69.01],[28.6905,68.9615],[28.5645,68.9285],[28.4135,68.9045],[28.7515,68.7705],[28.471,68.4875],[28.687,68.189],[29.342,68.0625],[29.9795,67.689],[29.9395,67.547],[29.0865,66.9705],[29.0935,66.849],[29.9035,66.0905],[30.0945,65.6825],[29.821,65.5695],[29.63,65.224],[29.81,65.1075],[29.72,65.08],[29.623,65.04],[29.605,64.969],[30.073,64.7655],[30.109,64.3665],[30.512,64.2],[30.505,64.021],[30.0045,63.7465],[30.4185,63.5035],[31.1815,63.2085],[31.5345,62.8855],[31.286,62.568],[29.6915,61.5455],[27.7975,60.537],[28.514,60.6775],[28.6435,60.3755],[29.0685,60.1915],[29.72,60.195],[30.1235,59.8735],[29.1475,60.0005],[28.946,59.8285],[28.5175,59.8495],[28.334,59.693],[28.0135,59.7245],[28.0135,59.485],[27.463,58.8405],[27.488,58.2695],[27.7545,57.841],[27.3515,57.5285],[27.8375,57.247],[27.6395,56.846],[27.805,56.867],[28.1035,56.5455],[28.147,56.143],[28.741,55.9555],[29.3745,55.938],[29.4825,55.6845],[29.936,55.846],[30.4545,55.787],[30.908,55.57],[30.8145,55.2785],[30.9765,55.051],[30.8,54.7835],[31.1565,54.61],[31.405,54.195],[31.7935,54.0565],[31.754,53.81],[32.449,53.6935],[32.7045,53.336],[32.143,53.091],[31.4195,53.195],[31.2575,53.0165],[31.5345,52.7975],[31.5775,52.3115],[31.765,52.1015],[32.2835,52.1135],[32.5065,52.308],[32.899,52.256],[33.1475,52.341],[33.734,52.3445],[34.3965,51.7805],[34.1195,51.6795],[34.2345,51.244],[35.0625,51.204],[35.311,51.0445],[35.412,50.539],[35.6745,50.3465],[35.8905,50.4365],[36.618,50.2095],[37.424,50.4105],[37.705,50.1085],[38.047,49.9195],[38.2595,50.053],[38.918,49.824],[39.174,49.855],[39.782,49.572],[40.0305,49.5965],[40.11,49.251],[39.685,49.008],[39.9875,48.852],[39.6455,48.5915],[39.836,48.543],[39.9585,48.2685],[39.7355,47.845],[38.9,47.8555],[38.288,47.5585],[38.2125,47.0915],[38.929,47.1765],[39.1955,47.2685],[39.2925,47.1055],[38.4395,46.8135],[38.5005,46.6645],[37.766,46.6365],[38.4935,46.09],[37.932,46.001],[37.669,45.654],[37.6475,45.378],[36.942,45.2895],[36.65,45.1265],[37.2045,44.972],[37.41,44.7355],[37.8525,44.699],[38.18,44.4195],[38.7165,44.288],[39.9765,43.42],[40.1495,43.569],[40.65,43.5345],[41.582,43.2185],[42.4175,43.2235],[42.99,43.0915],[43.0905,42.9895],[43.782,42.746],[43.958,42.5655],[44.5055,42.748],[44.772,42.616],[44.8725,42.7565],[45.3445,42.529],[45.726,42.4755],[45.6395,42.2045],[46.4315,41.8905],[46.7485,41.8125],[47.2055,41.4565],[47.2595,41.316],[47.8605,41.2135],[48.055,41.458],[48.39,41.602],[48.5735,41.8455],[48.228,42.1805],[47.4645,43.0345],[47.508,43.51],[47.3605,43.9925],[47.022,44.3435],[46.752,44.4215],[46.7555,44.656],[47.083,44.8175],[47.526,45.602],[48.2565,45.7775],[48.487,45.9355],[48.75,45.9215],[48.685,46.0865],[49.081,46.1885],[49.2325,46.3365],[48.6095,46.567],[48.559,46.7565],[48.9585,46.774],[48.552,47.3205],[48.109,47.746],[47.4825,47.803],[47.292,47.7405],[47.094,47.9475],[47.004,48.284],[46.662,48.4125],[46.7015,48.805],[47.0145,49.0985],[46.8025,49.3675],[46.993,49.8535],[47.2955,50.0585],[47.328,50.2735],[47.706,50.3775],[48.433,49.829],[48.8435,50.013],[48.624,50.612],[48.8075,50.6015],[49.3225,50.8515],[49.4985,51.0845],[50.2475,51.289],[50.7945,51.73],[51.162,51.6465],[51.3455,51.475],[51.6085,51.4835],[52.008,51.673],[52.332,51.6815],[52.5695,51.482],[53.3365,51.482],[54.042,51.1155],[54.6505,50.6605],[54.643,51.0115],[55.543,50.6015],[55.799,50.6015],[56.49,51.02],[57.012,51.065],[57.444,50.888],[57.84,51.091],[58.3585,51.0635],[58.884,50.6935],[59.453,50.621],[59.525,50.4925],[59.813,50.5825],[60.0035,50.8395],[60.288,50.704],[60.943,50.6955],[61.3895,50.8605],[61.584,51.23],[61.3645,51.442],[60.4645,51.652],[60.065,51.9765],[60.6695,52.15],[60.979,52.395],[60.803,52.744],[61.0475,52.973],[61.973,52.9435],[62.016,53.1085],[61.199,53.2875],[61.2275,53.445],[61.5335,53.5235],[60.979,53.6225],[61.145,53.9645],[61.332,54.0495],[61.9295,53.947],[63.0745,54.105],[64.4605,54.3845],[65.159,54.3635],[65.4755,54.624],[66.221,54.6675],[67.6935,54.872],[68.244,55.053],[68.9785,55.3895],[69.4935,55.3565],[70.181,55.162],[70.739,55.3045],[71.1855,54.5995],[71.0915,54.2125],[71.3365,54.1585],[72.269,54.2715],[72.4055,53.9645],[72.6215,54.1345],[73.68,53.9295],[73.3995,53.8115],[73.3705,53.454],[73.86,53.6205],[74.3535,53.487],[74.4505,53.6465],[75.052,53.827],[75.6565,54.1065],[76.8375,54.4415],[76.654,54.145],[76.4235,54.152],[76.5745,53.9415],[77.705,53.3795],[78.4755,52.638],[79.469,51.494],[79.9875,50.7755],[80.423,50.947],[80.448,51.183],[80.8765,51.282],[81.1285,51.192],[81.071,50.968],[81.388,50.956],[81.467,50.7405],[82.493,50.7285],[82.7595,50.8935],[83.357,50.994],[83.944,50.7755],[84.322,50.239],[84.988,50.062],[85.211,49.664],[86.1795,49.4995],[86.6115,49.7685],[86.615,49.6105],[87.3245,49.086],[87.814,49.1625],[88.1165,49.2565],[88.192,49.4525],[89.009,49.4735],[89.6535,49.718],[89.6425,49.904],[90.0065,50.0685],[90.6545,50.223],[91.342,50.4695],[91.8025,50.6935],[92.1915,50.7005],[92.3535,50.864],[92.627,50.6885],[92.9405,50.7785],[93.1025,50.6035],[94.2505,50.5565],[94.355,50.2215],[94.6145,50.0235],[95.111,49.935],[95.853,50.013],[96.3135,49.9005],[96.987,49.883],[97.21,49.73],[98.103,50.0775],[98.279,50.534],[98.031,50.645],[97.8255,50.9855],[97.948,51.348],[98.351,51.718],[98.639,51.801],[98.895,52.117],[99.921,51.756],[100.468,51.7265],[101.3825,51.4525],[102.113,51.3535],[102.2895,50.5845],[102.682,50.3865],[103.6325,50.138],[104.1795,50.1695],[104.4675,50.3065],[105.382,50.473],[106.2175,50.305],[106.7105,50.3115],[107.2325,49.989],[107.949,49.9245],[108.0355,49.595],[108.615,49.322],[109.2375,49.3345],[110.199,49.171],[110.829,49.166],[111.3365,49.355],[112.078,49.4245],[113.0575,49.6155],[113.1655,49.798],[114.2955,50.2735],[114.742,50.2335],[115.275,49.949],[115.718,49.881],[116.1355,50.0115],[116.6825,49.824],[117.244,49.6245],[117.874,49.513],[118.45,49.845],[119.26,50.067],[119.3465,50.279],[119.163,50.4055],[119.4475,50.7025],[120.0665,51.6],[120.5095,51.848],[120.7505,52.0965],[120.657,52.567],[120.0665,52.633],[120.0955,52.7875],[120.9845,53.284],[122.09,53.452],[123.609,53.546],[124.8115,53.1345],[125.0745,53.204],[125.6505,53.0425],[126.05,52.7385],[126.3125,52.4],[126.5105,51.926],[126.806,51.506],[126.9245,51.1],[127.3065,50.7075],[127.3065,50.454],[127.5905,50.2095],[127.5005,49.8745],[128.001,49.5685],[128.768,49.5775],[129.1205,49.362],[129.4985,49.388],[130.197,48.8915],[130.5535,48.8605],[130.5535,48.602],[130.8055,48.3415],[130.7335,48.0185],[131.0035,47.692],[131.7845,47.68],[132.5625,47.7685],[132.7065,47.9475],[133.1455,48.1055],[133.4695,48.0965],[133.844,48.2735],[134.294,48.3725],[134.564,48.3225],[134.5675,48.022],[134.751,47.7145],[134.4845,47.4475],[134.168,47.3015],[134.204,47.128],[133.8655,46.4995],[133.862,46.248],[133.5125,45.878],[133.437,45.6055],[133.185,45.4945],[133.113,45.1315],[132.9365,45.029],[131.979,45.2445],[131.853,45.3275],[131.4465,44.984],[131.0825,44.9095],[131.061,44.6595],[131.2555,44.071],[131.1725,43.7045],[131.259,43.378],[131.0685,42.9025],[130.424,42.727],[130.5285,42.536],[130.6865,42.302]]],[[[47.443,80.8535],[44.905,80.612],[46.14,80.447],[47.6015,80.742],[47.443,80.8535]]],[[[50.28,80.928],[49.243,80.822],[49.0885,80.5165],[48.4045,80.5685],[46.644,80.301],[47.634,80.112],[48.9765,80.1625],[48.8975,80.369],[50.9605,80.541],[51.702,80.6885],[50.28,80.928]]],[[[67.7655,76.237],[68.8995,76.5725],[68.4855,76.9335],[67.535,77.008],[66.0625,76.746],[65.8645,76.614],[64.464,76.378],[62.97,76.237],[61.2025,76.2825],[60.943,76.0705],[58.8805,75.8555],[58.0595,75.6625],[57.606,75.3415],[56.843,75.352],[56.497,74.958],[55.583,74.628],[56.0795,74.482],[55.3415,74.4195],[54.643,73.9595],[53.761,73.767],[54.301,73.35],[55.007,73.4545],[56.429,73.2965],[56.965,73.366],[57.757,73.7685],[57.768,74.0135],[58.441,74.1295],[58.535,74.4995],[59.1,74.508],[60.5005,74.904],[61.357,75.3155],[66.282,75.984],[67.7655,76.237]]],[[[55.32,73.3085],[54.805,73.3885],[53.358,73.2255],[53.3685,72.916],[52.53,72.7375],[52.915,72.6695],[52.2525,72.13],[51.583,72.071],[51.439,71.7775],[51.5905,71.571],[51.691,71.5255],[51.8135,71.491],[52.1805,71.491],[52.4185,71.536],[52.6775,71.505],[52.908,71.4945],[53.365,71.5415],[53.412,71.531],[53.3325,71.477],[53.3185,71.399],[53.4085,71.34],[54.157,71.1245],[53.5885,71.052],[53.592,71.0015],[53.617,70.951],[53.6135,70.9145],[53.383,70.873],[54.6,70.6805],[55.687,70.6925],[57.145,70.5885],[57.624,70.729],[56.893,70.927],[56.454,71.1075],[56.0435,71.345],[55.8205,71.5085],[55.615,71.6905],[55.471,71.8695],[55.2985,71.9355],[55.518,72.22],[55.356,72.465],[55.723,72.767],[56.083,72.7895],[56.429,73.201],[55.32,73.3085]]],[[[96.526,81.0755],[95.8025,81.2805],[93.0665,80.9885],[93.2605,80.791],[91.5255,80.3585],[93.653,80.0095],[94.564,80.126],[97.174,80.2405],[97.0265,80.5355],[97.833,80.7975],[96.526,81.0755]]],[[[97.6745,80.159],[94.9885,80.0965],[93.07,79.4955],[94.2185,79.402],[94.7905,79.086],[96.807,78.9855],[97.5555,78.8275],[99.4385,78.8345],[99.928,78.961],[99.0425,79.2925],[99.6795,79.324],[100.061,79.777],[98.596,80.053],[97.653,79.7615],[97.6745,80.159]]],[[[102.8835,79.2545],[102.2825,79.4295],[101.195,79.204],[100.875,78.784],[100.2845,78.68],[100.018,78.3395],[99.287,78.0375],[100.083,77.975],[101.2025,78.192],[103.719,78.258],[105.3135,78.499],[105.1445,78.8185],[104.633,78.836],[103.672,79.15],[102.412,78.836],[102.8835,79.2545]]],[[[140.0505,75.8295],[138.92,76.1975],[138.207,76.1155],[137.2675,75.7495],[137.217,75.1245],[138.092,74.798],[139.1,74.6555],[139.6075,74.9455],[140.2665,74.8465],[141.987,74.991],[142.473,74.8205],[143.1285,74.97],[142.2645,75.3465],[142.088,75.661],[143.0025,75.659],[142.729,75.338],[143.1715,75.1175],[144.021,75.0445],[144.885,75.2685],[145.256,75.586],[143.6865,75.864],[142.459,75.904],[141.487,76.1365],[140.601,75.6435],[140.0505,75.8295]]],[[[146.797,75.371],[146.437,75.5585],[146.149,75.199],[148.093,74.826],[149.5975,74.772],[150.6455,74.944],[150.1055,75.22],[148.4745,75.272],[148.4315,75.4145],[146.797,75.371]]],[[[142.761,54.393],[142.3365,54.28],[142.707,53.895],[142.527,53.447],[142.142,53.4955],[141.825,53.3395],[141.8035,52.5565],[141.6595,52.2735],[141.721,51.737],[142.0915,51.4295],[142.207,50.999],[142.07,50.515],[142.153,50.2165],[142.142,49.5685],[141.865,48.7495],[142.135,48.2895],[142.1815,48.0135],[141.9655,47.588],[142.0375,47.14],[141.829,46.451],[142.077,45.916],[142.405,46.555],[142.5775,46.701],[143.283,46.5585],[143.431,46.029],[143.582,46.3605],[143.485,46.751],[143.2185,46.7945],[143.006,47.2235],[142.556,47.7375],[142.574,48.0725],[143.103,49.199],[143.733,49.312],[144.1255,49.2095],[144.6225,48.8155],[144.273,49.312],[144.0465,49.895],[143.816,50.282],[143.456,51.4715],[143.319,51.5825],[143.157,52.084],[143.323,52.6135],[143.2615,53.218],[142.9195,53.794],[142.977,54.1415],[142.761,54.393]]],[[[180,71.538],[180.889,71.597],[181.5625,71.5415],[181.645,71.529],[182.466,71.2635],[182.178,71.0675],[181.4725,71.0155],[180.8425,70.9405],[180.493,70.9235],[180,70.993],[179.881,70.9755],[179.647,70.899],[178.794,70.8225],[178.65,71.0015],[178.6285,71.0465],[178.891,71.2305],[179.5465,71.4475],[179.7155,71.4665],[179.885,71.524],[180,71.538]]],[[[52.9045,71.3645],[52.249,71.2845],[52.7385,71.18],[52.951,71.0535],[53.005,71.012],[53.023,70.9685],[53.1205,70.9825],[53.0485,71.031],[53.2065,71.1595],[52.9045,71.3645]]],[[[161.467,68.901],[161.5065,68.927],[161.5175,68.9705],[161.496,69.0155],[161.395,69.1055],[161.352,69.3695],[161.5065,69.6385],[161.1105,69.4705],[161.136,69.111],[161.3625,69.045],[161.46,68.9965],[161.467,68.901]]],[[[96.533,76.279],[95.381,76.2895],[96.299,76.121],[96.533,76.279]]],[[[96.285,77.027],[96.5295,77.206],[95.2695,77.0185],[96.285,77.027]]],[[[74.6595,72.873],[74.9615,73.062],[74.1985,73.109],[74.6595,72.873]]],[[[70.0225,66.5015],[70.0765,66.696],[69.504,66.7515],[70.0225,66.5015]]],[[[51.4105,79.9435],[50.935,80.0945],[50.0925,79.98],[51.4105,79.9435]]],[[[58.621,81.0425],[57.21,81.0165],[57.937,80.7925],[58.859,80.7785],[58.621,81.0425]]],[[[50.2655,69.1855],[49.225,69.512],[48.415,69.3455],[48.2785,69.0395],[48.2925,68.984],[48.3145,68.9425],[48.4405,68.8055],[48.667,68.7325],[49.6245,68.859],[49.8405,68.974],[49.92,69.0535],[50.0925,69.125],[50.1645,69.038],[50.2655,69.1855]]],[[[63.373,80.7005],[65.436,80.9315],[65.1735,81.145],[62.52,80.822],[63.373,80.7005]]],[[[57.955,80.1225],[58.481,80.4645],[57.077,80.494],[57.3935,80.14],[57.955,80.1225]]],[[[62.167,80.834],[59.593,80.817],[59.345,80.5045],[61.051,80.4195],[62.077,80.617],[62.167,80.834]]],[[[61.141,80.9505],[61.458,81.103],[60.0575,80.985],[61.141,80.9505]]],[[[53.52,80.185],[52.854,80.402],[52.213,80.263],[53.52,80.185]]],[[[57.0805,80.3515],[56.0255,80.341],[55.723,80.105],[57.0805,80.0945],[57.0805,80.3515]]],[[[57.811,81.546],[57.091,81.5405],[55.716,81.1885],[57.451,81.136],[58.4375,81.4645],[57.811,81.546]]],[[[54.7185,81.1155],[54.067,80.8135],[55.7125,80.638],[57.6925,80.7925],[56.1695,81.0285],[54.7185,81.1155]]],[[[92.6845,79.685],[93.8045,79.9055],[91.4245,80.0495],[91.126,79.9055],[92.6845,79.685]]],[[[141.0115,73.9995],[140.8495,74.274],[140.101,74.1835],[140.5075,73.918],[141.0115,73.9995]]],[[[142.185,73.8955],[141.0835,73.866],[140.3815,73.482],[141.5985,73.3105],[143.492,73.246],[143.3445,73.569],[142.185,73.8955]]],[[[135.95,75.409],[136.1695,75.6055],[135.698,75.845],[135.453,75.39],[135.95,75.409]]],[[[137.941,55.0925],[137.577,55.197],[137.2315,54.7905],[137.462,54.874],[137.66,54.6535],[138.207,55.0335],[137.941,55.0925]]],[[[169.2,69.5795],[169.3765,69.8835],[168.3575,70.0155],[167.7885,69.8365],[168.3465,69.6645],[169.2,69.5795]]],[[[163.634,58.603],[164.617,58.886],[164.574,59.221],[163.76,59.0145],[163.634,58.603]]],[[[166.651,54.839],[166.248,55.1655],[166.2765,55.3115],[165.751,55.294],[166.644,54.6935],[166.651,54.839]]],[[[154.8105,49.312],[154.825,49.647],[154.6125,49.381],[154.8105,49.312]]],[[[156.4055,50.657],[156.488,50.843],[156.168,50.732],[156.4055,50.657]]],[[[155.9195,50.303],[156.096,50.772],[155.682,50.4005],[155.2175,50.298],[155.2425,50.0945],[155.9195,50.303]]],[[[149.6875,45.642],[150.5515,46.208],[150.3105,46.201],[149.666,45.84],[149.4465,45.5935],[149.6875,45.642]]],[[[148.6005,45.3175],[148.6115,45.484],[148.3235,45.2825],[147.884,45.2255],[147.1535,44.767],[146.8975,44.404],[147.2075,44.5535],[147.6575,44.977],[147.913,44.991],[148.262,45.2165],[148.6005,45.3175]]],[[[146.2065,44.498],[146.113,44.4995],[145.5875,43.845],[146.113,44.246],[146.5665,44.4405],[146.2065,44.498]]],[[[113.3885,74.4005],[112.0855,74.55],[111.502,74.3535],[112.7835,74.095],[113.3885,74.4005]]],[[[76.2505,79.652],[76.65,79.494],[77.59,79.5025],[76.2505,79.652]]],[[[70.674,73.095],[71.6245,73.173],[70.9405,73.515],[70.1485,73.444],[69.9215,73.0845],[70.674,73.095]]],[[[77.633,72.2915],[78.364,72.482],[77.579,72.6315],[76.906,72.298],[77.633,72.2915]]],[[[79.5015,72.722],[79.163,73.095],[78.6555,72.892],[79.5015,72.722]]],[[[60.45,69.9355],[59.0065,70.465],[58.4735,70.267],[58.9525,69.892],[59.579,69.7395],[60.439,69.7255],[60.45,69.9355]]],[[[20.9575,55.2785],[20.9,55.287],[20.522,54.9955],[19.975,54.921],[19.9425,54.7505],[19.604,54.459],[20.209,54.421],[22.765,54.3565],[22.6785,54.494],[22.8295,54.839],[22.567,55.0595],[22.0735,55.063],[21.235,55.2645],[21.188,54.9345],[20.594,54.9815],[20.9575,55.2785]]],[[[33.5935,46.0965],[33.6655,45.9475],[33.1435,45.7495],[32.5065,45.404],[32.917,45.3485],[33.554,45.097],[33.6115,44.9075],[33.4495,44.5535],[33.9105,44.387],[34.717,44.807],[35.088,44.8035],[35.57,45.1195],[35.869,45.005],[36.3945,45.0655],[36.5745,45.3935],[36.29,45.456],[35.5595,45.3105],[35.372,45.3535],[35.0015,45.734],[34.688,45.977],[33.6585,46.22],[33.5935,46.0965]]]]},"properties":{"name":"Russia"},"id":"RUS"},{"type":"Feature","id":"RWA","properties":{"name":"Rwanda"},"geometry":{"type":"Polygon","coordinates":[[[29.576,-1.388],[29.6085,-1.3865],[29.8245,-1.336],[29.846,-1.3515],[29.882,-1.4525],[29.9,-1.4665],[29.929,-1.47],[29.99,-1.447],[30.1015,-1.369],[30.1485,-1.3205],[30.206,-1.2545],[30.278,-1.178],[30.3215,-1.114],[30.361,-1.074],[30.4115,-1.0635],[30.469,-1.0655],[30.5085,-1.067],[30.476,-1.0825],[30.469,-1.131],[30.5085,-1.2075],[30.631,-1.3675],[30.71,-1.397],[30.7605,-1.4595],[30.811,-1.5635],[30.829,-1.6935],[30.8075,-1.85],[30.818,-1.968],[30.865,-2.0445],[30.8755,-2.1435],[30.854,-2.265],[30.829,-2.338],[30.7965,-2.362],[30.764,-2.3725],[30.7135,-2.364],[30.656,-2.374],[30.595,-2.397],[30.5555,-2.4005],[30.53,-2.395],[30.4835,-2.376],[30.4075,-2.3135],[30.271,-2.348],[30.235,-2.3465],[30.1845,-2.3775],[30.1415,-2.414],[30.116,-2.416],[30.091,-2.4105],[29.972,-2.338],[29.929,-2.3395],[29.911,-2.548],[29.893,-2.664],[29.8675,-2.716],[29.785,-2.7665],[29.6985,-2.7945],[29.6515,-2.7925],[29.4645,-2.808],[29.389,-2.808],[29.3495,-2.791],[29.2955,-2.673],[29.198,-2.6205],[29.101,-2.5965],[29.065,-2.6035],[29.029,-2.664],[29.0145,-2.7195],[28.921,-2.6815],[28.8955,-2.6345],[28.892,-2.555],[28.856,-2.447],[28.8775,-2.4005],[28.9135,-2.371],[28.9895,-2.3135],[29.108,-2.2335],[29.1335,-2.1955],[29.1475,-2.131],[29.1405,-1.9855],[29.1295,-1.8605],[29.144,-1.815],[29.198,-1.72],[29.2665,-1.621],[29.353,-1.5185],[29.4035,-1.508],[29.468,-1.468],[29.5365,-1.409],[29.576,-1.388]]]}},{"type":"Feature","geometry":{"type":"MultiPolygon","coordinates":[[[[41.989,16.715],[41.8595,17.003],[41.802,16.779],[41.989,16.715]]],[[[51.979,18.996],[53.8405,19.6155],[54.978,19.996],[55.6405,22.001],[55.187,22.704],[55.104,22.621],[53.61,22.805],[52.555,22.933],[51.594,24.079],[51.5685,24.2855],[51.3095,24.341],[51.4105,24.5705],[50.9675,24.574],[50.557,25.086],[50.4565,25.4245],[50.28,25.5665],[50.0315,26.11],[50.215,26.308],[50.028,26.527],[49.9845,26.829],[49.405,27.181],[49.236,27.492],[48.7965,27.7245],[48.775,27.959],[48.444,28.5425],[47.67,28.5335],[47.4325,28.99],[46.5325,29.096],[46.356,29.063],[44.689,29.202],[42.8565,30.4955],[42.0755,31.0805],[40.369,31.9395],[39.145,32.1255],[38.9975,32.0075],[36.96,31.4915],[37.9785,30.5005],[37.633,30.313],[37.471,29.9955],[36.7545,29.867],[36.4775,29.4955],[36.0165,29.19],[34.951,29.353],[34.778,28.5075],[34.616,28.148],[35.1815,28.0355],[35.581,27.433],[36.2505,26.5945],[36.517,26.105],[36.6755,26.039],[36.762,25.751],[37.1505,25.2905],[37.266,24.961],[37.1795,24.8205],[37.543,24.291],[37.921,24.185],[38.4645,23.7125],[38.796,23.048],[39.008,22.77],[39.0945,22.3935],[38.9865,21.881],[39.1485,21.5185],[39.0945,21.31],[39.2745,20.9735],[39.613,20.5185],[39.883,20.293],[40.081,20.2665],[40.758,19.7545],[41.118,19.083],[41.2295,18.6785],[41.431,18.4525],[41.7515,17.885],[42.295,17.4355],[42.385,17.123],[42.698,16.7375],[42.799,16.371],[43.166,16.689],[43.116,16.9425],[43.1915,17.359],[43.418,17.517],[43.9185,17.324],[44.156,17.399],[45.1465,17.4265],[45.4055,17.319],[46.309,17.2305],[46.6835,17.2685],[46.975,16.9525],[47.1445,16.9475],[47.443,17.1125],[47.58,17.449],[48.174,18.1575],[49.0415,18.581],[50.3555,18.777],[51.979,18.996]]]]},"properties":{"name":"Saudi Arabia"},"id":"SAU"},{"type":"Feature","geometry":{"type":"Polygon","coordinates":[[[34.0795,9.462],[34.1195,9.729],[34.292,10.125],[34.274,10.528],[34.573,10.88],[34.771,10.7465],[34.933,10.8645],[34.9615,11.276],[35.113,11.816],[35.2535,11.9565],[35.5955,12.538],[35.822,12.6855],[36.1065,12.7275],[36.211,13.2705],[36.391,13.6265],[36.524,14.2565],[36.427,15.1315],[36.5205,15.2495],[36.913,16.2965],[36.888,16.6245],[37.01,17.0585],[37.41,17.062],[37.5105,17.2875],[37.802,17.465],[38.22,17.564],[38.6085,18.0045],[38.202,18.2495],[37.921,18.557],[37.471,18.8205],[37.248,19.5825],[37.194,20.121],[37.226,20.5565],[37.1505,21.1035],[37.212,21.185],[36.9275,21.586],[36.87,21.9975],[34.2455,21.996],[32.6075,21.996],[31.4335,21.996],[31.358,22.1885],[31.2105,21.994],[29.1835,21.996],[27.6535,21.996],[26.1275,21.996],[24.979,21.996],[24.979,20.003],[23.9815,19.996],[23.9815,19.496],[23.9815,17.267],[23.9815,15.781],[23.107,15.703],[22.934,15.5325],[22.934,15.163],[22.6785,14.852],[22.671,14.722],[22.383,14.55],[22.509,14.128],[22.1745,13.911],[22.106,13.7305],[22.2285,13.3295],[21.991,13.1125],[21.825,12.79],[22.0015,12.6715],[22.351,12.6615],[22.491,12.045],[22.581,11.9895],[22.556,11.67],[22.6425,11.5155],[22.923,11.3455],[22.8585,10.92],[23.312,10.387],[23.647,9.823],[23.6215,9.3405],[23.467,9.1145],[23.539,8.816],[23.679,8.7325],[24.147,8.665],[24.5325,8.887],[24.7845,9.7745],[25.004,10.0555],[25.0655,10.2935],[25.7995,10.42],[25.9185,10.17],[26.1705,9.9655],[26.552,9.526],[26.7645,9.5],[27.074,9.6145],[27.884,9.599],[28.0495,9.328],[28.8455,9.3265],[28.9785,9.594],[29.4715,9.769],[29.605,10.064],[30.0045,10.278],[30.476,9.979],[30.739,9.743],[31.225,9.7985],[31.6535,10.2205],[31.934,10.663],[32.4055,11.057],[32.3335,11.715],[32.071,12.007],[32.737,12.0105],[32.7225,12.224],[33.1975,12.217],[33.0715,11.592],[33.1725,10.8505],[33.14,10.738],[33.3815,10.646],[33.8925,10.1995],[33.961,9.8455],[33.8925,9.462],[34.0795,9.462]]]},"properties":{"name":"Sudan"},"id":"SDN"},{"type":"Feature","geometry":{"type":"Polygon","coordinates":[[[-12.2815,14.8085],[-12.8575,15.2425],[-12.9945,15.505],[-13.257,15.701],[-13.347,15.9735],[-13.556,16.1435],[-13.869,16.149],[-14.301,16.5795],[-14.535,16.656],[-14.9925,16.6765],[-15.122,16.604],[-15.77,16.4855],[-16.238,16.531],[-16.4395,16.2045],[-16.537,15.838],[-16.843,15.295],[-17.149,14.9215],[-17.534,14.755],[-17.167,14.6405],[-16.9725,14.4025],[-16.562,13.5865],[-15.511,13.5865],[-15.428,13.727],[-14.9345,13.7845],[-14.4055,13.5035],[-13.977,13.543],[-13.8475,13.335],[-14.247,13.236],[-14.672,13.352],[-15.151,13.557],[-15.2875,13.3955],[-15.813,13.3245],[-15.835,13.156],[-16.6485,13.1545],[-16.7635,13.064],[-16.7455,12.585],[-16.598,12.715],[-16.454,12.625],[-16.76,12.526],[-16.713,12.354],[-16.1445,12.458],[-15.5755,12.491],[-15.1975,12.6805],[-13.7285,12.6735],[-13.0845,12.6335],[-13.0125,12.4775],[-12.2925,12.328],[-12.044,12.3975],[-11.3885,12.4045],[-11.45,12.531],[-11.3885,12.9425],[-11.6335,13.3695],[-11.8315,13.316],[-12.0545,13.6335],[-11.961,13.875],[-12.0185,14.2065],[-12.2275,14.458],[-12.2815,14.8085]]]},"properties":{"name":"Senegal"},"id":"SEN"},{"type":"Feature","id":"SGP","properties":{"name":"Singapore"},"geometry":{"type":"Polygon","coordinates":[[[103.971,1.332],[103.8195,1.266],[103.6505,1.325],[103.7045,1.424],[103.8195,1.4465],[103.9095,1.4155],[103.96,1.393],[103.996,1.365],[103.971,1.332]]]}},{"type":"Feature","id":"SGS","properties":{"name":"South Georgia"},"geometry":{"type":"MultiPolygon","coordinates":[[[[-26.264,-58.435],[-26.2605,-58.4925],[-26.4155,-58.44],[-26.4515,-58.416],[-26.401,-58.383],[-26.3035,-58.383],[-26.2785,-58.402],[-26.264,-58.435]]],[[[-37.104,-54.0655],[-37.0065,-54.114],[-36.9275,-54.081],[-36.848,-54.0845],[-36.805,-54.102],[-36.762,-54.107],[-36.704,-54.109],[-36.607,-54.1905],[-36.6465,-54.2615],[-36.542,-54.2475],[-36.4485,-54.3085],[-36.4055,-54.3035],[-36.3875,-54.279],[-36.326,-54.251],[-36.2865,-54.2895],[-36.236,-54.3605],[-36.1715,-54.3815],[-36.1175,-54.458],[-36.074,-54.5535],[-36.0345,-54.567],[-35.966,-54.569],[-35.894,-54.555],[-35.923,-54.6385],[-35.912,-54.7115],[-35.797,-54.7635],[-35.8655,-54.793],[-35.9375,-54.8345],[-36.085,-54.8675],[-36.1245,-54.8535],[-36.2505,-54.7805],[-36.312,-54.694],[-36.445,-54.5705],[-36.474,-54.534],[-36.506,-54.5115],[-36.6285,-54.496],[-36.7365,-54.4665],[-36.823,-54.404],[-36.852,-54.366],[-36.888,-54.34],[-37.0065,-54.3415],[-37.082,-54.312],[-37.158,-54.272],[-37.496,-54.1555],[-37.6295,-54.168],[-37.6905,-54.135],[-37.6905,-54.0775],[-37.6185,-54.043],[-37.914,-54.029],[-38.018,-54.008],[-37.946,-53.996],[-37.536,-53.9945],[-37.381,-53.984],[-37.37,-54.01],[-37.2335,-54.0605],[-37.104,-54.0655]]]]}},{"type":"Feature","id":"SHN","properties":{"name":"Saint Helena, Ascension and Tristan da Cunha"},"geometry":{"type":"MultiPolygon","coordinates":[[[[-5.6935,-15.9985],[-5.7835,-16.0035],[-5.7765,-15.9565],[-5.708,-15.9065],[-5.661,-15.9135],[-5.661,-15.9705],[-5.6935,-15.9985]]],[[[-14.366,-7.9745],[-14.3985,-7.9765],[-14.409,-7.9675],[-14.4165,-7.9435],[-14.3985,-7.905],[-14.384,-7.8825],[-14.3585,-7.886],[-14.33,-7.912],[-14.301,-7.9345],[-14.3155,-7.9555],[-14.366,-7.9745]]]]}},{"type":"Feature","id":"SIACHEN","properties":{"name":"Siachen Glacier"},"geometry":{"type":"Polygon","coordinates":[[[77.05,35.1095],[77.003,35.1965],[76.978,35.2465],[76.9275,35.3475],[76.8805,35.436],[76.812,35.5715],[76.7655,35.6615],[76.8805,35.613],[77.0895,35.552],[77.2945,35.509],[77.446,35.476],[77.5215,35.474],[77.572,35.4725],[77.723,35.481],[77.7985,35.4965],[77.698,35.443],[77.572,35.3785],[77.424,35.3025],[77.2945,35.2365],[77.1685,35.172],[77.05,35.1095]]]}},{"type":"Feature","id":"SLB","properties":{"name":"Solomon Islands"},"geometry":{"type":"MultiPolygon","coordinates":[[[[159.6885,-8.5075],[159.642,-8.5215],[159.57,-8.485],[159.5375,-8.452],[159.552,-8.4],[159.595,-8.379],[159.642,-8.414],[159.6455,-8.45],[159.6885,-8.5075]]],[[[166.9285,-11.6655],[166.842,-11.681],[166.806,-11.6775],[166.7485,-11.5905],[166.7915,-11.5715],[166.8565,-11.5785],[166.8745,-11.629],[166.9285,-11.6655]]],[[[166.1325,-10.7575],[166.0535,-10.7745],[166.0285,-10.7695],[165.967,-10.78],[165.9025,-10.851],[165.8555,-10.8405],[165.8195,-10.844],[165.7905,-10.785],[165.7905,-10.7555],[165.8375,-10.761],[165.859,-10.7035],[165.9095,-10.674],[166.0245,-10.662],[166.1255,-10.6795],[166.1615,-10.693],[166.129,-10.745],[166.1325,-10.7575]]],[[[160.578,-11.7975],[160.506,-11.832],[160.4445,-11.8145],[160.394,-11.7885],[160.3545,-11.712],[160.272,-11.6635],[160.1495,-11.6445],[160.099,-11.6115],[160.088,-11.594],[160.002,-11.5805],[159.98,-11.5385],[159.9875,-11.495],[159.998,-11.4725],[160.0775,-11.4935],[160.448,-11.6965],[160.538,-11.759],[160.578,-11.7975]]],[[[161.546,-9.6255],[161.5605,-9.733],[161.5535,-9.7695],[161.478,-9.6915],[161.442,-9.7195],[161.4095,-9.681],[161.413,-9.601],[161.4165,-9.5145],[161.402,-9.4485],[161.3625,-9.353],[161.406,-9.3685],[161.546,-9.6255]]],[[[159.188,-9.124],[159.174,-9.1255],[159.127,-9.1135],[159.0695,-9.11],[159.037,-9.075],[159.0765,-9.025],[159.1305,-8.9935],[159.152,-9.0005],[159.1775,-9.0215],[159.228,-9.03],[159.235,-9.0945],[159.188,-9.124]]],[[[160.1675,-8.9955],[160.225,-9.009],[160.254,-9.0075],[160.3185,-9.0615],[160.4085,-9.141],[160.3725,-9.181],[160.3005,-9.1605],[160.2755,-9.169],[160.268,-9.1635],[160.254,-9.124],[160.1745,-9.084],[160.106,-9.0805],[160.0955,-9.0335],[160.1675,-8.9955]]],[[[157.7625,-8.242],[157.8275,-8.3235],[157.8995,-8.506],[157.885,-8.5685],[157.8345,-8.5735],[157.82,-8.6115],[157.748,-8.523],[157.6545,-8.499],[157.586,-8.445],[157.5645,-8.3375],[157.5575,-8.2695],[157.5035,-8.2575],[157.352,-8.275],[157.302,-8.334],[157.2335,-8.315],[157.219,-8.2625],[157.23,-8.2125],[157.3235,-8.162],[157.3415,-8.096],[157.435,-7.985],[157.489,-7.966],[157.6005,-8.006],[157.6115,-8.1655],[157.651,-8.2175],[157.7625,-8.242]]],[[[158.202,-8.8215],[158.18,-8.825],[158.155,-8.7855],[158.209,-8.6775],[158.238,-8.7645],[158.252,-8.7975],[158.202,-8.8215]]],[[[158.108,-8.6845],[158.011,-8.7625],[157.939,-8.7365],[157.878,-8.669],[157.8995,-8.5875],[157.91,-8.565],[157.939,-8.5615],[157.968,-8.544],[158,-8.5075],[158.1045,-8.537],[158.1335,-8.556],[158.0685,-8.6065],[158.09,-8.622],[158.1045,-8.6465],[158.108,-8.6845]]],[[[157.388,-8.714],[157.388,-8.728],[157.334,-8.7],[157.212,-8.565],[157.2335,-8.5195],[157.345,-8.433],[157.381,-8.4205],[157.41,-8.4745],[157.3845,-8.5545],[157.3485,-8.575],[157.3305,-8.65],[157.388,-8.714]]],[[[156.686,-7.9225],[156.668,-7.9365],[156.636,-7.8825],[156.6105,-7.865],[156.6105,-7.806],[156.51,-7.707],[156.5025,-7.6395],[156.56,-7.5735],[156.6395,-7.6115],[156.7185,-7.695],[156.8085,-7.723],[156.7905,-7.7785],[156.708,-7.8775],[156.686,-7.9225]]],[[[156.6035,-8.1705],[156.5925,-8.197],[156.5385,-8.0735],[156.542,-8.011],[156.553,-7.971],[156.571,-7.959],[156.614,-8.096],[156.6035,-8.1705]]],[[[157.172,-8.108],[157.1505,-8.124],[157.0425,-8.117],[156.96,-8.0145],[156.96,-7.938],[157.0245,-7.8685],[157.104,-7.855],[157.147,-7.8825],[157.1865,-7.9415],[157.201,-8.016],[157.19,-8.082],[157.172,-8.108]]],[[[155.84,-7.098],[155.7395,-7.1205],[155.678,-7.089],[155.7035,-7.013],[155.7395,-6.973],[155.8655,-7.044],[155.84,-7.098]]],[[[157.644,-8.759],[157.644,-8.794],[157.586,-8.7835],[157.4565,-8.7295],[157.453,-8.7055],[157.525,-8.697],[157.579,-8.7035],[157.622,-8.735],[157.644,-8.759]]],[[[159.75,-9.273],[159.9695,-9.433],[160.0665,-9.419],[160.3545,-9.4225],[160.524,-9.537],[160.6245,-9.589],[160.682,-9.6915],[160.7505,-9.716],[160.794,-9.768],[160.819,-9.8635],[160.801,-9.879],[160.7145,-9.9135],[160.65,-9.9295],[160.4805,-9.8945],[160.322,-9.8215],[160.002,-9.813],[159.854,-9.792],[159.804,-9.7625],[159.757,-9.726],[159.6815,-9.6375],[159.62,-9.532],[159.613,-9.471],[159.606,-9.353],[159.624,-9.3115],[159.685,-9.268],[159.75,-9.273]]],[[[159.8795,-8.5335],[159.8795,-8.558],[159.746,-8.4745],[159.6455,-8.372],[159.354,-8.261],[159.2925,-8.2035],[159.2385,-8.197],[159.091,-8.103],[158.9435,-8.0405],[158.8535,-7.959],[158.832,-7.926],[158.778,-7.907],[158.688,-7.8185],[158.598,-7.7595],[158.5655,-7.6515],[158.479,-7.577],[158.4575,-7.544],[158.7345,-7.605],[158.864,-7.723],[158.972,-7.789],[159.012,-7.8375],[159.109,-7.9035],[159.199,-7.9105],[159.2855,-7.9765],[159.368,-7.9935],[159.433,-8.0285],[159.8435,-8.327],[159.793,-8.407],[159.847,-8.464],[159.8795,-8.5335]]],[[[157.4855,-7.3305],[157.518,-7.365],[157.442,-7.426],[157.338,-7.393],[157.316,-7.36],[157.316,-7.341],[157.244,-7.353],[157.1,-7.3235],[156.906,-7.181],[156.697,-6.9105],[156.4955,-6.761],[156.456,-6.716],[156.452,-6.638],[156.481,-6.6085],[156.6035,-6.6415],[156.7655,-6.7645],[157.032,-6.8915],[157.104,-6.9575],[157.147,-7.1135],[157.194,-7.1605],[157.338,-7.28],[157.4135,-7.308],[157.453,-7.313],[157.4855,-7.3305]]],[[[160.7505,-8.315],[160.999,-8.6115],[160.988,-8.6655],[160.956,-8.6985],[160.945,-8.799],[160.974,-8.8375],[161.042,-8.8545],[161.1575,-8.9625],[161.204,-9.0925],[161.208,-9.1325],[161.258,-9.1915],[161.258,-9.3165],[161.366,-9.49],[161.377,-9.5735],[161.366,-9.6115],[161.323,-9.589],[161.19,-9.393],[161.042,-9.308],[161.024,-9.2715],[160.873,-9.157],[160.772,-8.964],[160.664,-8.6205],[160.7145,-8.539],[160.592,-8.372],[160.596,-8.3285],[160.65,-8.339],[160.686,-8.3355],[160.704,-8.3165],[160.7505,-8.315]]],[[[161.7155,-10.3875],[161.8415,-10.4465],[161.9135,-10.436],[162.0215,-10.476],[162.104,-10.4535],[162.158,-10.5055],[162.288,-10.7105],[162.288,-10.7765],[162.374,-10.8235],[162.302,-10.832],[162.2015,-10.8075],[162.122,-10.825],[162.043,-10.785],[161.906,-10.7645],[161.7875,-10.7175],[161.539,-10.5665],[161.539,-10.492],[161.4995,-10.4555],[161.4885,-10.3615],[161.3985,-10.332],[161.294,-10.327],[161.287,-10.2815],[161.305,-10.2035],[161.3805,-10.2055],[161.474,-10.2385],[161.654,-10.351],[161.6975,-10.372],[161.7155,-10.3875]]]]}},{"type":"Feature","geometry":{"type":"MultiPolygon","coordinates":[[[[-10.2835,8.4845],[-10.557,8.316],[-10.712,8.335],[-10.503,8.66],[-10.6145,9.059],[-10.7515,9.1215],[-10.6905,9.3145],[-11.205,9.9775],[-11.9105,9.993],[-12.141,9.875],[-12.501,9.863],[-12.7565,9.3735],[-13.0265,9.104],[-13.293,9.0485],[-13.07,8.856],[-13.2065,8.844],[-13.1815,8.5765],[-12.9115,8.5815],[-13.0845,8.4255],[-13.2605,8.488],[-13.149,8.2155],[-12.9585,8.146],[-12.8825,7.856],[-12.512,7.665],[-12.4865,7.3855],[-11.9285,7.184],[-11.5075,6.9065],[-11.2665,7.233],[-10.647,7.759],[-10.5715,8.0715],[-10.388,8.158],[-10.2835,8.4845]]],[[[-12.5265,7.436],[-12.6165,7.6375],[-12.951,7.5715],[-12.5265,7.436]]]]},"properties":{"name":"Sierra Leone"},"id":"SLE"},{"type":"Feature","id":"SLV","properties":{"name":"El Salvador"},"geometry":{"type":"Polygon","coordinates":[[[-89.362,14.4165],[-89.3365,14.411],[-89.171,14.361],[-89.1205,14.3695],[-89.056,14.3295],[-89.027,14.2965],[-89.002,14.253],[-88.8685,14.163],[-88.847,14.125],[-88.7465,14.0725],[-88.7065,14.0325],[-88.667,14.0155],[-88.5845,14],[-88.5125,13.979],[-88.505,13.965],[-88.498,13.9045],[-88.4835,13.854],[-88.4475,13.8505],[-88.408,13.875],[-88.2745,13.9425],[-88.1525,13.9875],[-88.0805,13.96],[-88.037,13.9045],[-87.9905,13.88],[-87.893,13.8955],[-87.803,13.8905],[-87.731,13.842],[-87.7165,13.8125],[-87.76,13.649],[-87.7745,13.5795],[-87.7815,13.5205],[-87.7565,13.5065],[-87.731,13.4825],[-87.7385,13.451],[-87.814,13.399],[-87.839,13.385],[-87.821,13.2845],[-87.8785,13.224],[-87.929,13.1805],[-88.0225,13.168],[-88.181,13.1645],[-88.4185,13.2135],[-88.5915,13.281],[-88.685,13.281],[-88.6565,13.2585],[-88.5805,13.2445],[-88.4835,13.1975],[-88.5125,13.184],[-88.8685,13.283],[-89.279,13.477],[-89.524,13.5085],[-89.8045,13.5605],[-89.9705,13.684],[-90.0965,13.736],[-90.107,13.783],[-90.1035,13.835],[-90.0495,13.9045],[-89.9415,13.998],[-89.873,14.045],[-89.8405,14.0555],[-89.794,14.05],[-89.7505,14.076],[-89.711,14.142],[-89.6715,14.182],[-89.5705,14.2255],[-89.5455,14.241],[-89.5565,14.2775],[-89.578,14.347],[-89.5745,14.3905],[-89.542,14.4095],[-89.5025,14.413],[-89.4195,14.4305],[-89.3835,14.427],[-89.362,14.4165]]]}},{"type":"Feature","id":"SMR","properties":{"name":"San Marino"},"geometry":{"type":"Polygon","coordinates":[[[12.4865,43.9005],[12.4255,43.8935],[12.3965,43.9355],[12.44,43.9825],[12.5045,43.989],[12.5155,43.953],[12.4865,43.9005]]]}},{"type":"Feature","geometry":{"type":"Polygon","coordinates":[[[41.532,-1.6955],[41.978,-0.9735],[42.5615,-0.3225],[43.4685,0.622],[44.3325,1.391],[44.9195,1.8095],[45.8265,2.3095],[46.05,2.4745],[46.878,3.285],[47.976,4.497],[48.235,4.9535],[48.649,5.495],[49.0485,6.174],[49.092,6.408],[49.3475,6.99],[49.7615,7.66],[49.8515,7.962],[50.1035,8.2],[50.431,8.8455],[50.8235,9.429],[50.9315,10.335],[51.2085,10.4305],[51.385,10.387],[51.1405,10.656],[51.0825,11.335],[51.2555,11.8315],[50.791,11.9845],[50.1105,11.5295],[49.6425,11.4515],[49.387,11.342],[48.937,11.2585],[48.937,9.4515],[47.9795,7.9965],[47.1585,7.2085],[45.9345,5.997],[44.941,4.912],[44.0265,4.9515],[43.537,4.8405],[43.015,4.563],[42.792,4.292],[42.025,4.1375],[41.8845,3.978],[41.341,3.202],[40.963,2.8145],[40.97,1.379],[40.9775,-0.871],[41.521,-1.572],[41.532,-1.6955]]]},"properties":{"name":"Somalia"},"id":"SOM"},{"type":"Feature","geometry":{"type":"Polygon","coordinates":[[[48.937,11.2585],[48.6745,11.323],[48.019,11.139],[47.4035,11.1735],[46.5645,10.7465],[45.816,10.835],[45.337,10.6495],[44.9445,10.4375],[44.3865,10.4305],[43.854,10.7845],[43.44,11.347],[43.2455,11.5],[42.9215,11],[42.6585,10.6215],[42.842,10.203],[43.1805,9.88],[43.483,9.3805],[43.62,9.337],[44.023,8.986],[45.5565,8.4825],[46.9785,7.9965],[47.9795,7.9965],[48.937,9.4515],[48.937,11.2585]]]},"properties":{"name":"Somaliland"},"id":"SOMALILAND"},{"type":"Feature","id":"SPM","properties":{"name":"Saint Pierre and Miquelon"},"geometry":{"type":"MultiPolygon","coordinates":[[[[-56.1515,46.7615],[-56.173,46.753],[-56.2415,46.767],[-56.209,46.798],[-56.184,46.807],[-56.1515,46.81],[-56.137,46.8015],[-56.141,46.779],[-56.1515,46.7615]]],[[[-56.267,46.838],[-56.353,46.7945],[-56.3855,46.819],[-56.3785,46.8485],[-56.3315,46.916],[-56.335,46.935],[-56.3855,47.067],[-56.3785,47.0895],[-56.364,47.0985],[-56.2885,47.0705],[-56.2775,47.034],[-56.3135,46.9545],[-56.2885,46.9005],[-56.256,46.8605],[-56.267,46.838]]]]}},{"type":"Feature","geometry":{"type":"Polygon","coordinates":[[[22.7035,44.2375],[22.495,44.4355],[22.7215,44.6055],[22.4985,44.706],[22.0915,44.5415],[21.357,44.8625],[21.433,45.1925],[20.774,45.484],[20.774,45.7495],[20.241,46.109],[19.532,46.156],[18.9055,45.932],[18.841,45.8365],[19.057,45.5275],[19.0065,45.399],[19.3305,45.2685],[19.136,45.1955],[19.0065,44.8695],[19.3485,44.8815],[19.1505,44.5275],[19.1505,44.3015],[19.5825,44.043],[19.244,43.965],[19.489,43.703],[19.1935,43.5325],[19.55,43.2115],[20.468,42.8575],[20.763,43.2585],[21.0585,43.0915],[21.3895,42.7515],[21.753,42.67],[21.5625,42.248],[22.239,42.3575],[22.3435,42.314],[22.5235,42.4405],[22.466,42.8415],[22.707,42.8835],[22.977,43.187],[22.556,43.4545],[22.394,43.7065],[22.419,44.0065],[22.7035,44.2375]]]},"properties":{"name":"Serbia"},"id":"SRB"},{"type":"Feature","geometry":{"type":"Polygon","coordinates":[[[33.9755,4.221],[35.268,5.4915],[35.0805,5.674],[34.7095,6.66],[34.0655,7.226],[33.9035,7.509],[33.6655,7.6705],[33.2265,7.7605],[33.014,7.9515],[33.2335,8.396],[33.41,8.448],[33.9535,8.443],[34.094,8.5815],[34.0795,9.462],[33.8925,9.462],[33.961,9.8455],[33.8925,10.1995],[33.3815,10.646],[33.14,10.738],[33.1725,10.8505],[33.0715,11.592],[33.1975,12.217],[32.7225,12.224],[32.737,12.0105],[32.071,12.007],[32.3335,11.715],[32.4055,11.057],[31.934,10.663],[31.6535,10.2205],[31.225,9.7985],[30.739,9.743],[30.476,9.979],[30.0045,10.278],[29.605,10.064],[29.4715,9.769],[28.9785,9.594],[28.8455,9.3265],[28.0495,9.328],[27.884,9.599],[27.074,9.6145],[26.7645,9.5],[26.552,9.526],[26.1705,9.9655],[25.9185,10.17],[25.7995,10.42],[25.0655,10.2935],[25.004,10.0555],[24.7845,9.7745],[24.5325,8.887],[24.147,8.665],[24.291,8.292],[24.853,8.1375],[25.249,7.724],[25.1915,7.5195],[25.382,7.3335],[25.8895,7.0645],[26.3615,6.6355],[26.3075,6.455],[26.5125,6.0695],[27.085,5.7765],[27.229,5.563],[27.2575,5.29],[27.4015,5.1095],[27.787,4.6445],[28.1935,4.351],[28.4275,4.325],[28.7265,4.5055],[29.1515,4.3875],[29.468,4.6115],[29.677,4.587],[30.1955,3.9815],[30.5085,3.8355],[30.5875,3.6235],[30.8395,3.49],[31.153,3.785],[31.4805,3.681],[31.7975,3.8025],[31.9415,3.608],[32.1575,3.528],[32.3375,3.707],[32.996,3.8805],[33.1545,3.7745],[33.4895,3.7555],[33.9755,4.221]]]},"properties":{"name":"South Sudan"},"id":"SSD"},{"type":"Feature","id":"STP","properties":{"name":"São Tomé and Príncipe"},"geometry":{"type":"MultiPolygon","coordinates":[[[[7.425,1.568],[7.3855,1.542],[7.3425,1.563],[7.3315,1.603],[7.389,1.6795],[7.4145,1.6985],[7.436,1.683],[7.4505,1.662],[7.454,1.6305],[7.425,1.568]]],[[[6.6585,0.1205],[6.5575,0.0475],[6.5215,0.0665],[6.4965,0.117],[6.4675,0.228],[6.4785,0.28],[6.525,0.341],[6.626,0.4],[6.687,0.405],[6.7485,0.3255],[6.7485,0.2435],[6.6585,0.1205]]]]}},{"type":"Feature","geometry":{"type":"Polygon","coordinates":[[[-54.157,5.3595],[-54.0525,5.8075],[-54.834,5.988],[-55.8275,5.962],[-55.939,5.7955],[-56.465,5.938],[-56.969,5.9935],[-57.1955,5.549],[-57.318,5.3355],[-57.21,5.1945],[-57.3325,5.0195],[-57.7105,4.9915],[-57.9155,4.82],[-57.847,4.6685],[-58.056,4.172],[-57.833,3.6755],[-57.5485,3.353],[-57.3035,3.377],[-57.21,2.8825],[-56.706,2.037],[-56.483,1.9415],[-56.0185,1.8425],[-55.914,2.0385],[-56.13,2.299],[-55.9355,2.516],[-55.7305,2.4065],[-55.385,2.4415],[-54.978,2.5975],[-54.618,2.327],[-54.402,2.4625],[-54.1965,2.818],[-54.1895,3.179],[-53.9915,3.589],[-54.3515,4.054],[-54.4485,4.4845],[-54.4525,5.014],[-54.157,5.3595]]]},"properties":{"name":"Suriname"},"id":"SUR"},{"type":"Feature","geometry":{"type":"Polygon","coordinates":[[[22.538,49.072],[22.0195,49.2095],[21.638,49.4125],[21.08,49.4175],[20.947,49.317],[20.6155,49.3915],[20.162,49.317],[20.0575,49.1815],[19.755,49.204],[19.773,49.3725],[19.442,49.598],[19.1505,49.4005],[18.8335,49.5115],[18.596,49.4905],[18.1605,49.258],[18.085,49.0655],[17.757,48.888],[17.1885,48.8605],[16.9545,48.5985],[16.8645,48.3865],[17.149,48.0065],[17.761,47.77],[18.7255,47.7875],[18.7905,48.001],[19.467,48.1105],[19.6255,48.2235],[19.899,48.1315],[20.335,48.296],[20.4895,48.527],[21.451,48.5515],[21.7675,48.338],[22.131,48.4055],[22.538,49.072]]]},"properties":{"name":"Slovakia"},"id":"SVK"},{"type":"Feature","geometry":{"type":"Polygon","coordinates":[[[16.515,46.4995],[16.285,46.857],[16.094,46.864],[15.957,46.6785],[14.9995,46.626],[14.5025,46.418],[13.7,46.5205],[13.3795,46.2615],[13.6315,46.1765],[13.4875,46.0395],[13.5705,45.8345],[13.8765,45.614],[13.7215,45.588],[13.5775,45.517],[13.88,45.4285],[14.3695,45.482],[14.535,45.6455],[14.8485,45.4665],[15.338,45.4665],[15.277,45.732],[15.626,45.8345],[15.637,46.201],[16.515,46.4995]]]},"properties":{"name":"Slovenia"},"id":"SVN"},{"type":"Feature","geometry":{"type":"MultiPolygon","coordinates":[[[[19.075,57.8355],[18.5385,57.8305],[18.135,57.556],[18.1065,57.2715],[18.2865,57.084],[18.146,56.9205],[18.909,57.398],[18.8155,57.7055],[19.075,57.8355]]],[[[16.5295,56.2905],[17.1165,57.32],[17.0265,57.3445],[16.411,56.5685],[16.5295,56.2905]]],[[[11.3885,59.037],[11.1945,59.0785],[11.27,58.476],[11.45,58.1185],[11.702,57.9725],[11.7345,57.7175],[12.422,56.907],[12.8825,56.617],[12.5085,56.2925],[12.9405,55.806],[12.8865,55.412],[13.322,55.346],[14.175,55.3965],[14.3405,55.5285],[14.2145,55.832],[14.715,56.1345],[15.997,56.223],[16.5295,57.0685],[16.652,57.5005],[16.555,57.813],[16.771,58.214],[16.789,58.5855],[18.2865,59.11],[18.5095,59.4085],[18.218,59.4205],[18.9705,59.7575],[18.787,60.08],[17.955,60.5905],[17.66,60.535],[17.2495,60.7],[17.1955,61.724],[17.3755,61.8665],[17.57,62.4515],[18.038,62.601],[17.894,62.83],[18.463,62.896],[18.607,63.179],[19.035,63.238],[19.3555,63.4775],[20.763,63.868],[21.019,64.177],[21.519,64.4635],[21.1375,64.809],[21.4255,65.012],[21.573,65.125],[21.5805,65.1615],[21.566,65.408],[22.2535,65.5975],[22.365,65.842],[23.103,65.736],[24.1545,65.8055],[23.751,66.191],[23.701,66.481],[23.989,66.8105],[23.467,67.4495],[23.6395,67.9545],[22.783,68.3905],[21.998,68.5205],[20.918,68.906],[20.8965,68.979],[20.623,69.0365],[20.115,69.0205],[20.281,68.934],[20.3385,68.899],[20.3205,68.7535],[19.971,68.356],[18.38,68.5625],[17.9155,67.965],[17.325,68.104],[16.785,67.8955],[16.587,67.6285],[16.1265,67.4255],[16.4035,67.0555],[15.4245,66.4895],[15.4855,66.3055],[14.5425,66.13],[14.636,65.8455],[14.481,65.302],[14.3515,65.17],[14.114,64.9465],[13.6495,64.5815],[14.078,64.4635],[14.1425,64.1735],[13.959,64.014],[13.3005,64.075],[12.663,63.941],[12.1735,63.5955],[12.0005,63.292],[12.2165,63],[12.116,62.592],[12.303,62.285],[12.1555,61.721],[12.879,61.3525],[12.6845,61.047],[12.296,61.002],[12.5875,60.45],[12.4865,60.1065],[11.9325,59.863],[11.6805,59.5925],[11.799,59.2905],[11.6445,58.926],[11.3885,59.037]]]]},"properties":{"name":"Sweden"},"id":"SWE"},{"type":"Feature","id":"SWZ","properties":{"name":"Eswatini"},"geometry":{"type":"Polygon","coordinates":[[[31.9485,-25.958],[31.97,-25.9715],[32.06,-26.0185],[32.0675,-26.1105],[32.06,-26.215],[32.042,-26.2805],[32.0495,-26.3465],[32.078,-26.449],[32.107,-26.5205],[32.114,-26.8395],[32.0815,-26.824],[32.024,-26.812],[31.9955,-26.817],[31.9665,-26.961],[31.945,-27.173],[31.9595,-27.3065],[31.7435,-27.31],[31.4695,-27.2965],[31.2755,-27.239],[31.063,-27.1125],[30.937,-26.916],[30.883,-26.793],[30.8075,-26.786],[30.793,-26.765],[30.7855,-26.614],[30.7895,-26.456],[30.8035,-26.4125],[30.944,-26.218],[31.034,-26.0985],[31.088,-25.9805],[31.207,-25.8435],[31.3365,-25.7545],[31.3835,-25.7425],[31.4155,-25.746],[31.639,-25.8675],[31.873,-25.982],[31.9235,-25.968],[31.9485,-25.958]]]}},{"type":"Feature","id":"SXM","properties":{"name":"Sint Maarten"},"geometry":{"type":"Polygon","coordinates":[[[-63.125,18.069],[-63.0095,18.069],[-63.013,18.0445],[-63.024,18.0185],[-63.089,18.041],[-63.125,18.0635],[-63.125,18.069]]]}},{"type":"Feature","id":"SYC","properties":{"name":"Seychelles"},"geometry":{"type":"Polygon","coordinates":[[[55.5395,-4.6935],[55.543,-4.7855],[55.4965,-4.7545],[55.482,-4.6955],[55.417,-4.65],[55.385,-4.6085],[55.457,-4.558],[55.5395,-4.6935]]]}},{"type":"Feature","geometry":{"type":"Polygon","coordinates":[[[35.894,35.917],[35.7645,35.5715],[35.9445,35.224],[35.898,34.8525],[35.977,34.6285],[36.434,34.613],[36.5855,34.2205],[36.2975,33.9585],[36.348,33.8265],[36.092,33.832],[35.869,33.4325],[35.912,32.95],[35.786,32.7345],[36.373,32.3875],[36.8195,32.318],[38.774,33.372],[40.6895,34.332],[40.988,34.429],[41.1935,34.7695],[41.215,35.2885],[41.3555,35.641],[41.244,36.073],[41.4165,36.514],[41.7875,36.5975],[42.36,37.1095],[42.27,37.276],[41.514,37.0885],[40.7075,37.0975],[40.016,36.8265],[39.3575,36.6825],[38.767,36.693],[38.191,36.901],[37.435,36.6425],[37.068,36.653],[36.6575,36.802],[36.5385,36.4565],[36.636,36.2345],[36.3765,36.172],[36.1535,35.8335],[35.894,35.917]]]},"properties":{"name":"Syria"},"id":"SYR"},{"type":"Feature","id":"TCA","properties":{"name":"Turks and Caicos Islands"},"geometry":{"type":"MultiPolygon","coordinates":[[[[-71.6605,21.765],[-71.664,21.751],[-71.7215,21.791],[-71.8295,21.791],[-71.8475,21.843],[-71.8045,21.8515],[-71.6675,21.8325],[-71.6355,21.7875],[-71.6605,21.765]]],[[[-71.88,21.8415],[-71.898,21.829],[-71.9555,21.864],[-71.963,21.8915],[-71.9845,21.8935],[-72.0205,21.9175],[-72.0095,21.9505],[-71.9305,21.9525],[-71.898,21.862],[-71.88,21.8415]]],[[[-72.3335,21.8515],[-72.2185,21.796],[-72.15,21.805],[-72.143,21.7925],[-72.1825,21.7805],[-72.1895,21.77],[-72.3015,21.7545],[-72.3335,21.758],[-72.341,21.796],[-72.3335,21.8515]]]]}},{"type":"Feature","geometry":{"type":"Polygon","coordinates":[[[23.9815,19.496],[22.063,20.442],[20.6265,21.152],[18.711,22.098],[17.7535,22.572],[15.9825,23.4455],[14.978,22.9955],[15.1725,21.923],[15.183,21.5235],[15.608,20.954],[15.5865,20.7335],[15.95,20.303],[15.734,19.904],[15.597,18.3365],[15.475,16.9075],[14.3695,15.7495],[13.808,14.9665],[13.448,14.38],[13.6065,13.7045],[14.0635,13.078],[14.517,12.979],[14.546,12.821],[14.762,12.656],[14.8805,12.269],[15.0825,11.8455],[15.122,11.5415],[15.0285,11.1145],[15.068,10.8505],[15.277,10.3575],[15.655,10.007],[14.8375,9.941],[14.2435,9.979],[13.977,9.691],[14.3335,9.203],[15.115,8.5575],[15.4425,7.8525],[15.5505,7.7885],[15.4785,7.5245],[15.8455,7.476],[16.3785,7.684],[16.544,7.8645],[16.785,7.5505],[17.649,7.983],[18.5925,8.061],[19.107,8.6565],[18.877,8.8735],[19.147,9.0155],[19.669,9.021],[20.072,9.1335],[20.342,9.127],[20.774,9.4065],[21.2635,9.974],[21.397,10.0015],[21.7245,10.3665],[21.7065,10.5745],[22.045,10.823],[22.495,10.9965],[22.8585,10.92],[22.923,11.3455],[22.6425,11.5155],[22.556,11.67],[22.581,11.9895],[22.491,12.045],[22.351,12.6615],[22.0015,12.6715],[21.825,12.79],[21.991,13.1125],[22.2285,13.3295],[22.106,13.7305],[22.1745,13.911],[22.509,14.128],[22.383,14.55],[22.671,14.722],[22.6785,14.852],[22.934,15.163],[22.934,15.5325],[23.107,15.703],[23.9815,15.781],[23.9815,17.267],[23.9815,19.496]]]},"properties":{"name":"Chad"},"id":"TCD"},{"type":"Feature","geometry":{"type":"Polygon","coordinates":[[[0.902,10.993],[0.484,10.9915],[-0.07,11.1165],[0.009,11.021],[-0.0595,10.63],[0.38,10.2915],[0.322,9.6875],[0.232,9.4635],[0.5275,9.3995],[0.488,8.851],[0.3725,8.759],[0.6895,8.304],[0.585,8.146],[0.6065,7.7275],[0.4985,7.547],[0.6355,7.3545],[0.524,6.851],[0.736,6.4535],[0.9845,6.3195],[1.186,6.089],[1.622,6.2175],[1.7765,6.2955],[1.5785,6.6875],[1.532,6.993],[1.6255,6.9965],[1.6255,8.271],[1.6,9.0505],[1.384,9.361],[1.33,9.9965],[0.765,10.387],[0.7865,10.71],[0.902,10.993]]]},"properties":{"name":"Togo"},"id":"TGO"},{"type":"Feature","geometry":{"type":"MultiPolygon","coordinates":[[[[98.409,7.903],[98.301,8.1355],[98.297,7.776],[98.409,7.903]]],[[[100.1225,20.317],[99.892,20.4245],[99.64,20.3205],[99.46,20.362],[99.503,20.1885],[99.021,20.041],[98.9165,19.7735],[98.2395,19.6905],[98.0165,19.7495],[97.8185,19.4595],[97.804,19.1295],[97.707,18.9315],[97.7535,18.621],[97.4835,18.4945],[97.631,18.291],[97.793,17.682],[98.4375,16.9755],[98.477,16.732],[98.6895,16.305],[98.837,16.418],[98.819,16.18],[98.5925,16.05],[98.5635,15.404],[98.193,15.2045],[98.247,14.814],[98.571,14.359],[98.9345,14.05],[99.136,13.717],[99.1755,13.2325],[99.107,13.104],[99.219,12.7395],[99.406,12.5485],[99.4635,12.191],[99.615,11.781],[99.19,11.106],[98.758,10.6615],[98.704,10.191],[98.373,9.29],[98.225,8.5435],[98.3045,8.226],[98.578,8.344],[98.7905,8.059],[99.0495,7.8875],[99.359,7.3715],[99.597,7.356],[99.5535,7.219],[99.719,7.106],[99.6975,6.877],[100.119,6.441],[100.1765,6.672],[100.3455,6.5505],[100.792,6.4255],[100.875,6.245],[101.055,6.2435],[101.0765,5.957],[100.983,5.771],[101.1125,5.6375],[101.2565,5.79],[101.555,5.908],[101.649,5.7955],[101.872,5.825],[102.1025,6.2415],[101.8,6.474],[101.4975,6.865],[101.019,6.8615],[100.587,7.1755],[100.425,7.1875],[100.205,7.5],[100.1585,7.7275],[100.317,7.7155],[100.4535,7.443],[100.281,8.269],[99.9605,8.672],[99.9065,9.113],[99.723,9.3145],[99.395,9.2135],[99.161,9.7345],[99.165,10.3195],[99.485,10.889],[99.6255,11.4635],[99.989,12.17],[99.964,12.691],[100.09,13.045],[100.018,13.354],[100.234,13.484],[100.655,13.5205],[100.961,13.432],[100.864,12.715],[101.4435,12.6195],[101.7245,12.689],[102.034,12.531],[102.5415,12.1095],[102.5955,12.203],[102.934,11.7065],[102.736,12.09],[102.754,12.427],[102.4985,12.67],[102.4625,13.0155],[102.329,13.288],[102.3185,13.5395],[102.545,13.585],[102.909,14.137],[103.2005,14.333],[103.6,14.4215],[103.8195,14.3625],[104.41,14.3695],[104.777,14.4285],[105.0725,14.227],[105.184,14.347],[105.4755,14.531],[105.5475,14.932],[105.5115,15.361],[105.6235,15.6995],[105.4,15.8295],[105.4075,15.9875],[105.0475,16.161],[104.752,16.647],[104.817,17.3],[104.741,17.4615],[104.428,17.699],[104.05,18.2165],[103.4885,18.418],[103.287,18.409],[103.053,18.029],[102.718,17.892],[102.149,18.2045],[101.775,18.034],[101.6885,17.89],[101.105,17.4785],[100.907,17.5845],[101.1125,18.034],[101.051,18.4075],[101.285,18.977],[101.213,19.548],[100.965,19.6105],[100.6265,19.4995],[100.396,19.7565],[100.5435,20.088],[100.3745,20.3395],[100.1225,20.317]]]]},"properties":{"name":"Thailand"},"id":"THA"},{"type":"Feature","geometry":{"type":"Polygon","coordinates":[[[67.758,37.172],[68.0675,36.9495],[68.669,37.2585],[68.9605,37.3245],[69.2665,37.1075],[69.414,37.2085],[69.4935,37.554],[70.253,37.665],[70.2135,37.9235],[70.6165,38.335],[70.8795,38.4565],[71.2575,38.3075],[71.3185,37.901],[71.5525,37.9325],[71.4335,37.127],[71.5955,36.7325],[71.801,36.6945],[72.359,36.9825],[72.6575,37.0295],[72.8955,37.2675],[73.482,37.4725],[73.7195,37.4185],[73.7485,37.231],[74.2595,37.415],[74.6595,37.394],[74.8895,37.231],[75.12,37.3855],[74.8935,37.6005],[74.9365,37.7725],[74.7455,38.5105],[74.2775,38.6595],[74.0255,38.54],[73.8025,38.6075],[73.6945,38.854],[73.7955,39.0015],[73.608,39.229],[73.6335,39.4495],[73.2335,39.375],[72.6395,39.3855],[72.2295,39.2085],[72.042,39.3525],[71.8045,39.276],[71.4695,39.604],[70.7315,39.413],[70.6095,39.564],[69.5975,39.5745],[69.299,39.524],[69.306,39.9685],[69.9685,40.203],[70.451,40.0485],[70.5155,39.9495],[70.9585,40.2395],[70.6525,40.2015],[70.3825,40.453],[70.7495,40.7395],[70.44,41.024],[70.2925,40.892],[69.713,40.658],[69.414,40.7965],[69.2055,40.566],[69.2735,40.198],[68.928,40.137],[68.8705,39.908],[68.64,39.8385],[68.4635,39.5365],[67.7185,39.6215],[67.427,39.465],[67.3515,39.241],[67.6755,39.0085],[68.1035,38.962],[68.046,38.67],[68.1435,38.3835],[68.334,38.238],[68.2945,38.033],[67.8155,37.486],[67.758,37.172]]]},"properties":{"name":"Tajikistan"},"id":"TJK"},{"type":"Feature","geometry":{"type":"Polygon","coordinates":[[[55.979,41.3225],[55.547,41.262],[55.248,41.458],[54.9025,41.92],[54.121,42.335],[53.25,42.2065],[52.872,42.0605],[52.494,41.781],[52.861,41.21],[52.969,41.9755],[53.1635,42.0935],[53.8475,42.092],[54.096,41.519],[54.5925,41.1945],[54.7115,40.8905],[54.319,40.835],[54.3765,40.6925],[53.7645,40.6665],[53.6135,40.8195],[53.1455,40.8245],[52.944,41.038],[52.735,40.399],[52.897,39.913],[52.987,39.9875],[53.4875,39.9095],[53.6025,39.547],[53.2355,39.6095],[53.1565,39.2655],[53.3365,39.34],[53.7035,39.21],[53.887,38.8645],[53.8225,37.927],[53.916,37.344],[54.193,37.3315],[54.744,37.502],[55.075,37.903],[55.579,38.099],[56.227,38.073],[56.4395,38.25],[57.192,38.217],[57.336,37.9895],[58.11,37.783],[58.434,37.639],[58.8155,37.684],[59.3015,37.5105],[59.561,37.179],[59.9495,37.0415],[60.342,36.637],[61.1195,36.6425],[61.17,36.573],[61.2635,35.62],[61.5445,35.4585],[61.937,35.448],[62.3075,35.1705],[62.689,35.2555],[63.0565,35.4465],[63.107,35.818],[63.863,36.0125],[64.511,36.3405],[64.817,37.132],[65.0905,37.238],[65.555,37.252],[65.7635,37.5695],[66.1095,37.415],[66.5235,37.349],[66.527,37.7865],[66.6275,37.9325],[65.8575,38.269],[65.6125,38.238],[64.6585,38.736],[64.309,38.9775],[64.1615,38.953],[63.5065,39.3765],[62.6495,39.8595],[62.441,40.0365],[62.376,40.3315],[62.095,40.684],[61.9045,41.0935],[61.4975,41.276],[61.3285,41.1945],[60.4535,41.222],[60.09,41.399],[60.0755,41.701],[60.191,41.835],[59.964,41.9545],[60.007,42.1905],[59.8595,42.295],[59.453,42.3],[59.1215,42.524],[58.877,42.562],[58.589,42.779],[58.153,42.628],[58.4845,42.3175],[58.027,42.4875],[57.815,42.189],[57.383,42.156],[56.965,41.8575],[57.019,41.2635],[55.979,41.3225]]]},"properties":{"name":"Turkmenistan"},"id":"TKM"},{"type":"Feature","id":"TLS","properties":{"name":"Timor-Leste"},"geometry":{"type":"MultiPolygon","coordinates":[[[[125.6465,-8.1395],[125.5785,-8.3115],[125.5065,-8.275],[125.5855,-8.1795],[125.6215,-8.15],[125.6465,-8.1395]]],[[[125.067,-9.5125],[125.0345,-9.3825],[124.9985,-9.325],[124.97,-9.294],[124.959,-9.254],[124.959,-9.214],[124.977,-9.195],[125.0995,-9.19],[125.15,-9.124],[125.15,-9.042],[125.1245,-9.016],[125.0995,-9.004],[124.9735,-9.065],[124.9375,-9.0525],[124.916,-9.032],[124.923,-8.9435],[125.0275,-8.86],[125.1175,-8.707],[125.1785,-8.648],[125.3225,-8.591],[125.3805,-8.575],[125.805,-8.492],[125.906,-8.4865],[126.1725,-8.4885],[126.5325,-8.471],[126.6185,-8.459],[126.734,-8.4225],[126.8455,-8.3775],[126.903,-8.341],[126.968,-8.3165],[127.058,-8.348],[127.2165,-8.372],[127.256,-8.3945],[127.2955,-8.424],[127.1155,-8.584],[126.914,-8.716],[126.7915,-8.756],[126.6655,-8.782],[126.5685,-8.832],[126.4855,-8.912],[126.381,-8.957],[126.266,-8.973],[126.165,-8.997],[126.0715,-9.044],[125.9455,-9.124],[125.895,-9.1325],[125.841,-9.131],[125.7365,-9.1605],[125.409,-9.2765],[125.211,-9.4035],[125.067,-9.5125]]],[[[124.0375,-9.341],[124.1995,-9.2555],[124.444,-9.19],[124.437,-9.2385],[124.412,-9.315],[124.376,-9.3495],[124.318,-9.4135],[124.282,-9.4275],[124.1345,-9.4135],[124.1165,-9.4225],[124.0915,-9.417],[124.052,-9.3755],[124.0375,-9.341]]]]}},{"type":"Feature","id":"TON","properties":{"name":"Tonga"},"geometry":{"type":"MultiPolygon","coordinates":[[[[-175.1615,-21.17],[-175.147,-21.17],[-175.133,-21.1405],[-175.079,-21.1285],[-175.0825,-21.1615],[-175.158,-21.2635],[-175.201,-21.224],[-175.3345,-21.158],[-175.363,-21.1075],[-175.3165,-21.0675],[-175.3235,-21.099],[-175.302,-21.1125],[-175.2265,-21.1195],[-175.158,-21.1455],[-175.201,-21.156],[-175.1615,-21.17]]],[[[-173.952,-18.639],[-173.9915,-18.698],[-174.0095,-18.698],[-174.0525,-18.663],[-174.0705,-18.6405],[-174.0025,-18.571],[-173.9665,-18.566],[-173.923,-18.5885],[-173.923,-18.6095],[-173.952,-18.639]]],[[[-174.913,-21.3],[-174.9205,-21.451],[-174.967,-21.3815],[-174.9745,-21.3505],[-174.924,-21.3035],[-174.913,-21.3]]]]}},{"type":"Feature","id":"TTO","properties":{"name":"Trinidad and Tobago"},"geometry":{"type":"MultiPolygon","coordinates":[[[[-60.756,11.179],[-60.81,11.1685],[-60.803,11.2085],[-60.709,11.2775],[-60.5615,11.323],[-60.5255,11.3245],[-60.547,11.264],[-60.756,11.179]]],[[[-61.0115,10.1335],[-61.1735,10.078],[-61.5985,10.064],[-61.771,10.085],[-61.9045,10.0695],[-61.663,10.191],[-61.6345,10.243],[-61.53,10.2535],[-61.4975,10.269],[-61.465,10.538],[-61.4795,10.604],[-61.4975,10.639],[-61.541,10.665],[-61.6345,10.6995],[-61.6525,10.7185],[-61.591,10.748],[-61.465,10.764],[-61.3715,10.797],[-61.1735,10.804],[-61.08,10.8315],[-60.918,10.84],[-60.997,10.717],[-61.033,10.67],[-61.019,10.5575],[-61.037,10.4825],[-61.015,10.387],[-60.9685,10.323],[-61.001,10.262],[-61.0045,10.1685],[-61.0115,10.1335]]]]}},{"type":"Feature","geometry":{"type":"MultiPolygon","coordinates":[[[[11.504,33.1825],[11.2015,33.2485],[11.0865,33.563],[10.7225,33.514],[10.712,33.6895],[10.4525,33.6615],[10.1575,33.849],[10.064,34.212],[10.5355,34.5455],[10.8665,34.884],[11.1185,35.24],[11.0035,35.634],[10.5895,35.8875],[10.5245,36.323],[10.7985,36.493],[11.126,36.8735],[11.054,37.073],[10.5715,36.8805],[10.413,36.731],[10.19,37.033],[10.197,37.2065],[9.6895,37.3405],[9.1425,37.1945],[8.577,36.9375],[8.21,36.495],[8.3505,36.368],[8.246,35.87],[8.3935,35.2035],[8.246,34.7345],[7.515,34.08],[7.5005,33.832],[7.731,33.2675],[8.0765,33.089],[8.3325,32.5435],[9.045,32.0715],[9.5205,30.2295],[9.8945,30.3875],[10.215,30.7835],[10.244,31.0315],[10.1145,31.464],[10.305,31.7055],[10.4745,31.7365],[10.827,32.08],[11.504,32.4135],[11.4535,32.6425],[11.504,33.1825]]],[[[10.9565,33.7225],[10.9205,33.8925],[10.7225,33.738],[10.9565,33.7225]]]]},"properties":{"name":"Tunisia"},"id":"TUN"},{"type":"Feature","geometry":{"type":"MultiPolygon","coordinates":[[[[41.51,41.517],[40.9595,41.2115],[40.2645,40.9615],[39.8075,40.9825],[39.426,41.1055],[38.382,40.925],[37.766,41.0795],[37.068,41.184],[36.776,41.3625],[36.51,41.262],[36.1785,41.427],[36.0525,41.682],[35.5595,41.6335],[35.2965,41.729],[35.005,42.064],[34.7495,41.9565],[33.3815,42.017],[32.305,41.729],[31.459,41.319],[31.2535,41.1075],[30.811,41.085],[30.3465,41.1975],[29.918,41.151],[29.3205,41.227],[29.047,41.007],[29.3635,40.809],[29.846,40.7375],[28.957,40.63],[28.7875,40.5345],[29.054,40.4235],[28.6295,40.3765],[27.848,40.382],[27.4775,40.3195],[27.283,40.4565],[26.7395,40.401],[26.3145,40.024],[26.1815,39.9895],[26.113,39.467],[26.8255,39.5625],[26.6815,39.2915],[27.013,38.887],[26.7645,38.71],[27.0995,38.415],[26.5955,38.4185],[26.5125,38.63],[26.2895,38.278],[26.6815,38.198],[27.2325,37.979],[27.2255,37.7255],[27.0775,37.6875],[27.218,37.389],[27.535,37.1635],[27.3475,37.019],[28.244,37.0295],[27.9345,36.809],[27.4555,36.712],[27.6575,36.6755],[28.3055,36.8125],[29.0395,36.693],[29.144,36.3975],[29.6875,36.1565],[30.2315,36.3075],[30.386,36.243],[30.559,36.526],[30.6455,36.8665],[31.351,36.8005],[32.0205,36.535],[32.377,36.184],[32.7945,36.0365],[33.6945,36.1825],[34.022,36.3405],[34.6015,36.785],[34.8105,36.7985],[35.394,36.5745],[36.049,36.91],[36.1895,36.66],[35.8115,36.309],[35.894,35.917],[36.1535,35.8335],[36.3765,36.172],[36.636,36.2345],[36.5385,36.4565],[36.6575,36.802],[37.068,36.653],[37.435,36.6425],[38.191,36.901],[38.767,36.693],[39.3575,36.6825],[40.016,36.8265],[40.7075,37.0975],[41.514,37.0885],[42.27,37.276],[42.36,37.1095],[42.774,37.3715],[43.094,37.368],[43.5155,37.245],[44.156,37.283],[44.282,36.9775],[44.606,37.1755],[44.7645,37.1425],[44.7935,37.29],[44.574,37.436],[44.5595,37.745],[44.21,37.908],[44.43,38.3575],[44.318,38.375],[44.2715,38.837],[44.023,39.3765],[44.39,39.422],[44.588,39.769],[44.8185,39.651],[44.768,39.703],[44.2895,40.04],[44.005,40.014],[43.71,40.1665],[43.5695,40.4825],[43.724,40.7205],[43.44,41.1075],[42.788,41.564],[42.468,41.439],[41.51,41.517]]],[[[28.0135,41.9685],[27.535,41.9215],[27.2935,42.0795],[26.581,41.9475],[26.3215,41.717],[26.581,41.6005],[26.624,41.4025],[26.3325,41.2395],[26.354,40.9965],[26.0375,40.7275],[26.1055,40.611],[26.7935,40.6265],[26.2535,40.314],[26.203,40.0745],[26.7715,40.498],[27.2575,40.6875],[27.499,40.974],[28.172,41.0815],[28.7805,40.974],[29.0575,41.229],[28.345,41.467],[27.9885,41.8555],[28.0135,41.9685]]]]},"properties":{"name":"Türkiye"},"id":"TUR"},{"type":"Feature","id":"TUV","properties":{"name":"Tuvalu"},"geometry":{"type":"MultiPolygon","coordinates":[[[[179.19,-8.542],[179.201,-8.53],[179.2045,-8.5185],[179.201,-8.51],[179.197,-8.498],[179.197,-8.481],[179.201,-8.461],[179.208,-8.4745],[179.208,-8.498],[179.215,-8.5115],[179.219,-8.52],[179.208,-8.53],[179.19,-8.542]]],[[[178.38,-8.071],[178.373,-8.069],[178.3765,-8.0555],[178.3835,-8.039],[178.391,-8.027],[178.38,-8.071]]],[[[177.1525,-7.198],[177.1525,-7.1945],[177.149,-7.191],[177.149,-7.1875],[177.1525,-7.1945],[177.1525,-7.1995],[177.1525,-7.198]]],[[[176.3135,-6.303],[176.321,-6.2895],[176.3245,-6.2895],[176.321,-6.2945],[176.3135,-6.303]]],[[[177.343,-6.1205],[177.3395,-6.114],[177.3395,-6.1105],[177.336,-6.1085],[177.3505,-6.1105],[177.3575,-6.114],[177.3575,-6.119],[177.343,-6.1205]]],[[[176.1335,-5.6935],[176.1265,-5.68],[176.13,-5.678],[176.141,-5.6865],[176.148,-5.707],[176.1335,-5.6935]]],[[[179.9065,-9.4],[179.9065,-9.4185],[179.9065,-9.42],[179.903,-9.4],[179.899,-9.386],[179.903,-9.388],[179.9065,-9.4]]],[[[179.867,-9.344],[179.874,-9.3475],[179.8775,-9.361],[179.8775,-9.3625],[179.8705,-9.351],[179.867,-9.344]]],[[[178.6825,-7.4915],[178.668,-7.463],[178.6645,-7.4545],[178.6895,-7.475],[178.693,-7.483],[178.693,-7.4935],[178.693,-7.4985],[178.6825,-7.4915]]]]}},{"type":"Feature","geometry":{"type":"Polygon","coordinates":[[[121.01,22.621],[121.3985,23.173],[121.64,24.1295],[121.827,24.534],[121.928,24.973],[121.593,25.275],[121.042,25.032],[120.628,24.4785],[120.1315,23.6535],[120.074,23.15],[120.326,22.5425],[120.5815,22.357],[120.6895,22.032],[120.8405,21.9245],[120.898,22.3795],[121.01,22.621]]]},"properties":{"name":"Taiwan"},"id":"TWN"},{"type":"Feature","geometry":{"type":"MultiPolygon","coordinates":[[[[39.498,-6.1745],[39.3105,-5.721],[39.192,-5.9315],[39.242,-6.275],[39.5735,-6.388],[39.498,-6.1745]]],[[[39.865,-4.9055],[39.674,-4.928],[39.6455,-5.369],[39.854,-5.256],[39.865,-4.9055]]],[[[32.9205,-9.407],[33.421,-9.608],[33.943,-9.6725],[33.997,-9.4955],[34.321,-9.7315],[34.5225,-10.03],[34.5835,-10.525],[34.663,-10.7105],[34.598,-11.037],[34.958,-11.5785],[35.6315,-11.582],[35.786,-11.4535],[36.0815,-11.537],[36.193,-11.6705],[36.517,-11.7155],[36.8735,-11.5715],[37.374,-11.7105],[37.831,-11.4815],[37.885,-11.3165],[38.1765,-11.278],[38.4935,-11.4135],[38.796,-11.2295],[39.3215,-11.122],[39.9875,-10.8215],[40.4625,-10.464],[39.782,-9.9135],[39.624,-9.41],[39.642,-9.193],[39.451,-8.9435],[39.3035,-8.4435],[39.44,-8.011],[39.4295,-7.813],[39.2855,-7.787],[39.289,-7.518],[39.5195,-7.124],[39.4725,-6.879],[39.289,-6.815],[39.127,-6.5565],[38.875,-6.3305],[38.821,-5.8775],[38.9795,-5.518],[39.2205,-4.692],[37.7985,-3.6745],[37.608,-3.461],[37.644,-3.046],[35.8365,-2.0375],[33.979,-1.003],[33.9035,-1.003],[32.3735,-1.003],[30.7425,-1.008],[30.5085,-1.067],[30.469,-1.131],[30.811,-1.5635],[30.829,-2.338],[30.5555,-2.4005],[30.4255,-2.6415],[30.433,-2.874],[30.7785,-2.9855],[30.7895,-3.275],[30.4255,-3.5895],[30.1485,-4.086],[29.7165,-4.4555],[29.4035,-4.4485],[29.342,-4.9835],[29.6085,-5.723],[29.479,-6.025],[29.54,-6.313],[29.7095,-6.617],[30.1055,-6.9155],[30.314,-7.204],[30.7495,-8.1935],[30.829,-8.386],[31.0775,-8.6115],[31.351,-8.6065],[31.675,-8.9085],[31.9415,-9.0545],[32.4345,-9.157],[32.9205,-9.407]]],[[[39.71,-7.978],[39.908,-7.65],[39.602,-7.9365],[39.71,-7.978]]]]},"properties":{"name":"Tanzania"},"id":"TZA"},{"type":"Feature","geometry":{"type":"Polygon","coordinates":[[[33.9035,-1.003],[33.943,0.174],[34.1625,0.605],[34.483,1.042],[34.789,1.2315],[34.7855,1.3805],[34.9655,1.643],[34.904,2.4795],[34.742,2.818],[34.447,3.1635],[34.4435,3.6065],[34.166,3.813],[33.9755,4.221],[33.4895,3.7555],[33.1545,3.7745],[32.996,3.8805],[32.3375,3.707],[32.1575,3.528],[31.9415,3.608],[31.7975,3.8025],[31.4805,3.681],[31.153,3.785],[30.8395,3.49],[30.908,3.4085],[30.7535,3.042],[30.847,2.8475],[30.728,2.4555],[31.178,2.2695],[31.2535,2.044],[30.944,1.683],[30.1845,0.973],[29.9435,0.82],[29.936,0.499],[29.7165,0.098],[29.5615,-0.9765],[29.576,-1.388],[29.8245,-1.336],[29.882,-1.4525],[30.1015,-1.369],[30.361,-1.074],[30.5085,-1.067],[30.7425,-1.008],[32.3735,-1.003],[33.9035,-1.003]]]},"properties":{"name":"Uganda"},"id":"UGA"},{"type":"Feature","geometry":{"type":"Polygon","coordinates":[[[38.2125,47.0915],[38.288,47.5585],[38.9,47.8555],[39.7355,47.845],[39.9585,48.2685],[39.836,48.543],[39.6455,48.5915],[39.9875,48.852],[39.685,49.008],[40.11,49.251],[40.0305,49.5965],[39.782,49.572],[39.174,49.855],[38.918,49.824],[38.2595,50.053],[38.047,49.9195],[37.705,50.1085],[37.424,50.4105],[36.618,50.2095],[35.8905,50.4365],[35.6745,50.3465],[35.412,50.539],[35.311,51.0445],[35.0625,51.204],[34.2345,51.244],[34.1195,51.6795],[34.3965,51.7805],[33.734,52.3445],[33.1475,52.341],[32.899,52.256],[32.5065,52.308],[32.2835,52.1135],[31.765,52.1015],[30.98,52.046],[30.5335,51.5965],[30.5445,51.265],[30.1595,51.4785],[29.3455,51.383],[29.137,51.617],[28.73,51.433],[28.6005,51.5425],[27.2685,51.6135],[27.1425,51.7525],[25.9255,51.914],[25.267,51.9385],[24.363,51.867],[23.953,51.584],[23.6035,51.5185],[23.665,51.31],[24.104,50.8445],[23.9745,50.4105],[23.7115,50.3775],[23.035,49.8985],[22.6495,49.539],[22.808,49.02],[22.538,49.072],[22.131,48.4055],[22.7685,48.109],[22.8765,47.9475],[23.139,48.088],[23.409,47.9905],[24.176,47.9055],[24.579,47.9315],[24.8925,47.718],[25.465,47.911],[26.1635,47.9925],[26.3075,48.204],[26.6205,48.26],[26.8475,48.3865],[27.229,48.371],[27.5495,48.4785],[28.4635,48.0915],[28.7735,48.119],[29.0935,47.975],[29.2125,47.732],[29.1585,47.456],[29.551,47.246],[29.5725,46.9645],[29.8785,46.8295],[29.9255,46.5395],[30.1305,46.423],[29.839,46.35],[29.1475,46.5275],[28.928,46.425],[28.946,46.05],[28.4925,45.666],[28.4995,45.517],[28.2115,45.451],[28.7625,45.234],[29.2235,45.4025],[29.7055,45.26],[29.6015,45.682],[30.2205,45.8675],[30.512,46.1055],[30.7965,46.5515],[31.531,46.6645],[32.1285,46.5965],[32.5785,46.616],[32.3625,46.475],[31.556,46.555],[32.0095,46.43],[31.7795,46.324],[32.4775,46.083],[33.2015,46.1765],[33.5935,46.0965],[33.6585,46.22],[34.688,45.977],[35.0015,45.734],[34.85,46.1905],[35.232,46.4405],[35.2785,46.279],[35.826,46.6245],[36.2795,46.659],[37.3415,46.916],[37.543,47.074],[38.2125,47.0915]]]},"properties":{"name":"Ukraine"},"id":"UKR"},{"type":"Feature","geometry":{"type":"Polygon","coordinates":[[[-53.3725,-33.742],[-53.538,-33.6225],[-53.5305,-33.171],[-53.124,-32.737],[-53.6025,-32.4035],[-53.761,-32.0565],[-54.222,-31.855],[-54.589,-31.4855],[-55.255,-31.225],[-55.5575,-30.876],[-56.004,-31.079],[-56.0005,-30.8375],[-56.177,-30.6275],[-56.832,-30.107],[-57.12,-30.145],[-57.2135,-30.284],[-57.6095,-30.1885],[-57.8725,-30.591],[-57.811,-30.8585],[-58.0525,-31.4955],[-57.9875,-31.6205],[-58.189,-31.9245],[-58.1245,-32.322],[-58.2,-32.4715],[-58.081,-32.893],[-58.362,-33.183],[-58.4375,-33.7195],[-58.4015,-33.912],[-57.829,-34.478],[-57.1705,-34.452],[-56.8535,-34.676],[-56.119,-34.9085],[-55.673,-34.775],[-54.9025,-34.933],[-54.168,-34.671],[-53.7865,-34.381],[-53.3725,-33.742]]]},"properties":{"name":"Uruguay"},"id":"URY"},{"type":"Feature","geometry":{"type":"MultiPolygon","coordinates":[[[[-132.746,56.525],[-132.5695,56.575],[-132.843,56.794],[-132.746,56.525]]],[[[-132.7785,56.247],[-132.645,56.4345],[-133.034,56.341],[-132.7785,56.247]]],[[[-171.4645,63.641],[-171.745,63.7035],[-171.8205,63.4775],[-171.3995,63.3385],[-170.8485,63.4445],[-169.7795,63.094],[-169.675,62.957],[-169.3655,63.1705],[-168.8505,63.172],[-168.7175,63.311],[-169.4265,63.349],[-170.017,63.4915],[-170.431,63.698],[-170.874,63.594],[-171.4645,63.641]]],[[[-166.1365,60.384],[-166.8345,60.2175],[-167.436,60.207],[-167.137,60.009],[-166.1075,59.7745],[-165.5925,59.9135],[-165.7295,60.3145],[-166.1365,60.384]]],[[[-152.899,57.8235],[-153.1615,57.9725],[-153.2155,57.7955],[-153.5255,57.7315],[-153.9035,57.82],[-153.806,57.358],[-154.0295,57.6305],[-154.537,57.5595],[-154.706,57.3355],[-154.2595,56.912],[-154.2455,57.143],[-153.7915,56.99],[-153.7555,56.858],[-153.2735,57.226],[-152.6795,57.3445],[-152.9135,57.5075],[-152.413,57.4555],[-152.215,57.577],[-152.4275,57.825],[-152.899,57.8235]]],[[[-130.0245,55.888],[-130.0965,56.11],[-131.576,56.5995],[-131.8245,56.589],[-132.033,57.0265],[-133.8225,58.7055],[-134.2185,58.8495],[-134.4415,59.0855],[-134.9455,59.2885],[-135.05,59.5785],[-135.475,59.794],[-136.321,59.6045],[-136.58,59.1515],[-136.814,59.1495],[-137.437,58.903],[-137.5915,59.226],[-139.1865,60.0835],[-139.0785,60.344],[-139.676,60.3285],[-139.975,60.1825],[-140.4535,60.299],[-141.001,60.3005],[-141.001,62.6375],[-141.001,64.3905],[-141.001,64.976],[-141.001,65.2675],[-141.001,65.559],[-141.001,66.4355],[-141.001,68.189],[-141.001,68.4825],[-141.001,68.774],[-141.001,69.066],[-141.001,69.651],[-141.4075,69.6525],[-143.2185,70.116],[-145.1985,70.0085],[-145.825,70.1595],[-147.704,70.217],[-149.27,70.5015],[-150.152,70.444],[-150.6635,70.51],[-151.225,70.418],[-151.945,70.453],[-151.7685,70.5605],[-152.4705,70.654],[-152.233,70.8105],[-153.2335,70.932],[-154.195,70.802],[-154.7855,70.894],[-154.6735,70.9875],[-154.8175,71.0485],[-154.9435,71.083],[-155.167,71.0985],[-155.3145,71.0155],[-155.581,70.894],[-155.8725,70.835],[-156.146,70.9285],[-155.804,70.996],[-155.581,71.121],[-156.47,71.2915],[-156.47,71.4075],[-157.194,71.0935],[-157.3235,71.0395],[-157.604,70.9405],[-158,70.845],[-158.9975,70.802],[-159.314,70.878],[-160.081,70.635],[-159.746,70.531],[-159.865,70.2795],[-160.117,70.5915],[-160.9955,70.3055],[-162.0755,70.161],[-162.954,69.7585],[-163.1625,69.3885],[-163.868,69.0365],[-164.149,68.9615],[-164.304,68.9375],[-166.2085,68.885],[-166.381,68.425],[-166.788,68.359],[-165.3875,68.045],[-164.124,67.6075],[-163.7205,67.196],[-163.0005,67.0275],[-161.964,67.0505],[-161.622,66.979],[-161.856,66.6995],[-161.3985,66.552],[-160.866,66.67],[-160.261,66.573],[-160.65,66.373],[-161.91,66.559],[-162.018,66.7845],[-162.608,66.894],[-161.827,66.3715],[-161.456,66.281],[-161.816,66.054],[-163.6955,66.0835],[-164.034,66.2155],[-163.728,66.6165],[-164.462,66.5885],[-165.4485,66.4095],[-167.076,65.877],[-168.0875,65.658],[-167.4035,65.422],[-166.1975,65.3055],[-166.9285,65.1565],[-166.8275,65.0955],[-166.5505,64.953],[-166.4135,64.927],[-166.482,64.7275],[-166.1435,64.5835],[-164.898,64.46],[-164.304,64.5835],[-163.7135,64.5885],[-162.806,64.3735],[-161.7585,64.816],[-161.186,64.9235],[-160.8875,64.795],[-160.9305,64.58],[-161.413,64.526],[-160.988,64.252],[-160.7795,63.8195],[-161.2655,63.4965],[-161.9745,63.4535],[-162.284,63.5295],[-162.6225,63.266],[-163.3605,63.0455],[-164.106,63.2625],[-164.5235,63.127],[-164.844,62.8005],[-164.779,62.481],[-165.193,62.474],[-165.708,62.101],[-165.6145,61.87],[-165.9925,61.8335],[-165.8085,61.6965],[-166.1685,61.6515],[-165.69,61.3005],[-164.876,61.087],[-165.175,60.9655],[-163.994,60.865],[-163.422,60.7575],[-163.7315,60.5905],[-163.998,60.766],[-164.264,60.7245],[-164.804,60.8925],[-165.355,60.542],[-164.664,60.304],[-163.908,59.806],[-163.22,59.846],[-162.572,59.99],[-162.684,60.2695],[-162.1365,60.686],[-162.421,60.2835],[-162.241,60.179],[-161.827,59.589],[-162.025,59.2835],[-161.7225,58.794],[-162.144,58.6445],[-161.3625,58.669],[-161.215,58.801],[-160.362,59.051],[-159.919,58.82],[-159.6705,58.912],[-159.084,58.469],[-158.7885,58.4415],[-158.774,58.903],[-158.4215,59.089],[-158.504,58.851],[-158.3025,58.641],[-158.022,58.6395],[-157.1435,58.877],[-156.8085,59.134],[-157.039,58.773],[-157.525,58.4205],[-157.489,58.254],[-157.698,57.6795],[-158.6625,57.039],[-158.666,56.8285],[-158.918,56.8825],[-159.282,56.688],[-159.786,56.5615],[-160.3005,56.315],[-160.538,56.006],[-160.272,55.832],[-161.006,55.888],[-161.215,56.0215],[-162.158,55.7195],[-162.907,55.195],[-163.278,55.122],[-163.3355,54.839],[-163.1015,54.973],[-162.619,55.039],[-162.5435,55.242],[-162.3345,55.051],[-162.0755,55.1395],[-161.46,55.629],[-161.4815,55.398],[-160.4985,55.537],[-160.045,55.763],[-159.523,55.8095],[-158.7885,55.9865],[-158.5905,56.1845],[-158.2775,56.197],[-158.414,56.4365],[-157.6115,56.6275],[-156.6285,57.009],[-156.4775,57.3285],[-155.779,57.568],[-155.0085,58.016],[-154.2455,58.16],[-154.0185,58.4935],[-153.3345,58.858],[-153.4175,58.9605],[-154.177,59.155],[-154.087,59.3635],[-153.212,59.8425],[-152.7585,59.9205],[-152.629,60.0835],[-153.032,60.2885],[-152.654,60.238],[-152.269,60.528],[-151.7505,60.7555],[-151.592,60.9795],[-150.613,61.3005],[-149.947,61.2935],[-150.055,61.1705],[-149.594,60.9935],[-150.1125,60.9325],[-150.44,61.023],[-151.358,60.7225],[-151.4515,60.2035],[-151.855,59.7815],[-151.261,59.5855],[-151.8515,59.4065],[-151.7395,59.188],[-151.1815,59.301],[-150.9335,59.2485],[-150.5805,59.5645],[-150.199,59.5665],[-149.5975,59.771],[-149.396,60.1065],[-148.8415,59.952],[-148.4315,59.99],[-147.9635,60.4845],[-148.3375,60.57],[-148.5575,60.8025],[-147.751,61.219],[-148.0065,60.969],[-147.391,60.9185],[-146.5845,61.127],[-146.5015,60.7],[-145.6735,60.6515],[-145.9005,60.478],[-145.382,60.389],[-144.788,60.5855],[-144.8995,60.3355],[-144.331,60.1915],[-144.147,60.016],[-142.945,60.0975],[-141.6705,59.969],[-140.8425,59.7485],[-140.216,59.726],[-139.5175,60.0175],[-138.9885,59.8355],[-139.5825,59.8805],[-139.514,59.6985],[-139.7985,59.5455],[-138.351,59.087],[-137.545,58.582],[-136.5835,58.2455],[-136.0545,58.384],[-136.2235,58.603],[-136.879,58.8825],[-136.9905,59.035],[-136.227,58.766],[-136.1515,59.0475],[-135.86,58.577],[-135.8745,58.3945],[-135.302,58.2555],[-135.05,58.306],[-135.5035,59.202],[-135.363,59.419],[-135.133,58.8425],[-134.6645,58.384],[-134.2075,58.233],[-133.556,57.695],[-133.466,57.1725],[-132.915,57.0475],[-132.4865,56.766],[-131.8425,56.1605],[-132.224,55.721],[-131.9825,55.5355],[-131.7845,55.8775],[-131.1405,55.997],[-130.917,55.737],[-130.856,55.355],[-131.0465,55.157],[-130.8485,54.808],[-130.575,54.77],[-130.215,55.0265],[-130.035,55.2975],[-130.136,55.7195],[-130.0245,55.888]]],[[[-163.476,54.98],[-163.868,55.039],[-164.5305,54.881],[-164.887,54.6085],[-164.592,54.4035],[-164.0735,54.6205],[-163.584,54.6255],[-163.357,54.735],[-163.476,54.98]]],[[[-133.304,55.544],[-133.635,55.539],[-133.6495,55.27],[-133.304,55.544]]],[[[-131.3385,55.0805],[-131.565,55.2645],[-131.4065,54.895],[-131.3385,55.0805]]],[[[-132.1125,56.11],[-132.0655,56.2435],[-132.3785,56.499],[-132.6595,56.0785],[-132.134,55.9435],[-132.1125,56.11]]],[[[-130.9785,55.4885],[-130.9675,55.669],[-131.27,55.9555],[-131.6265,55.832],[-131.846,55.4155],[-131.763,55.1655],[-131.4465,55.4085],[-131.187,55.2055],[-130.9785,55.4885]]],[[[-133.365,57.004],[-133.9805,57.009],[-133.682,56.7975],[-133.6025,56.464],[-133.214,56.464],[-132.9545,56.881],[-133.365,57.004]]],[[[-132.861,54.895],[-133.2965,55.3255],[-133.124,54.9695],[-132.7065,54.6845],[-132.6165,54.893],[-132.861,54.895]]],[[[-146.3935,60.45],[-146.617,60.273],[-146.102,60.412],[-146.3935,60.45]]],[[[-147.7365,59.813],[-146.9875,60.254],[-147.182,60.358],[-147.769,59.943],[-147.7365,59.813]]],[[[-153.007,57.1255],[-153.284,57.1845],[-153.295,57.0005],[-153.007,57.1255]]],[[[-159.872,55.129],[-159.919,55.268],[-160.2285,54.9225],[-159.872,55.129]]],[[[-160.92,58.577],[-160.7145,58.7955],[-161.132,58.669],[-160.92,58.577]]],[[[-177.149,51.716],[-177.0625,51.902],[-177.6565,51.676],[-177.149,51.716]]],[[[-180.547,51.3725],[-181.307,51.6555],[-180.7235,51.3725],[-180.547,51.3725]]],[[[-186.2785,52.36],[-186.2245,52.4955],[-186.599,52.4055],[-186.2785,52.36]]],[[[-134.9705,57.351],[-135.345,57.5335],[-135.788,57.3165],[-135.813,57.009],[-135.5035,57.2435],[-135.201,57.0265],[-135.331,56.822],[-134.8735,56.6705],[-134.9815,56.5195],[-134.654,56.228],[-134.6325,56.7625],[-134.9705,57.351]]],[[[-134.679,58.162],[-134.9345,58.3285],[-134.661,57.6375],[-134.4885,57.4815],[-134.517,57.042],[-133.9265,57.3375],[-133.9375,57.582],[-134.2685,57.884],[-134.24,58.1445],[-134.679,58.162]]],[[[-135.7305,58.2435],[-136.321,58.219],[-136.569,57.9725],[-135.691,57.4205],[-135.4965,57.662],[-134.931,57.4815],[-135.003,58.051],[-135.345,58.124],[-135.6115,57.992],[-135.7305,58.2435]]],[[[-133.5665,56.339],[-133.6855,55.9435],[-133.2425,55.921],[-133.682,55.7855],[-133.034,55.589],[-133.1025,55.36],[-132.782,55.0495],[-132.134,54.7125],[-131.979,54.8045],[-131.9755,55.209],[-132.512,55.5945],[-132.1735,55.48],[-132.7565,55.9955],[-133.095,56.091],[-133.203,56.32],[-133.5665,56.339]]],[[[-133.988,56.8445],[-134.373,56.839],[-134.1965,56.414],[-134.1895,56.077],[-133.9485,56.1275],[-133.8545,56.582],[-133.988,56.8445]]],[[[-152.4165,58.36],[-152.8415,58.417],[-153.3815,58.0875],[-152.78,58.016],[-152.5715,58.169],[-151.981,58.2435],[-152.4165,58.36]]],[[[-167.965,53.3445],[-167.803,53.485],[-168.289,53.501],[-168.3645,53.303],[-168.6385,53.256],[-169.0665,52.834],[-168.505,53.0425],[-167.965,53.3445]]],[[[-166.615,53.9],[-166.9785,53.9625],[-167.137,53.527],[-167.8105,53.3235],[-167.5225,53.277],[-166.77,53.4765],[-166.309,53.697],[-166.5505,53.7005],[-166.23,53.933],[-166.615,53.9]]],[[[-173.5525,52.1365],[-173.988,52.1035],[-173.4625,52.041],[-173.023,52.079],[-173.5525,52.1365]]],[[[-174.679,52.0355],[-174.121,52.1345],[-174.168,52.421],[-174.3045,52.216],[-175.295,52.0215],[-174.679,52.0355]]],[[[-176.5945,51.867],[-176.699,51.9855],[-176.9615,51.6035],[-176.436,51.7545],[-176.5945,51.867]]],[[[-177.8795,51.65],[-177.955,51.9195],[-178.193,51.883],[-177.8795,51.65]]],[[[-187.1895,53.013],[-187.506,52.9385],[-187.0635,52.7525],[-186.563,52.8515],[-187.1895,53.013]]],[[[-155.581,19.0115],[-155.311,19.26],[-155.052,19.319],[-154.8035,19.5235],[-155.066,19.7475],[-155.1995,19.994],[-155.833,20.2755],[-155.8185,20.015],[-156.049,19.7495],[-155.8905,19.383],[-155.88,19.0705],[-155.581,19.0115]]],[[[-157.2155,21.2145],[-157.291,21.112],[-156.859,21.0565],[-156.7115,21.1555],[-157.2155,21.2145]]],[[[-156.488,20.9335],[-156.438,20.6175],[-156.1065,20.645],[-156.02,20.7925],[-156.276,20.9505],[-156.488,20.9335]]],[[[-157.7985,21.456],[-157.964,21.7005],[-158.274,21.586],[-158.112,21.3185],[-157.6365,21.3085],[-157.7985,21.456]]],[[[-159.372,21.9315],[-159.354,22.2195],[-159.5805,22.223],[-159.7895,22.0425],[-159.6095,21.909],[-159.372,21.9315]]],[[[-74.7095,45.003],[-75.178,44.899],[-75.876,44.4165],[-76.463,44.057],[-76.8195,43.628],[-78.72,43.6245],[-79.17,43.4665],[-78.9145,42.9095],[-79.037,42.802],[-80.2465,42.366],[-81.276,42.21],[-82.439,41.675],[-82.691,41.675],[-83.141,41.9755],[-83.0725,42.3],[-82.547,42.6245],[-82.4065,43.0725],[-82.1365,43.571],[-82.5505,45.347],[-83.591,45.817],[-83.4685,45.9945],[-83.616,46.1175],[-83.976,46.0845],[-84.192,46.55],[-84.563,46.458],[-84.779,46.6365],[-84.876,46.9005],[-87.209,47.8485],[-88.379,48.303],[-89.272,48.02],[-89.992,48.015],[-90.0925,48.1175],[-90.7445,48.1055],[-90.8415,48.201],[-91.5185,48.0585],[-92.1735,48.338],[-92.4145,48.277],[-92.501,48.435],[-92.998,48.612],[-93.707,48.5255],[-94.0565,48.659],[-94.6215,48.7425],[-94.805,49.003],[-94.8555,49.305],[-95.1545,49.369],[-95.1615,48.9925],[-97.5305,48.9925],[-99.237,48.9925],[-102.221,48.9925],[-103.924,48.9925],[-105.6305,48.9925],[-107.7615,48.9925],[-109.8965,48.9925],[-111.5995,48.9925],[-113.734,48.9925],[-116.7185,48.9925],[-119.703,48.9925],[-121.406,48.9925],[-122.788,48.9925],[-122.5435,48.7615],[-122.4965,48.5065],[-122.662,48.4455],[-122.241,48.0115],[-122.392,47.8205],[-122.3525,47.371],[-122.626,47.1435],[-123.026,47.1385],[-122.828,47.336],[-122.5795,47.293],[-122.619,47.713],[-123.051,47.5515],[-122.655,47.8815],[-122.7775,48.1385],[-123.026,48.081],[-123.976,48.168],[-124.7105,48.3795],[-124.6205,47.904],[-124.376,47.659],[-124.113,47.036],[-123.843,46.963],[-124.113,46.8625],[-123.89,46.659],[-124.0445,46.6055],[-124.0735,46.279],[-123.5225,46.2235],[-123.9475,46.14],[-123.9295,45.5775],[-124.059,44.7775],[-124.149,43.6925],[-124.5415,42.812],[-124.4045,42.583],[-124.354,42.123],[-124.07,41.3835],[-124.1345,40.9705],[-124.372,40.491],[-124.3255,40.2515],[-123.886,39.861],[-123.782,39.618],[-123.8215,39.368],[-123.7025,38.908],[-123.1195,38.4495],[-122.932,38.0555],[-122.522,37.8265],[-122.482,38.1095],[-122.032,38.1235],[-121.7155,38.0345],[-122.216,38.04],[-122.385,37.96],[-122.072,37.4775],[-122.5145,37.7725],[-122.396,37.2065],[-122.1655,36.9915],[-121.881,36.9395],[-121.791,36.7325],[-121.917,36.573],[-121.8775,36.3315],[-121.3445,35.792],[-120.8585,35.365],[-120.8585,35.21],[-120.632,35.0765],[-120.646,34.58],[-120.4805,34.4725],[-119.606,34.4185],[-119.145,34.1115],[-118.508,34.0175],[-118.4105,33.7435],[-118.0795,33.7225],[-117.4675,33.2955],[-117.262,32.9395],[-117.129,32.5335],[-114.724,32.7155],[-114.8355,32.509],[-112.4635,31.768],[-111.0415,31.325],[-109.2735,31.327],[-108.2155,31.3305],[-108.2115,31.78],[-106.455,31.7695],[-106.257,31.544],[-105.274,30.8075],[-104.979,30.6465],[-104.68,30.134],[-104.5035,29.6775],[-104.111,29.386],[-103.258,29.0005],[-102.891,29.216],[-102.7325,29.6445],[-102.268,29.872],[-101.5695,29.8095],[-101.303,29.634],[-100.659,29.0685],[-100.331,28.5025],[-100.295,28.327],[-99.755,27.73],[-99.507,27.5475],[-99.4565,27.056],[-99.2295,26.761],[-99.107,26.447],[-98.2755,26.112],[-97.8005,26.0425],[-97.3575,25.8705],[-97.145,25.961],[-97.437,26.485],[-97.5555,26.9675],[-97.4835,27.237],[-97.6925,27.287],[-97.768,27.4575],[-97.523,27.313],[-97.289,27.671],[-97.433,27.8375],[-97.1705,27.879],[-97.0335,28.0945],[-96.4215,28.457],[-96.641,28.709],[-95.853,28.6395],[-95.273,28.964],[-94.888,29.3705],[-95.021,29.702],[-94.7405,29.7505],[-94.78,29.5475],[-94.528,29.5475],[-94.0995,29.6705],[-93.9445,29.815],[-93.1745,29.7785],[-92.6705,29.5975],[-92.26,29.556],[-91.8925,29.8355],[-91.151,29.3185],[-91.2915,29.2885],[-90.7515,29.131],[-90.3805,29.2955],[-90.2115,29.1045],[-90.053,29.431],[-89.8765,29.459],[-89.3545,29.07],[-89.1565,29.016],[-89.0165,29.2035],[-89.513,29.4205],[-89.722,29.6185],[-89.3545,29.82],[-89.4015,30.0455],[-89.5885,29.9155],[-89.8155,30.0075],[-89.7365,30.1725],[-90.1755,30.0285],[-90.413,30.141],[-90.226,30.379],[-89.5885,30.1655],[-89.3225,30.346],[-88.9045,30.4155],[-88.6925,30.3545],[-88.1345,30.367],[-88.012,30.695],[-87.7885,30.292],[-87.281,30.339],[-87.1695,30.5385],[-86.986,30.431],[-87.202,30.339],[-86.453,30.4],[-85.7545,30.167],[-85.355,29.8755],[-85.319,29.681],[-84.8005,29.773],[-84.383,29.907],[-84.311,30.0645],[-84.0445,30.1045],[-83.6955,29.926],[-83.292,29.452],[-82.77,29.051],[-82.6515,28.8875],[-82.662,28.4865],[-82.842,27.846],[-82.662,27.7175],[-82.5795,27.959],[-82.3995,27.8355],[-82.637,27.525],[-82.4425,27.0595],[-82.2915,26.8705],[-82.068,26.8915],[-82.0395,26.553],[-81.8665,26.435],[-81.7155,25.9835],[-81.366,25.8305],[-81.096,25.3185],[-81.1105,25.138],[-80.736,25.157],[-80.3655,25.3305],[-80.16,25.8775],[-80.0415,26.5685],[-80.124,27.0825],[-80.225,27.2075],[-80.747,28.381],[-80.837,28.7575],[-80.524,28.4865],[-80.898,29.049],[-81.251,29.794],[-81.521,30.8755],[-81.442,31.2],[-81.287,31.2645],[-81.114,31.879],[-80.9235,31.945],[-80.4735,32.422],[-80.0235,32.62],[-79.228,33.1845],[-79.138,33.4065],[-78.8425,33.724],[-78.407,33.917],[-77.928,33.9395],[-77.752,34.285],[-77.1325,34.7085],[-76.517,34.778],[-76.456,34.99],[-76.78,34.99],[-76.5135,35.271],[-76.974,35.4585],[-76.5315,35.509],[-76.175,35.3545],[-75.7755,35.6475],[-75.772,35.8995],[-76.0705,35.9705],[-76.726,35.9585],[-76.15,36.146],[-76.146,36.2795],[-75.8835,36.1755],[-75.9915,36.474],[-75.9985,36.9135],[-76.398,36.8905],[-76.326,37.1495],[-76.6105,37.323],[-76.265,37.3575],[-76.344,37.6755],[-76.265,37.894],[-76.5495,38.094],[-76.906,38.198],[-77.046,38.356],[-76.456,38.1735],[-76.5025,38.533],[-76.42,39.2255],[-75.8725,39.5105],[-76.236,39.191],[-76.168,38.8525],[-76.2795,38.7725],[-76.002,38.6025],[-76.265,38.6005],[-76.211,38.361],[-75.8905,38.356],[-75.851,37.972],[-75.66,37.953],[-75.887,37.62],[-75.9985,37.264],[-75.5955,37.632],[-75.0375,38.5035],[-75.394,39.092],[-75.5235,39.4895],[-74.796,39.0015],[-74.177,39.7275],[-73.9575,40.328],[-74.2415,40.4565],[-74.2275,40.6075],[-73.583,41.0225],[-72.924,41.2845],[-72.2655,41.2915],[-71.5235,41.3785],[-71.3905,41.795],[-71.1675,41.4895],[-70.703,41.715],[-70.656,41.5345],[-69.947,41.677],[-70.001,41.826],[-70.296,41.729],[-70.5155,41.8035],[-70.739,42.229],[-71.045,42.3315],[-70.613,42.623],[-70.829,42.826],[-70.5195,43.3485],[-69.965,43.8555],[-69.81,43.772],[-69.0685,44.097],[-68.9605,44.4335],[-68.7625,44.571],[-68.813,44.34],[-68.532,44.2585],[-68.4495,44.5085],[-68.057,44.385],[-67.8375,44.576],[-67.193,44.675],[-67.1245,45.1695],[-67.4735,45.2755],[-67.434,45.6035],[-67.7835,45.701],[-67.8085,47.083],[-68.237,47.3465],[-68.8275,47.2025],[-69.2415,47.463],[-70.008,46.7095],[-70.2495,46.251],[-70.296,45.906],[-70.703,45.5515],[-70.8975,45.2615],[-71.3255,45.2895],[-71.5165,45.0085],[-73.1835,45.005],[-74.7095,45.003]]],[[[-72.51,40.986],[-73.572,40.92],[-74.033,40.6385],[-73.8995,40.571],[-73.194,40.6545],[-72.3375,40.894],[-71.9015,41.0605],[-72.51,40.986]]],[[[-97.1705,26.1585],[-97.3505,26.801],[-97.2675,26.3305],[-97.1705,26.1585]]]]},"properties":{"name":"United States"},"id":"USA"},{"type":"Feature","geometry":{"type":"MultiPolygon","coordinates":[[[[70.9475,42.248],[70.613,42.0555],[70.415,42.078],[70.0945,41.821],[69.6625,41.6715],[69.065,41.366],[68.9855,41.2045],[68.5825,40.8765],[68.6005,40.6595],[68.291,40.656],[68.046,40.809],[68.1145,41.0295],[67.9345,41.196],[66.815,41.142],[66.6675,41.2705],[66.498,41.9945],[66.0085,42.005],[66.102,42.991],[65.8035,42.8765],[65.4975,43.3105],[64.907,43.715],[64.4425,43.5515],[63.2075,43.628],[61.991,43.4925],[61.159,44.168],[61.008,44.3935],[58.5565,45.555],[55.975,44.9945],[55.975,43.1595],[55.979,41.3225],[57.019,41.2635],[56.965,41.8575],[57.383,42.156],[57.815,42.189],[58.027,42.4875],[58.4845,42.3175],[58.153,42.628],[58.589,42.779],[58.877,42.562],[59.1215,42.524],[59.453,42.3],[59.8595,42.295],[60.007,42.1905],[59.964,41.9545],[60.191,41.835],[60.0755,41.701],[60.09,41.399],[60.4535,41.222],[61.3285,41.1945],[61.4975,41.276],[61.9045,41.0935],[62.095,40.684],[62.376,40.3315],[62.441,40.0365],[62.6495,39.8595],[63.5065,39.3765],[64.1615,38.953],[64.309,38.9775],[64.6585,38.736],[65.6125,38.238],[65.8575,38.269],[66.6275,37.9325],[66.527,37.7865],[66.5235,37.349],[67.0705,37.335],[67.319,37.21],[67.758,37.172],[67.8155,37.486],[68.2945,38.033],[68.334,38.238],[68.1435,38.3835],[68.046,38.67],[68.1035,38.962],[67.6755,39.0085],[67.3515,39.241],[67.427,39.465],[67.7185,39.6215],[68.4635,39.5365],[68.64,39.8385],[68.8705,39.908],[68.928,40.137],[69.2735,40.198],[69.2055,40.566],[69.414,40.7965],[69.713,40.658],[70.2925,40.892],[70.44,41.024],[70.7495,40.7395],[70.3825,40.453],[70.6525,40.2015],[70.9585,40.2395],[71.376,40.276],[71.693,40.1525],[72.132,40.439],[72.359,40.401],[73.1115,40.7865],[72.6575,40.8695],[72.1645,41.1735],[71.88,41.1945],[71.664,41.5415],[71.4085,41.135],[70.782,41.262],[70.6455,41.46],[70.4725,41.413],[70.181,41.571],[70.8435,42.019],[71.2285,42.163],[70.9475,42.248]]],[[[71.207,39.8925],[71.2285,40.0485],[70.9765,40.1335],[71.0125,39.8955],[71.207,39.8925]]]]},"properties":{"name":"Uzbekistan"},"id":"UZB"},{"type":"Feature","id":"VAT","properties":{"name":"Vatican City"},"geometry":{"type":"Polygon","coordinates":[[[12.44,41.899],[12.429,41.8975],[12.429,41.901],[12.429,41.906],[12.44,41.906],[12.44,41.899]]]}},{"type":"Feature","id":"VCT","properties":{"name":"Saint Vincent and the Grenadines"},"geometry":{"type":"MultiPolygon","coordinates":[[[[-61.1735,13.158],[-61.2025,13.142],[-61.278,13.21],[-61.267,13.288],[-61.224,13.3315],[-61.181,13.3555],[-61.1375,13.359],[-61.123,13.293],[-61.134,13.203],[-61.1735,13.158]]],[[[-61.2275,12.9945],[-61.242,12.984],[-61.235,12.984],[-61.242,12.9755],[-61.2455,12.984],[-61.2565,12.9875],[-61.2635,12.9895],[-61.278,12.9895],[-61.278,12.998],[-61.2635,12.993],[-61.2385,12.998],[-61.2385,13.005],[-61.2455,13.012],[-61.249,13.017],[-61.242,13.026],[-61.213,13.043],[-61.2025,13.052],[-61.199,13.0485],[-61.199,13.045],[-61.199,13.0415],[-61.195,13.038],[-61.2095,13.024],[-61.2275,12.9945]]],[[[-61.3355,12.696],[-61.343,12.6945],[-61.3535,12.698],[-61.35,12.701],[-61.339,12.703],[-61.3355,12.71],[-61.3355,12.7185],[-61.3355,12.729],[-61.3285,12.734],[-61.321,12.736],[-61.3175,12.7325],[-61.314,12.722],[-61.321,12.715],[-61.325,12.71],[-61.3285,12.701],[-61.3355,12.696]]]]}},{"type":"Feature","geometry":{"type":"MultiPolygon","coordinates":[[[[-63.8485,11.13],[-64.0285,11.0015],[-64.212,11.0865],[-64.403,10.981],[-63.917,10.887],[-63.8485,11.13]]],[[[-60.018,8.5485],[-60.342,8.6285],[-60.4825,8.547],[-60.799,8.592],[-61.303,8.41],[-61.62,8.5975],[-61.2455,8.601],[-61.055,9.0955],[-60.792,9.361],[-61.0115,9.5555],[-61.3105,9.6335],[-61.5875,9.894],[-61.7675,9.8145],[-62.1205,9.9845],[-62.322,9.783],[-62.5165,10.1755],[-62.7395,10.0555],[-62.707,10.3335],[-62.9125,10.531],[-62.3795,10.547],[-61.879,10.7415],[-62.243,10.6995],[-62.7035,10.75],[-63.4955,10.644],[-64.2985,10.6355],[-63.863,10.559],[-63.834,10.448],[-64.187,10.4585],[-64.849,10.099],[-65.13,10.0695],[-65.85,10.257],[-66.246,10.632],[-66.9875,10.611],[-67.8735,10.472],[-68.1395,10.493],[-68.3235,10.809],[-68.399,11.1615],[-68.8275,11.432],[-69.234,11.519],[-69.63,11.479],[-69.8315,11.9965],[-70.0045,12.1785],[-70.2025,12.099],[-70.2855,11.8855],[-70.1915,11.625],[-69.8175,11.672],[-69.8855,11.4445],[-70.0475,11.531],[-70.2315,11.373],[-70.8215,11.2085],[-71.4695,10.9635],[-71.5455,10.7795],[-71.387,10.264],[-71.261,10.144],[-71.052,9.7065],[-71.0845,9.349],[-71.297,9.125],[-71.6855,9.073],[-71.7615,9.335],[-72.114,9.816],[-71.9555,10.1075],[-71.664,10.4445],[-71.5995,10.7255],[-71.9485,11.415],[-71.8695,11.6265],[-71.4875,11.7185],[-71.3185,11.8625],[-71.9595,11.6665],[-72.2475,11.196],[-72.4455,11.1145],[-72.69,10.835],[-72.87,10.4915],[-73.007,9.79],[-73.356,9.2275],[-73.0575,9.2585],[-72.798,9.1095],[-72.665,8.627],[-72.4165,8.382],[-72.359,8.087],[-72.4455,7.9655],[-72.4705,7.5245],[-72.2075,7.37],[-72.0855,7.0975],[-71.891,6.99],[-71.621,7.033],[-71.0125,6.995],[-70.656,7.0835],[-70.0945,6.9375],[-69.4285,6.1235],[-69.09,6.1845],[-68.471,6.1565],[-67.938,6.2415],[-67.5675,6.2415],[-67.4375,6.0265],[-67.8265,5.271],[-67.8555,4.5075],[-67.661,3.865],[-67.3115,3.4155],[-67.8335,2.893],[-67.211,2.3895],[-66.8835,1.358],[-66.876,1.223],[-66.3,0.7525],[-66.059,0.7855],[-65.717,0.978],[-65.5655,0.926],[-65.555,0.688],[-65.105,1.108],[-64.7305,1.254],[-64.4855,1.452],[-64.3055,1.4555],[-64.115,1.6185],[-64.0355,1.905],[-63.395,2.2225],[-63.3875,2.412],[-63.924,2.452],[-64.05,2.525],[-64.039,2.801],[-64.219,3.2055],[-64.223,3.587],[-64.5685,3.8995],[-64.817,4.233],[-64.5755,4.1395],[-64.255,4.141],[-64.021,3.929],[-63.294,3.9225],[-62.97,3.594],[-62.765,3.6725],[-62.711,4.0175],[-62.412,4.1565],[-62.153,4.0975],[-61.555,4.2885],[-61.2815,4.5175],[-61.0045,4.535],[-60.605,4.995],[-60.7415,5.2015],[-61.375,5.9065],[-61.1305,6.214],[-61.2025,6.589],[-61.145,6.6945],[-60.7165,6.7675],[-60.396,6.9445],[-60.324,7.134],[-60.6335,7.21],[-60.72,7.4985],[-60.515,7.8125],[-60.0325,8.054],[-59.831,8.3055],[-60.018,8.5485]]]]},"properties":{"name":"Venezuela"},"id":"VEN"},{"type":"Feature","id":"VGB","properties":{"name":"British Virgin Islands"},"geometry":{"type":"MultiPolygon","coordinates":[[[[-64.3955,18.465],[-64.421,18.458],[-64.439,18.4595],[-64.4425,18.4735],[-64.4245,18.5135],[-64.3235,18.517],[-64.3955,18.465]]],[[[-64.5935,18.4025],[-64.673,18.399],[-64.6945,18.411],[-64.651,18.442],[-64.5685,18.4455],[-64.547,18.4385],[-64.5935,18.4025]]],[[[-64.2875,18.741],[-64.273,18.708],[-64.284,18.708],[-64.338,18.7305],[-64.385,18.732],[-64.403,18.739],[-64.41,18.751],[-64.3235,18.753],[-64.2875,18.741]]]]}},{"type":"Feature","id":"VIR","properties":{"name":"United States Virgin Islands"},"geometry":{"type":"MultiPolygon","coordinates":[[[[-64.8455,18.3295],[-64.921,18.3205],[-65.022,18.3675],[-64.943,18.385],[-64.889,18.3745],[-64.8455,18.3295]]],[[[-64.6585,18.3535],[-64.727,18.3275],[-64.77,18.331],[-64.788,18.3415],[-64.752,18.373],[-64.6585,18.3535]]],[[[-64.7665,17.7945],[-64.68,17.7495],[-64.579,17.7495],[-64.687,17.706],[-64.889,17.701],[-64.885,17.772],[-64.7665,17.7945]]]]}},{"type":"Feature","geometry":{"type":"MultiPolygon","coordinates":[[[[104.0645,10.3905],[103.8485,10.3715],[104.0175,10.0295],[104.0645,10.3905]]],[[[107.974,21.508],[107.8015,21.645],[107.3515,21.6085],[107.0055,21.8935],[106.6635,21.9785],[106.5375,22.395],[106.779,22.7785],[106.5415,22.909],[105.843,22.923],[105.5475,23.072],[105.274,23.3445],[104.8635,23.1365],[104.795,22.9105],[104.3705,22.704],[104.0535,22.7525],[103.913,22.5375],[103.6215,22.782],[103.4705,22.598],[103.301,22.765],[103.006,22.4525],[102.4265,22.7335],[102.1275,22.3795],[102.581,21.904],[102.6965,21.6625],[102.815,21.8065],[102.9485,21.6815],[102.851,21.2665],[103.103,20.8915],[103.636,20.6975],[104.0535,20.942],[104.583,20.647],[104.367,20.442],[104.619,20.3745],[104.9285,20.0185],[104.547,19.6105],[104.032,19.675],[104.0645,19.482],[103.895,19.3395],[104.716,18.8035],[105.148,18.6505],[105.087,18.451],[105.4575,18.154],[105.6915,17.7375],[106.5015,16.9545],[106.545,16.6505],[106.7395,16.4525],[107.398,16.043],[107.1895,15.838],[107.3405,15.5605],[107.6535,15.255],[107.481,14.9805],[107.5205,14.7045],[107.3295,14.1265],[107.607,13.4375],[107.4735,13.031],[107.5565,12.54],[107.3945,12.2605],[107.1605,12.2775],[106.93,12.078],[106.4155,11.948],[106.4115,11.698],[106.005,11.7585],[105.85,11.6355],[105.8575,11.295],[106.167,11.012],[106.1635,10.795],[105.8535,10.863],[105.7565,10.9895],[105.3855,10.941],[105.3135,10.8455],[105.022,10.887],[105.0615,10.7345],[104.849,10.5345],[104.428,10.4115],[104.662,10.17],[105.0295,10.0675],[105.094,9.901],[104.903,9.816],[104.8455,9.606],[104.817,8.802],[104.77,8.5975],[105.1155,8.6285],[105.321,8.8005],[105.501,9.094],[106.167,9.396],[106.113,9.6735],[105.832,10],[106.3795,9.5555],[106.5735,9.6405],[106.509,9.821],[106.138,10.222],[106.5955,9.8595],[106.786,10.1165],[106.4655,10.2985],[106.7575,10.295],[106.7285,10.5365],[106.9015,10.3835],[107.0055,10.6595],[107.2615,10.3975],[108.273,10.934],[108.82,11.316],[108.9855,11.3365],[109.0395,11.592],[109.198,11.7255],[109.2195,12.6455],[109.335,12.7515],[109.4465,12.599],[109.425,12.9565],[109.27,13.2795],[109.2485,13.854],[109.3025,13.8555],[109.0865,14.552],[109.0865,14.7165],[108.82,15.378],[108.6725,15.484],[108.028,16.331],[107.8335,16.3225],[107.7255,16.4875],[107.182,16.897],[107.121,17.055],[106.7355,17.3675],[106.48,17.72],[106.498,17.9455],[105.8895,18.503],[105.6235,18.9665],[105.7925,19.2945],[105.814,19.588],[105.9835,19.9385],[106.167,19.9925],[106.5195,20.2895],[106.552,20.527],[106.7535,20.7355],[106.6815,21.001],[107.164,20.949],[107.355,21.055],[107.409,21.284],[107.974,21.508]]]]},"properties":{"name":"Vietnam"},"id":"VNM"},{"type":"Feature","id":"VUT","properties":{"name":"Vanuatu"},"geometry":{"type":"MultiPolygon","coordinates":[[[[166.7445,-14.8265],[166.8095,-15.158],[166.885,-15.1565],[166.9245,-15.139],[166.968,-15.061],[166.986,-14.9395],[167.0255,-14.922],[167.076,-14.936],[167.0545,-14.974],[167.0685,-15.0715],[167.1045,-15.125],[167.13,-15.1355],[167.1805,-15.389],[167.202,-15.443],[167.1985,-15.4865],[167.094,-15.58],[166.9355,-15.5785],[166.8275,-15.6355],[166.759,-15.6305],[166.759,-15.566],[166.698,-15.516],[166.6295,-15.4065],[166.6475,-15.212],[166.5285,-14.851],[166.525,-14.7605],[166.5685,-14.6425],[166.608,-14.6375],[166.662,-14.7345],[166.7445,-14.8265]]],[[[167.4145,-16.0955],[167.4575,-16.118],[167.4825,-16.118],[167.497,-16.167],[167.641,-16.264],[167.6805,-16.2605],[167.713,-16.3145],[167.7745,-16.3405],[167.7925,-16.394],[167.8355,-16.4495],[167.76,-16.5155],[167.6125,-16.4985],[167.526,-16.5745],[167.4505,-16.5555],[167.436,-16.5155],[167.4465,-16.502],[167.4,-16.401],[167.382,-16.245],[167.3495,-16.1545],[167.317,-16.1145],[167.245,-16.1495],[167.2165,-16.1545],[167.1515,-16.08],[167.184,-15.929],[167.1985,-15.8855],[167.2525,-15.877],[167.335,-15.917],[167.4145,-16.0955]]],[[[168.4475,-16.7795],[168.4765,-16.7935],[168.462,-16.835],[168.3215,-16.7885],[168.2135,-16.8055],[168.181,-16.804],[168.1485,-16.7655],[168.1235,-16.6895],[168.1345,-16.637],[168.181,-16.599],[168.199,-16.594],[168.235,-16.639],[168.264,-16.67],[168.2965,-16.684],[168.3645,-16.759],[168.4475,-16.7795]]],[[[168.2965,-16.337],[168.181,-16.3475],[168.0225,-16.316],[167.958,-16.2725],[167.929,-16.2295],[167.983,-16.1965],[168.066,-16.1805],[168.163,-16.0815],[168.199,-16.12],[168.235,-16.231],[168.2745,-16.2655],[168.2965,-16.2985],[168.2965,-16.337]]],[[[168.4475,-17.5415],[168.5445,-17.684],[168.5845,-17.696],[168.523,-17.7985],[168.4005,-17.8075],[168.253,-17.7815],[168.307,-17.7465],[168.2785,-17.7065],[168.2315,-17.698],[168.181,-17.717],[168.1595,-17.71],[168.192,-17.644],[168.2745,-17.552],[168.2965,-17.545],[168.318,-17.5435],[168.3395,-17.552],[168.4475,-17.5415]]],[[[167.911,-15.436],[167.8425,-15.481],[167.7205,-15.4775],[167.6735,-15.4515],[167.8245,-15.3125],[168.001,-15.283],[167.911,-15.436]]],[[[168.2135,-15.9705],[168.1955,-15.9725],[168.181,-15.9255],[168.1235,-15.6805],[168.1595,-15.462],[168.1845,-15.509],[168.2675,-15.8925],[168.2565,-15.955],[168.2135,-15.9705]]],[[[168.1885,-15.3285],[168.1705,-15.391],[168.1305,-15.3195],[168.1055,-15.016],[168.1165,-14.988],[168.138,-14.9865],[168.1885,-15.1965],[168.1885,-15.3285]]],[[[167.22,-15.724],[167.202,-15.75],[167.094,-15.686],[167.119,-15.6235],[167.2345,-15.644],[167.22,-15.724]]],[[[167.5835,-14.2605],[167.544,-14.311],[167.4285,-14.2955],[167.4035,-14.2815],[167.4105,-14.198],[167.4395,-14.1685],[167.508,-14.1425],[167.598,-14.1845],[167.5835,-14.2605]]],[[[167.49,-13.9065],[167.4755,-13.917],[167.4505,-13.91],[167.3925,-13.7885],[167.407,-13.7485],[167.4825,-13.7105],[167.5475,-13.7765],[167.5545,-13.8145],[167.5545,-13.8455],[167.544,-13.8735],[167.497,-13.884],[167.49,-13.9065]]],[[[169.8945,-20.1875],[169.8625,-20.241],[169.8085,-20.241],[169.7365,-20.203],[169.7505,-20.1525],[169.83,-20.144],[169.8515,-20.1475],[169.8945,-20.1875]]],[[[169.4915,-19.54],[169.4375,-19.649],[169.3475,-19.623],[169.261,-19.545],[169.218,-19.4755],[169.2465,-19.3455],[169.29,-19.321],[169.3365,-19.33],[169.3585,-19.458],[169.4915,-19.54]]],[[[169.333,-18.941],[169.29,-18.988],[169.2465,-18.9825],[168.9875,-18.8715],[168.9985,-18.8245],[168.9875,-18.7085],[169.0165,-18.644],[169.0885,-18.618],[169.1425,-18.632],[169.1785,-18.7255],[169.2575,-18.764],[169.2,-18.795],[169.297,-18.8665],[169.333,-18.941]]]]}},{"type":"Feature","id":"WLF","properties":{"name":"Wallis and Futuna"},"geometry":{"type":"MultiPolygon","coordinates":[[[[-176.1625,-13.3335],[-176.177,-13.3405],[-176.195,-13.3025],[-176.1695,-13.2435],[-176.148,-13.2225],[-176.1265,-13.2675],[-176.1625,-13.3335]]],[[[-178.045,-14.318],[-178.103,-14.325],[-178.1605,-14.3125],[-178.193,-14.2555],[-178.1785,-14.231],[-178.1425,-14.2435],[-178.1065,-14.285],[-178.045,-14.304],[-178.045,-14.318]]]]}},{"type":"Feature","id":"WSM","properties":{"name":"Samoa"},"geometry":{"type":"MultiPolygon","coordinates":[[[[-172.332,-13.4655],[-172.2205,-13.5595],[-172.177,-13.6845],[-172.224,-13.804],[-172.332,-13.7745],[-172.483,-13.8005],[-172.537,-13.792],[-172.6595,-13.6445],[-172.7425,-13.5785],[-172.7785,-13.5175],[-172.6705,-13.5245],[-172.512,-13.483],[-172.332,-13.4655]]],[[[-171.4535,-14.047],[-171.727,-14.047],[-171.864,-14.002],[-171.9105,-14.002],[-172.0295,-13.9065],[-172.0475,-13.858],[-171.9865,-13.825],[-171.8565,-13.8075],[-171.6045,-13.8785],[-171.565,-13.943],[-171.5075,-13.95],[-171.4605,-13.9775],[-171.45,-14.023],[-171.4535,-14.047]]]]}},{"type":"Feature","id":"XKX","properties":{"name":"Kosovo"},"geometry":{"type":"Polygon","coordinates":[[[20.3455,42.828],[20.468,42.8575],[20.486,42.88],[20.457,42.925],[20.475,42.953],[20.623,43.0345],[20.648,43.071],[20.659,43.1005],[20.637,43.13],[20.6085,43.1785],[20.623,43.1995],[20.702,43.227],[20.763,43.2585],[20.799,43.262],[20.8245,43.2375],[20.8245,43.213],[20.846,43.1735],[20.889,43.1525],[20.9685,43.116],[21.0585,43.0915],[21.127,43.043],[21.224,42.9565],[21.2385,42.913],[21.325,42.8745],[21.404,42.8315],[21.3895,42.7515],[21.663,42.682],[21.7245,42.682],[21.753,42.67],[21.753,42.651],[21.7315,42.595],[21.62,42.4235],[21.609,42.387],[21.53,42.3505],[21.519,42.328],[21.541,42.281],[21.5625,42.248],[21.3895,42.22],[21.332,42.187],[21.296,42.13],[21.285,42.1005],[21.2565,42.0985],[21.206,42.128],[21.141,42.175],[21.0585,42.1715],[20.7775,42.071],[20.749,42.019],[20.745,41.9045],[20.7235,41.873],[20.695,41.854],[20.5795,41.866],[20.565,41.873],[20.583,41.918],[20.576,42.0135],[20.522,42.1715],[20.486,42.2235],[20.407,42.276],[20.349,42.309],[20.241,42.3385],[20.187,42.425],[20.1045,42.524],[20.065,42.5465],[20.072,42.557],[20.09,42.6315],[20.065,42.6855],[20.029,42.7325],[20.054,42.76],[20.1295,42.76],[20.191,42.755],[20.216,42.7985],[20.3455,42.828]]]}},{"type":"Feature","geometry":{"type":"MultiPolygon","coordinates":[[[[53.0845,16.649],[52.8,17.2685],[52.728,17.3],[51.979,18.996],[50.3555,18.777],[49.0415,18.581],[48.174,18.1575],[47.58,17.449],[47.443,17.1125],[47.1445,16.9475],[46.975,16.9525],[46.6835,17.2685],[46.309,17.2305],[45.4055,17.319],[45.1465,17.4265],[44.156,17.399],[43.9185,17.324],[43.418,17.517],[43.1915,17.359],[43.116,16.9425],[43.166,16.689],[42.799,16.371],[42.8385,16.0325],[42.716,15.654],[42.799,15.371],[42.6585,15.2325],[42.8565,15.1335],[43.022,14.5555],[43.0905,14.01],[43.2815,13.6405],[43.231,13.267],[43.476,12.8385],[43.9295,12.616],[44.358,12.67],[44.617,12.8175],[45.0385,12.816],[45.1645,12.998],[45.3945,13.0675],[45.6575,13.3385],[46.788,13.465],[47.407,13.661],[47.9905,14.0485],[48.2785,13.998],[48.667,14.05],[49.0485,14.4565],[49.351,14.6385],[49.9055,14.828],[50.1685,14.8505],[50.5285,15.038],[51.0145,15.1405],[51.6045,15.3365],[52.2165,15.656],[52.1735,15.956],[52.3285,16.293],[52.5805,16.47],[53.0845,16.649]]],[[[53.7645,12.637],[53.43,12.663],[53.3145,12.533],[53.599,12.342],[54.1285,12.361],[54.51,12.552],[54.186,12.665],[53.7645,12.637]]]]},"properties":{"name":"Yemen"},"id":"YEM"},{"type":"Feature","geometry":{"type":"Polygon","coordinates":[[[29.3635,-22.194],[29.1295,-22.2135],[28.694,-22.536],[28.2115,-22.694],[27.758,-23.1975],[27.3115,-23.425],[26.9875,-23.7045],[26.8365,-24.241],[26.3975,-24.614],[25.9115,-24.748],[25.5835,-25.6055],[25.4435,-25.715],[24.7485,-25.817],[23.895,-25.6],[23.521,-25.345],[23.265,-25.267],[22.88,-25.458],[22.639,-26.0705],[22.2175,-26.3885],[22.0915,-26.5795],[21.645,-26.8535],[20.7415,-26.8485],[20.6265,-26.444],[20.8135,-26.1645],[20.792,-25.916],[20.3455,-25.029],[19.982,-24.7775],[19.982,-26.975],[19.982,-28.4505],[19.6725,-28.5045],[19.273,-28.777],[19.2475,-28.902],[18.5995,-28.855],[18.3115,-28.8865],[17.4475,-28.699],[17.3865,-28.3535],[17.055,-28.0305],[16.933,-28.069],[16.724,-28.475],[16.447,-28.6175],[16.7385,-29.0095],[16.951,-29.404],[17.1885,-30.1],[17.678,-31.0185],[18.211,-31.742],[18.3115,-32.1225],[18.2505,-32.652],[17.851,-32.827],[17.8795,-32.961],[18.261,-33.421],[18.4665,-33.888],[18.351,-34.188],[18.463,-34.346],[18.535,-34.086],[18.8085,-34.1085],[18.83,-34.3635],[19.1,-34.3495],[19.6365,-34.754],[20.0215,-34.7855],[20.529,-34.4625],[21.0585,-34.3655],[21.789,-34.372],[22.2465,-34.0685],[22.5525,-34.0095],[23.269,-34.0805],[23.5855,-33.985],[24.8275,-34.169],[25.004,-33.973],[25.6375,-34.011],[25.652,-33.8495],[25.9905,-33.711],[26.4295,-33.7595],[27.0775,-33.5215],[27.859,-33.0545],[28.856,-32.294],[29.126,-32.0025],[29.7345,-31.4695],[29.972,-31.322],[30.289,-30.9695],[31.0235,-29.9005],[31.3365,-29.378],[31.7795,-28.937],[32.287,-28.621],[32.5355,-28.199],[32.6575,-27.607],[32.8845,-26.85],[32.114,-26.8395],[31.9955,-26.817],[31.9595,-27.3065],[31.4695,-27.2965],[31.063,-27.1125],[30.793,-26.765],[30.8035,-26.4125],[31.207,-25.8435],[31.4155,-25.746],[31.9485,-25.958],[31.9845,-25.6315],[31.9845,-24.4615],[31.801,-23.892],[31.5455,-23.4825],[31.531,-23.279],[31.286,-22.4025],[31.0735,-22.307],[30.4615,-22.3295],[29.6625,-22.1455],[29.3635,-22.194]],[[28.7375,-30.1015],[28.3915,-30.147],[28.0175,-30.6415],[27.7545,-30.6],[27.3875,-30.315],[27.0525,-29.664],[27.2935,-29.52],[27.7365,-28.9405],[28.2335,-28.7005],[28.6255,-28.581],[28.9535,-28.8815],[29.3025,-29.0895],[29.3925,-29.27],[29.0975,-29.9195],[28.7375,-30.1015]]]},"properties":{"name":"South Africa"},"id":"ZAF"},{"type":"Feature","geometry":{"type":"Polygon","coordinates":[[[30.397,-15.6425],[30.2315,-14.99],[30.674,-14.8195],[31.729,-14.4965],[33.2015,-14.014],[33.0105,-14.0245],[32.672,-13.6095],[32.9675,-13.224],[33.0215,-12.6305],[33.3995,-12.49],[33.2515,-12.113],[33.302,-11.8875],[33.2265,-11.535],[33.3815,-11.1585],[33.2625,-10.893],[33.6585,-10.5905],[33.529,-10.235],[33.313,-10.0385],[33.3525,-9.8615],[33.194,-9.6255],[32.996,-9.622],[32.9205,-9.407],[32.4345,-9.157],[31.9415,-9.0545],[31.675,-8.9085],[31.351,-8.6065],[31.0775,-8.6115],[30.829,-8.386],[30.7495,-8.1935],[28.8995,-8.485],[28.9175,-8.7],[28.6795,-9.0145],[28.399,-9.2245],[28.6295,-9.832],[28.64,-10.669],[28.543,-10.8025],[28.3555,-11.483],[28.4815,-11.813],[29.065,-12.3495],[29.4285,-12.431],[29.558,-12.2015],[29.7955,-12.155],[29.7955,-13.3925],[29.5545,-13.2485],[29.2015,-13.398],[29.0145,-13.3685],[28.6725,-12.8615],[28.55,-12.8355],[28.3595,-12.481],[27.535,-12.195],[27.1965,-11.6045],[27.0455,-11.6165],[26.948,-11.8995],[26.5955,-11.9725],[26.0265,-11.891],[25.3495,-11.6235],[25.321,-11.2365],[24.3345,-11.372],[24.32,-11.0715],[23.967,-10.872],[24.0465,-11.405],[23.971,-11.636],[23.9925,-12.422],[23.881,-12.799],[23.9635,-12.988],[21.98,-13.0005],[21.98,-14.12],[21.98,-15.955],[22.041,-16.2625],[22.149,-16.5975],[22.304,-16.6895],[23.3805,-17.6405],[24.273,-17.481],[24.932,-17.5435],[25.2595,-17.7935],[25.6415,-17.8245],[25.8645,-17.9515],[26.3325,-17.929],[26.779,-18.0415],[27.02,-17.9585],[27.4375,-17.512],[27.931,-16.896],[28.399,-16.6635],[28.759,-16.5315],[28.8345,-16.4235],[28.874,-16.0365],[29.486,-15.6965],[29.731,-15.644],[30.397,-15.6425]]]},"properties":{"name":"Zambia"},"id":"ZMB"},{"type":"Feature","geometry":{"type":"Polygon","coordinates":[[[31.286,-22.4025],[31.43,-22.2985],[32.3695,-21.335],[32.4775,-20.7135],[32.672,-20.5155],[33.007,-19.873],[32.7765,-19.389],[32.827,-19.059],[32.7225,-18.828],[32.899,-18.689],[32.996,-18.3125],[32.953,-17.7655],[32.971,-17.252],[32.8775,-16.8835],[32.9495,-16.712],[32.7405,-16.677],[32.636,-16.5885],[32.4525,-16.5155],[32.2435,-16.448],[31.9415,-16.429],[31.6895,-16.2135],[31.2355,-16.0245],[30.4365,-15.995],[30.397,-15.6425],[29.731,-15.644],[29.486,-15.6965],[28.874,-16.0365],[28.8345,-16.4235],[28.759,-16.5315],[28.399,-16.6635],[27.931,-16.896],[27.4375,-17.512],[27.02,-17.9585],[26.779,-18.0415],[26.3325,-17.929],[25.8645,-17.9515],[25.6415,-17.8245],[25.2595,-17.7935],[25.2235,-17.915],[25.49,-18.3505],[25.76,-18.6495],[26.167,-19.538],[26.678,-19.892],[27.2215,-20.1455],[27.2795,-20.479],[27.7005,-20.531],[27.668,-21.064],[28.046,-21.5725],[28.9895,-21.781],[29.108,-22.0655],[29.3635,-22.194],[29.6625,-22.1455],[30.4615,-22.3295],[31.0735,-22.307],[31.286,-22.4025]]]},"properties":{"name":"Zimbabwe"},"id":"ZWE"}]}